metadata_has_creator,metadata_has_producer,metadata_modification_gap_days,metadata_large_date_gap,metadata_xmp_present,metadata_font_count,metadata_unique_font_count,metadata_font_mismatch,metadata_object_stream_anomaly,ela_mean,ela_std,ela_max,ela_high_fraction,noise_std,noise_local_variance,noise_edge_ratio,font_layout_unique_fonts,font_layout_font_diversity,font_layout_spacing_irregularity,font_layout_baseline_drift,font_layout_font_mismatch,ocr_word_count,ocr_suspicious_token_ratio,ocr_text_available,ocr_copy_paste_artifact,hash_available,hash_distance,hash_mismatch,label,provenance,tamper_type,filename
0.0,0.0,0.0,0.0,0.0,0.0,0.0,0.0,0.0,1.4769320487976074,1.2391506433486938,14.0,0.0,9.863189697265625,2183.640869140625,0.19858805338541666,0.0,0.0,0.0,0.8823922171993501,0.0,0.0,0.0,0.0,0.0,0.0,0.0,0.0,0,KAGGLE_CASIA_2_0,none_authentic,Au_arc_30007.jpg
0.0,0.0,0.0,0.0,0.0,0.0,0.0,0.0,0.0,0.0629068985581398,0.2666376233100891,4.0,0.0,1.4628784656524658,49.295806884765625,0.0018310546875,0.0,0.0,0.0,0.0,0.0,0.0,0.0,0.0,0.0,0.0,0.0,0.0,0,KAGGLE_CASIA_2_0,none_authentic,Au_arc_30076.jpg
0.0,0.0,0.0,0.0,0.0,0.0,0.0,0.0,0.0,1.7843389511108398,1.6075979471206665,15.666666984558105,0.0,12.899958610534668,3917.062255859375,0.20859781901041666,0.0,0.0,0.0,2.7369841148944043,0.0,0.0,0.0,0.0,0.0,0.0,0.0,0.0,1,KAGGLE_CASIA_2_0,splicing_or_copymove,Tp_S_NNN_S_N_art00099_art00099_01002.tif
0.0,0.0,0.0,0.0,0.0,0.0,0.0,0.0,0.0,1.1985337734222412,1.045638918876648,12.666666984558105,0.0,6.883462905883789,988.369873046875,0.13307698567708334,0.0,0.0,0.0,1.2688402403595005,0.0,0.0,0.0,0.0,0.0,0.0,0.0,0.0,0,KAGGLE_CASIA_2_0,none_authentic,Au_sec_30536.jpg
0.0,0.0,0.0,0.0,0.0,0.0,0.0,0.0,0.0,0.9253390431404114,0.9497886896133423,10.333333015441895,0.0,10.420537948608398,2537.081787109375,0.20507282772476143,0.0,0.0,0.0,0.1428261375083551,0.0,0.0,0.0,0.0,0.0,0.0,0.0,0.0,1,KAGGLE_CASIA_2_0,splicing_or_copymove,Tp_S_NRN_S_N_sec20037_sec20037_01627.tif
0.0,0.0,0.0,0.0,0.0,0.0,0.0,0.0,0.0,0.1912740021944046,0.40616968274116516,3.6666667461395264,0.0,4.569735050201416,502.907470703125,0.060089111328125,0.0,0.0,0.0,0.0,0.0,0.0,0.0,0.0,0.0,0.0,0.0,0.0,0,KAGGLE_CASIA_2_0,none_authentic,Au_art_00019.jpg
0.0,0.0,0.0,0.0,0.0,0.0,0.0,0.0,0.0,1.2842949628829956,1.275839924812317,14.0,0.0,8.646440505981445,1776.9769287109375,0.17359415690104166,0.0,0.0,0.0,0.0,0.0,0.0,0.0,0.0,0.0,0.0,0.0,0.0,0,KAGGLE_CASIA_2_0,none_authentic,Au_nat_30528.jpg
0.0,0.0,0.0,0.0,0.0,0.0,0.0,0.0,0.0,1.1530355215072632,1.1721678972244263,17.33333396911621,0.0,6.667969703674316,953.7697143554688,0.1995849609375,0.0,0.0,0.0,14.158185437266775,0.0,0.0,0.0,0.0,0.0,0.0,0.0,0.0,1,KAGGLE_CASIA_2_0,splicing_or_copymove,Tp_D_NNN_S_B_cha00081_cha00065_00401.tif
0.0,0.0,0.0,0.0,0.0,0.0,0.0,0.0,0.0,1.540279746055603,1.210048794746399,13.0,0.0,10.10097599029541,2283.499755859375,0.15313720703125,0.0,0.0,0.0,0.0,0.0,0.0,0.0,0.0,0.0,0.0,0.0,0.0,1,KAGGLE_CASIA_2_0,splicing_or_copymove,Tp_D_NRN_S_B_cha00036_cha00070_11738.jpg
0.0,0.0,0.0,0.0,0.0,0.0,0.0,0.0,0.0,1.3888076543807983,1.2029105424880981,12.0,0.0,9.55458927154541,1996.0426025390625,0.22101847330729166,0.0,0.0,0.0,22.715845508987968,0.0,0.0,0.0,0.0,0.0,0.0,0.0,0.0,0,KAGGLE_CASIA_2_0,none_authentic,Au_ani_30255.jpg
0.0,0.0,0.0,0.0,0.0,0.0,0.0,0.0,0.0,1.7060309648513794,1.2150263786315918,12.666666984558105,0.0,8.145812034606934,1613.7586669921875,0.2639363606770833,0.0,0.0,0.0,0.0,0.0,0.0,0.0,0.0,0.0,0.0,0.0,0.0,0,KAGGLE_CASIA_2_0,none_authentic,Au_ani_30447.jpg
0.0,0.0,0.0,0.0,0.0,0.0,0.0,0.0,0.0,1.022060751914978,1.1835402250289917,13.333333015441895,0.0,7.249220371246338,1271.8516845703125,0.11424763997395833,0.0,0.0,0.0,0.13999999999999999,0.0,0.0,0.0,0.0,0.0,0.0,0.0,0.0,0,KAGGLE_CASIA_2_0,none_authentic,Au_nat_30050.jpg
0.0,0.0,0.0,0.0,0.0,0.0,0.0,0.0,0.0,1.2296210527420044,1.0973957777023315,15.666666984558105,0.0,8.222092628479004,1456.5557861328125,0.179412841796875,0.0,0.0,0.0,26.208521066302655,0.0,0.0,0.0,0.0,0.0,0.0,0.0,0.0,0,KAGGLE_CASIA_2_0,none_authentic,Au_ani_30530.jpg
0.0,0.0,0.0,0.0,0.0,0.0,0.0,0.0,0.0,2.3099653720855713,2.412667751312256,34.0,0.0011270780501549732,8.628911018371582,1472.277587890625,0.13554522400676247,0.0,0.0,0.0,39.764704399458715,0.0,0.0,0.0,0.0,0.0,0.0,0.0,0.0,0,KAGGLE_CASIA_2_0,none_authentic,Au_art_10008.jpg
0.0,0.0,0.0,0.0,0.0,0.0,0.0,0.0,0.0,0.0500217042863369,0.2052072435617447,3.3333332538604736,0.0,3.176161766052246,218.43309020996094,0.017567952473958332,0.0,0.0,0.0,35.07715448305663,0.0,0.0,0.0,0.0,0.0,0.0,0.0,0.0,0,KAGGLE_CASIA_2_0,none_authentic,Au_ind_30090.jpg
0.0,0.0,0.0,0.0,0.0,0.0,0.0,0.0,0.0,0.065717913210392,0.2334374636411667,2.3333332538604736,0.0,4.185737133026123,331.1492919921875,0.06451416015625,0.0,0.0,0.0,6.5893512710289155,0.0,0.0,0.0,0.0,0.0,0.0,0.0,0.0,0,KAGGLE_CASIA_2_0,none_authentic,Au_art_00017.jpg
0.0,0.0,0.0,0.0,0.0,0.0,0.0,0.0,0.0,1.9116144180297852,1.6877788305282593,23.33333396911621,8.138020833333333e-05,21.308130264282227,10998.9677734375,0.2572835286458333,0.0,0.0,0.0,7.5175048827166435,0.0,0.0,0.0,0.0,0.0,0.0,0.0,0.0,1,KAGGLE_CASIA_2_0,splicing_or_copymove,Tp_S_NRN_M_N_nat00075_nat00075_11101.jpg
0.0,0.0,0.0,0.0,0.0,0.0,0.0,0.0,0.0,2.099463701248169,1.6358293294906616,18.33333396911621,1.0172526041666666e-05,8.986586570739746,1935.3355712890625,0.2533060709635417,0.0,0.0,0.0,1.1057292495118702,0.0,0.0,0.0,0.0,0.0,0.0,0.0,0.0,1,KAGGLE_CASIA_2_0,splicing_or_copymove,Tp_S_CNN_M_N_cha00017_cha00017_10313.tif
0.0,0.0,0.0,0.0,0.0,0.0,0.0,0.0,0.0,1.778406023979187,1.1938867568969727,23.66666603088379,2.2786458333333334e-05,9.71996784210205,1769.4383544921875,0.08962565104166667,0.0,0.0,0.0,74.52395690689823,0.0,0.0,0.0,0.0,0.0,0.0,0.0,0.0,1,KAGGLE_CASIA_2_0,splicing_or_copymove,Tp_S_NNN_S_N_ani20013_ani20013_02056.tif
0.0,0.0,0.0,0.0,0.0,0.0,0.0,0.0,0.0,2.1825459003448486,1.7844822406768799,15.666666984558105,0.0,15.112495422363281,6080.19873046875,0.2737019856770833,0.0,0.0,0.0,0.0,0.0,0.0,0.0,0.0,0.0,0.0,0.0,0.0,0,KAGGLE_CASIA_2_0,none_authentic,Au_nat_30443.jpg
0.0,0.0,0.0,0.0,0.0,0.0,0.0,0.0,0.0,1.0756429433822632,1.0265370607376099,15.333333015441895,0.0,8.251276016235352,1440.9722900390625,0.248443603515625,0.0,0.0,0.0,22.63233273896221,0.0,0.0,0.0,0.0,0.0,0.0,0.0,0.0,1,KAGGLE_CASIA_2_0,splicing_or_copymove,Tp_S_CNN_S_N_art00032_art00032_10467.tif
0.0,0.0,0.0,0.0,0.0,0.0,0.0,0.0,0.0,1.4053479433059692,1.4946244955062866,17.0,0.0,11.810495376586914,3565.900390625,0.14250691731770834,0.0,0.0,0.0,25.292388925073492,0.0,0.0,0.0,0.0,0.0,0.0,0.0,0.0,0,KAGGLE_CASIA_2_0,none_authentic,Au_sec_30488.jpg
0.0,0.0,0.0,0.0,0.0,0.0,0.0,0.0,0.0,0.7326762080192566,1.1508992910385132,16.33333396911621,0.0,12.135680198669434,3257.732666015625,0.245208740234375,0.0,0.0,0.0,2.743242101798697,0.0,0.0,0.0,0.0,0.0,0.0,0.0,0.0,1,KAGGLE_CASIA_2_0,splicing_or_copymove,Tp_S_CRN_S_N_art00016_art00016_10274.tif
0.0,0.0,0.0,0.0,0.0,0.0,0.0,0.0,0.0,1.3146125078201294,1.2694891691207886,18.33333396911621,1.0172526041666666e-05,8.359702110290527,1485.0023193359375,0.1390380859375,0.0,0.0,0.0,13.873435847771171,0.0,0.0,0.0,0.0,0.0,0.0,0.0,0.0,1,KAGGLE_CASIA_2_0,splicing_or_copymove,Tp_D_NNN_M_B_sec00036_nat00035_20123.tif
0.0,0.0,0.0,0.0,0.0,0.0,0.0,0.0,0.0,0.6824104189872742,0.8381356000900269,11.0,0.0,4.239837169647217,386.520263671875,0.041524251302083336,0.0,0.0,0.0,0.0,0.0,0.0,0.0,0.0,0.0,0.0,0.0,0.0,0,KAGGLE_CASIA_2_0,none_authentic,Au_nat_00010.jpg
0.0,0.0,0.0,0.0,0.0,0.0,0.0,0.0,0.0,1.0349494218826294,0.8926622867584229,9.333333015441895,0.0,7.684373378753662,1151.2811279296875,0.19061279296875,0.0,0.0,0.0,4.274760840902515,0.0,0.0,0.0,0.0,0.0,0.0,0.0,0.0,0,KAGGLE_CASIA_2_0,none_authentic,Au_art_00085.jpg
0.0,0.0,0.0,0.0,0.0,0.0,0.0,0.0,0.0,1.1506822109222412,1.2606345415115356,15.0,0.0,8.736775398254395,1775.0797119140625,0.16902669270833334,0.0,0.0,0.0,0.0,0.0,0.0,0.0,0.0,0.0,0.0,0.0,0.0,0,KAGGLE_CASIA_2_0,none_authentic,Au_ani_30283.jpg
0.0,0.0,0.0,0.0,0.0,0.0,0.0,0.0,0.0,0.7651570439338684,0.8047547340393066,10.666666984558105,0.0,3.8681862354278564,344.2356872558594,0.058522542317708336,0.0,0.0,0.0,0.9604361889944559,0.0,0.0,0.0,0.0,0.0,0.0,0.0,0.0,0,KAGGLE_CASIA_2_0,none_authentic,Au_ani_30574.jpg
0.0,0.0,0.0,0.0,0.0,0.0,0.0,0.0,0.0,0.8548855185508728,0.920214056968689,18.0,0.0,4.043648719787598,315.6192932128906,0.058217366536458336,0.0,0.0,0.0,0.0,0.0,0.0,0.0,0.0,0.0,0.0,0.0,0.0,1,KAGGLE_CASIA_2_0,splicing_or_copymove,Tp_S_CNN_M_N_cha00073_cha00073_11026.jpg
0.0,0.0,0.0,0.0,0.0,0.0,0.0,0.0,0.0,0.9994540810585022,1.082858920097351,15.0,0.0,11.189077377319336,2716.516357421875,0.15187581380208334,0.0,0.0,0.0,0.4886216817150636,0.0,0.0,0.0,0.0,0.0,0.0,0.0,0.0,1,KAGGLE_CASIA_2_0,splicing_or_copymove,Tp_D_NNN_M_N_nat00073_nat00097_11103.jpg
0.0,0.0,0.0,0.0,0.0,0.0,0.0,0.0,0.0,1.621303915977478,1.5560367107391357,19.0,1.0172526041666666e-05,12.059281349182129,3569.0,0.202850341796875,0.0,0.0,0.0,27.210592819167115,0.0,0.0,0.0,0.0,0.0,0.0,0.0,0.0,0,KAGGLE_CASIA_2_0,none_authentic,Au_nat_30101.jpg
0.0,0.0,0.0,0.0,0.0,0.0,0.0,0.0,0.0,0.82902991771698,0.89239102602005,10.0,0.0,4.574469566345215,400.89886474609375,0.07380810868180854,0.0,0.0,0.0,12.304977609183448,0.0,0.0,0.0,0.0,0.0,0.0,0.0,0.0,1,KAGGLE_CASIA_2_0,splicing_or_copymove,Tp_S_NNN_S_N_ani10219_ani10219_12385.jpg
0.0,0.0,0.0,0.0,0.0,0.0,0.0,0.0,0.0,1.2292344570159912,1.2106482982635498,21.33333396911621,5.0862630208333336e-05,4.350065231323242,387.7604064941406,0.09431966145833333,0.0,0.0,0.0,3.5405426956045347,0.0,0.0,0.0,0.0,0.0,0.0,0.0,0.0,1,KAGGLE_CASIA_2_0,splicing_or_copymove,Tp_S_NNN_S_B_pla00049_pla00049_01158.tif
0.0,0.0,0.0,0.0,0.0,0.0,0.0,0.0,0.0,1.2607660293579102,1.4209543466567993,16.33333396911621,0.0,14.00224494934082,5057.1123046875,0.18830385300973537,0.0,0.0,0.0,23.90498846693547,0.0,0.0,0.0,0.0,0.0,0.0,0.0,0.0,0,KAGGLE_CASIA_2_0,none_authentic,Au_nat_10152.bmp
0.0,0.0,0.0,0.0,0.0,0.0,0.0,0.0,0.0,1.3021646738052368,1.134350299835205,11.0,0.0,7.774951934814453,1336.9140625,0.22728474934895834,0.0,0.0,0.0,0.9030811456096046,0.0,0.0,0.0,0.0,0.0,0.0,0.0,0.0,0,KAGGLE_CASIA_2_0,none_authentic,Au_nat_30522.jpg
0.0,0.0,0.0,0.0,0.0,0.0,0.0,0.0,0.0,0.7969496250152588,0.9423909783363342,9.666666984558105,0.0,4.907068252563477,538.1738891601562,0.08642578125,0.0,0.0,0.0,0.0,0.0,0.0,0.0,0.0,0.0,0.0,0.0,0.0,0,KAGGLE_CASIA_2_0,none_authentic,Au_arc_30480.jpg
0.0,0.0,0.0,0.0,0.0,0.0,0.0,0.0,0.0,1.373623251914978,1.3662859201431274,13.0,0.0,8.627965927124023,1835.7060546875,0.21645100911458334,0.0,0.0,0.0,38.28152251029793,0.0,0.0,0.0,0.0,0.0,0.0,0.0,0.0,0,KAGGLE_CASIA_2_0,none_authentic,Au_nat_30490.jpg
0.0,0.0,0.0,0.0,0.0,0.0,0.0,0.0,0.0,1.1705762147903442,0.939495861530304,11.666666984558105,0.0,6.617015838623047,897.5178833007812,0.18915812174479166,0.0,0.0,0.0,0.40946007196682477,0.0,0.0,0.0,0.0,0.0,0.0,0.0,0.0,0,KAGGLE_CASIA_2_0,none_authentic,Au_arc_30832.jpg
0.0,0.0,0.0,0.0,0.0,0.0,0.0,0.0,0.0,1.3180135488510132,1.4149439334869385,13.0,0.0,9.540717124938965,2216.860107421875,0.17229207356770834,0.0,0.0,0.0,0.0,0.0,0.0,0.0,0.0,0.0,0.0,0.0,0.0,0,KAGGLE_CASIA_2_0,none_authentic,Au_arc_30541.jpg
0.0,0.0,0.0,0.0,0.0,0.0,0.0,0.0,0.0,2.6726512908935547,2.7997992038726807,34.0,0.001220703125,7.225522994995117,1111.3209228515625,0.12711588541666666,0.0,0.0,0.0,0.21080520268869346,0.0,0.0,0.0,0.0,0.0,0.0,0.0,0.0,0,KAGGLE_CASIA_2_0,none_authentic,Au_nat_10122.JPG
0.0,0.0,0.0,0.0,0.0,0.0,0.0,0.0,0.0,1.5645650625228882,1.134116768836975,14.333333015441895,0.0,11.421807289123535,3013.669921875,0.2498779296875,0.0,0.0,0.0,27.16387031223894,0.0,0.0,0.0,0.0,0.0,0.0,0.0,0.0,1,KAGGLE_CASIA_2_0,splicing_or_copymove,Tp_S_NNN_M_N_cha00043_cha00043_11009.jpg
0.0,0.0,0.0,0.0,0.0,0.0,0.0,0.0,0.0,0.37109375,0.5961669087409973,7.0,0.0,7.55738639831543,1317.0888671875,0.09962972005208333,0.0,0.0,0.0,27.098186810099715,0.0,0.0,0.0,0.0,0.0,0.0,0.0,0.0,1,KAGGLE_CASIA_2_0,splicing_or_copymove,Tp_S_NNN_S_N_ind00042_ind00042_01332.tif
0.0,0.0,0.0,0.0,0.0,0.0,0.0,0.0,0.0,1.8261651992797852,1.519844651222229,14.0,0.0,12.785379409790039,3875.057373046875,0.2689005533854167,0.0,0.0,0.0,18.844370559108377,0.0,0.0,0.0,0.0,0.0,0.0,0.0,0.0,0,KAGGLE_CASIA_2_0,none_authentic,Au_arc_30695.jpg
0.0,0.0,0.0,0.0,0.0,0.0,0.0,0.0,0.0,1.6953396797180176,1.359643816947937,13.333333015441895,0.0,7.676882266998291,1302.5601806640625,0.18292236328125,0.0,0.0,0.0,16.753219395411836,0.0,0.0,0.0,0.0,0.0,0.0,0.0,0.0,1,KAGGLE_CASIA_2_0,splicing_or_copymove,Tp_D_NND_M_O_cha00097_txt00033_10171.tif
0.0,0.0,0.0,0.0,0.0,0.0,0.0,0.0,0.0,0.8453852534294128,1.0278594493865967,12.333333015441895,0.0,9.538534164428711,2927.33935546875,0.06390481957753001,0.0,0.0,0.0,1.8537820628401647,0.0,0.0,0.0,0.0,0.0,0.0,0.0,0.0,0,KAGGLE_CASIA_2_0,none_authentic,Au_ani_10201.jpg
0.0,0.0,0.0,0.0,0.0,0.0,0.0,0.0,0.0,0.7444966435432434,0.9007378816604614,12.666666984558105,0.0,4.1913042068481445,428.8068542480469,0.042724609375,0.0,0.0,0.0,8.709509489951515,0.0,0.0,0.0,0.0,0.0,0.0,0.0,0.0,1,KAGGLE_CASIA_2_0,splicing_or_copymove,Tp_S_NNN_S_O_art00019_art00019_20038.jpg
0.0,0.0,0.0,0.0,0.0,0.0,0.0,0.0,0.0,1.2837659120559692,1.3448086977005005,31.66666603088379,5.0862630208333336e-05,10.212937355041504,2560.15625,0.17583211263020834,0.0,0.0,0.0,2.179449471770337,0.0,0.0,0.0,0.0,0.0,0.0,0.0,0.0,1,KAGGLE_CASIA_2_0,splicing_or_copymove,Tp_D_NRN_S_N_nat00044_ani00005_11435.jpg
0.0,0.0,0.0,0.0,0.0,0.0,0.0,0.0,0.0,1.5692273378372192,1.4684205055236816,15.666666984558105,0.0,11.126001358032227,2789.870849609375,0.16945393880208334,0.0,0.0,0.0,30.47857873679061,0.0,0.0,0.0,0.0,0.0,0.0,0.0,0.0,0,KAGGLE_CASIA_2_0,none_authentic,Au_arc_30648.jpg
0.0,0.0,0.0,0.0,0.0,0.0,0.0,0.0,0.0,0.9813232421875,1.162669062614441,25.66666603088379,8.138020833333333e-05,4.330402851104736,368.0342712402344,0.07613118489583333,0.0,0.0,0.0,4.5837950278487245,0.0,0.0,0.0,0.0,0.0,0.0,0.0,0.0,1,KAGGLE_CASIA_2_0,splicing_or_copymove,Tp_D_NRN_M_N_art00034_nat10122_11872.jpg
0.0,0.0,0.0,0.0,0.0,0.0,0.0,0.0,0.0,0.8424649238586426,0.8659443855285645,14.0,0.0,2.4865918159484863,116.48872375488281,0.054088785046728975,0.0,0.0,0.0,0.0,0.0,0.0,0.0,0.0,0.0,0.0,0.0,0.0,0,KAGGLE_CASIA_2_0,none_authentic,Au_ani_20030.jpg
0.0,0.0,0.0,0.0,0.0,0.0,0.0,0.0,0.0,0.1912333220243454,0.3735807538032532,3.3333332538604736,0.0,10.63647174835205,2373.393310546875,0.20301310221354166,0.0,0.0,0.0,16.037600549332875,0.0,0.0,0.0,0.0,0.0,0.0,0.0,0.0,0,KAGGLE_CASIA_2_0,none_authentic,Au_arc_30138.jpg
0.0,0.0,0.0,0.0,0.0,0.0,0.0,0.0,0.0,1.2685343027114868,1.4506996870040894,14.666666984558105,0.0,10.18406867980957,2414.283447265625,0.13267008463541666,0.0,0.0,0.0,0.0,0.0,0.0,0.0,0.0,0.0,0.0,0.0,0.0,0,KAGGLE_CASIA_2_0,none_authentic,Au_sec_30698.jpg
0.0,0.0,0.0,0.0,0.0,0.0,0.0,0.0,0.0,1.0162523984909058,1.0732638835906982,12.666666984558105,0.0,7.096155166625977,1048.8497314453125,0.11865234375,0.0,0.0,0.0,0.0,0.0,0.0,0.0,0.0,0.0,0.0,0.0,0.0,1,KAGGLE_CASIA_2_0,splicing_or_copymove,Tp_D_NRN_S_N_cha00054_cha00086_11719.jpg
0.0,0.0,0.0,0.0,0.0,0.0,0.0,0.0,0.0,2.422565221786499,1.9340814352035522,25.0,5.791505791505791e-05,8.377958297729492,1592.3035888671875,0.13230453667953668,0.0,0.0,0.0,2.8654549317099542,0.0,0.0,0.0,0.0,0.0,0.0,0.0,0.0,1,KAGGLE_CASIA_2_0,splicing_or_copymove,Tp_S_NNN_S_N_cha20004_cha20004_02003.tif
0.0,0.0,0.0,0.0,0.0,0.0,0.0,0.0,0.0,0.9717543125152588,0.8885553479194641,9.666666984558105,0.0,5.858453273773193,722.9619140625,0.10697428385416667,0.0,0.0,0.0,0.0,0.0,0.0,0.0,0.0,0.0,0.0,0.0,0.0,1,KAGGLE_CASIA_2_0,splicing_or_copymove,Tp_S_NRN_M_N_nat00020_nat00020_11045.jpg
0.0,0.0,0.0,0.0,0.0,0.0,0.0,0.0,0.0,0.7842584848403931,0.9540494680404663,12.666666984558105,0.0,6.191471099853516,715.5911865234375,0.07147521865889213,0.0,0.0,0.0,22.302078738301113,0.0,0.0,0.0,0.0,0.0,0.0,0.0,0.0,1,KAGGLE_CASIA_2_0,splicing_or_copymove,Tp_S_NNN_S_N_ind20064_ind20064_01805.tif
0.0,0.0,0.0,0.0,0.0,0.0,0.0,0.0,0.0,0.8910591006278992,0.9475897550582886,14.0,0.0,5.750319004058838,741.853515625,0.10619099934895833,0.0,0.0,0.0,19.990840462151322,0.0,0.0,0.0,0.0,0.0,0.0,0.0,0.0,0,KAGGLE_CASIA_2_0,none_authentic,Au_pla_30608.jpg
0.0,0.0,0.0,0.0,0.0,0.0,0.0,0.0,0.0,0.8988444209098816,1.1758781671524048,12.666666984558105,0.0,7.086986064910889,1133.646728515625,0.106292724609375,0.0,0.0,0.0,1.1247165175714098,0.0,0.0,0.0,0.0,0.0,0.0,0.0,0.0,0,KAGGLE_CASIA_2_0,none_authentic,Au_nat_30309.jpg
0.0,0.0,0.0,0.0,0.0,0.0,0.0,0.0,0.0,1.472018837928772,0.9538974761962891,12.0,0.0,6.436185359954834,894.7820434570312,0.196136474609375,0.0,0.0,0.0,8.967162315916893,0.0,0.0,0.0,0.0,0.0,0.0,0.0,0.0,1,KAGGLE_CASIA_2_0,splicing_or_copymove,Tp_D_NNN_S_N_ani10114_ani10112_11627.jpg
0.0,0.0,0.0,0.0,0.0,0.0,0.0,0.0,0.0,1.4995251893997192,1.302490234375,14.333333015441895,0.0,12.960918426513672,3581.556640625,0.226165771484375,0.0,0.0,0.0,16.58830982000005,0.0,0.0,0.0,0.0,0.0,0.0,0.0,0.0,1,KAGGLE_CASIA_2_0,splicing_or_copymove,Tp_S_CNN_S_N_sec00087_sec00087_11122.jpg
0.0,0.0,0.0,0.0,0.0,0.0,0.0,0.0,0.0,8.226861000061035,5.047974109649658,48.66666793823242,0.048927119765573304,21.29525375366211,11846.60546875,0.33992500866496517,0.0,0.0,0.0,16.35656854580363,0.0,0.0,0.0,0.0,0.0,0.0,0.0,0.0,1,KAGGLE_CASIA_2_0,splicing_or_copymove,Tp_S_NNN_S_N_pla20077_pla20077_02360.tif
0.0,0.0,0.0,0.0,0.0,0.0,0.0,0.0,0.0,0.979322612285614,0.8246753811836243,13.0,0.0,4.919981002807617,503.8588562011719,0.15321858723958334,0.0,0.0,0.0,23.230793110023384,0.0,0.0,0.0,0.0,0.0,0.0,0.0,0.0,0,KAGGLE_CASIA_2_0,none_authentic,Au_cha_30700.jpg
0.0,0.0,0.0,0.0,0.0,0.0,0.0,0.0,0.0,0.8744040131568909,0.7985252141952515,11.333333015441895,0.0,6.60894250869751,886.7149658203125,0.16682535130484658,0.0,0.0,0.0,6.782118408140691,0.0,0.0,0.0,0.0,0.0,0.0,0.0,0.0,1,KAGGLE_CASIA_2_0,splicing_or_copymove,Tp_S_NRN_S_N_art20016_art20016_01822.tif
0.0,0.0,0.0,0.0,0.0,0.0,0.0,0.0,0.0,2.320321798324585,1.7920966148376465,25.33333396911621,9.714285714285714e-05,4.153391361236572,364.40228271484375,0.10498857142857143,0.0,0.0,0.0,18.86801482591835,0.0,0.0,0.0,0.0,0.0,0.0,0.0,0.0,0,KAGGLE_CASIA_2_0,none_authentic,Au_pla_20028.jpg
0.0,0.0,0.0,0.0,0.0,0.0,0.0,0.0,0.0,1.3241270780563354,1.0004101991653442,11.0,0.0,6.403616428375244,929.00830078125,0.18366495768229166,0.0,0.0,0.0,0.11249954342810412,0.0,0.0,0.0,0.0,0.0,0.0,0.0,0.0,0,KAGGLE_CASIA_2_0,none_authentic,Au_nat_30725.jpg
0.0,0.0,0.0,0.0,0.0,0.0,0.0,0.0,0.0,1.20758056640625,1.2366834878921509,14.666666984558105,0.0,7.235253810882568,927.30419921875,0.11747233072916667,0.0,0.0,0.0,11.214863038203399,0.0,0.0,0.0,0.0,0.0,0.0,0.0,0.0,1,KAGGLE_CASIA_2_0,splicing_or_copymove,Tp_S_CNN_M_N_art00024_art00024_10553.tif
0.0,0.0,0.0,0.0,0.0,0.0,0.0,0.0,0.0,3.315263509750366,2.49786114692688,35.33333206176758,0.00146484375,8.57730770111084,1564.6044921875,0.2657572428385417,0.0,0.0,0.0,2.9297326385411577,0.0,0.0,0.0,0.0,0.0,0.0,0.0,0.0,1,KAGGLE_CASIA_2_0,splicing_or_copymove,Tp_D_NRN_M_N_nat10110_cha00031_11367.jpg
0.0,0.0,0.0,0.0,0.0,0.0,0.0,0.0,0.0,2.363701581954956,1.8805334568023682,22.0,9.1552734375e-05,11.675064086914062,3193.175048828125,0.23127237955729166,0.0,0.0,0.0,33.565413170190666,0.0,0.0,0.0,0.0,0.0,0.0,0.0,0.0,1,KAGGLE_CASIA_2_0,splicing_or_copymove,Tp_D_CRN_M_N_pla00010_pla00020_10001.tif
0.0,0.0,0.0,0.0,0.0,0.0,0.0,0.0,0.0,2.1704673767089844,1.6857609748840332,17.66666603088379,0.0,8.94102954864502,1556.4862060546875,0.1740757722007722,0.0,0.0,0.0,1.7038335366794657,0.0,0.0,0.0,0.0,0.0,0.0,0.0,0.0,1,KAGGLE_CASIA_2_0,splicing_or_copymove,Tp_S_NNN_S_N_arc20021_arc20021_02166.tif
0.0,0.0,0.0,0.0,0.0,0.0,0.0,0.0,0.0,2.292731523513794,1.7619426250457764,15.0,0.0,16.07893180847168,6488.35302734375,0.3131815592447917,0.0,0.0,0.0,2.049901512438109,0.0,0.0,0.0,0.0,0.0,0.0,0.0,0.0,0,KAGGLE_CASIA_2_0,none_authentic,Au_txt_30019.jpg
0.0,0.0,0.0,0.0,0.0,0.0,0.0,0.0,0.0,1.3137987852096558,0.9875901937484741,10.333333015441895,0.0,6.853926181793213,978.2868041992188,0.2501729329427083,0.0,0.0,0.0,26.28928571129076,0.0,0.0,0.0,0.0,0.0,0.0,0.0,0.0,0,KAGGLE_CASIA_2_0,none_authentic,Au_pla_30541.jpg
0.0,0.0,0.0,0.0,0.0,0.0,0.0,0.0,0.0,0.8421834111213684,1.160108208656311,23.0,6.103515625e-05,8.092889785766602,1398.5238037109375,0.1793212890625,0.0,0.0,0.0,14.239368656560508,0.0,0.0,0.0,0.0,0.0,0.0,0.0,0.0,1,KAGGLE_CASIA_2_0,splicing_or_copymove,Tp_D_NRN_S_B_sec00083_ani00070_00722.tif
0.0,0.0,0.0,0.0,0.0,0.0,0.0,0.0,0.0,1.1188387870788574,1.347275733947754,25.0,8.138020833333333e-05,10.084977149963379,2371.830322265625,0.17765299479166666,0.0,0.0,0.0,3.570714214271425,0.0,0.0,0.0,0.0,0.0,0.0,0.0,0.0,1,KAGGLE_CASIA_2_0,splicing_or_copymove,Tp_D_NRN_S_N_nat00076_nat00086_10081.tif
0.0,0.0,0.0,0.0,0.0,0.0,0.0,0.0,0.0,1.9447122812271118,1.7615278959274292,28.66666603088379,0.0004679361979166667,8.955249786376953,1804.5296630859375,0.17619832356770834,0.0,0.0,0.0,32.94783756181884,0.0,0.0,0.0,0.0,0.0,0.0,0.0,0.0,1,KAGGLE_CASIA_2_0,splicing_or_copymove,Tp_D_NRN_M_N_cha00024_txt00098_10324.tif
0.0,0.0,0.0,0.0,0.0,0.0,0.0,0.0,0.0,1.1161752939224243,0.8960381150245667,11.0,0.0,2.6576390266418457,134.28335571289062,0.08001817447495961,0.0,0.0,0.0,2.818341194996224,0.0,0.0,0.0,0.0,0.0,0.0,0.0,0.0,0,KAGGLE_CASIA_2_0,none_authentic,Au_ani_20033.jpg
0.0,0.0,0.0,0.0,0.0,0.0,0.0,0.0,0.0,0.8886787295341492,1.1966317892074585,14.0,0.0,7.985396385192871,1371.09814453125,0.09508260091145833,0.0,0.0,0.0,0.0,0.0,0.0,0.0,0.0,0.0,0.0,0.0,0.0,0,KAGGLE_CASIA_2_0,none_authentic,Au_arc_30582.jpg
0.0,0.0,0.0,0.0,0.0,0.0,0.0,0.0,0.0,1.7186177968978882,1.4537739753723145,15.0,0.0,9.230942726135254,1956.29443359375,0.26129150390625,0.0,0.0,0.0,0.0,0.0,0.0,0.0,0.0,0.0,0.0,0.0,0.0,1,KAGGLE_CASIA_2_0,splicing_or_copymove,Tp_S_NND_M_N_ani00002_ani00002_00122.tif
0.0,0.0,0.0,0.0,0.0,0.0,0.0,0.0,0.0,0.2608676552772522,0.5227341651916504,7.0,0.0,9.44848346710205,2201.416748046875,0.153472900390625,0.0,0.0,0.0,3.4664426991483905,0.0,0.0,0.0,0.0,0.0,0.0,0.0,0.0,0,KAGGLE_CASIA_2_0,none_authentic,Au_art_30361.jpg
0.0,0.0,0.0,0.0,0.0,0.0,0.0,0.0,0.0,0.3573065996170044,0.5948659181594849,5.0,0.0,7.181024551391602,1149.5032958984375,0.10817464192708333,0.0,0.0,0.0,0.0,0.0,0.0,0.0,0.0,0.0,0.0,0.0,0.0,0,KAGGLE_CASIA_2_0,none_authentic,Au_art_30390.jpg
0.0,0.0,0.0,0.0,0.0,0.0,0.0,0.0,0.0,1.1082525253295898,0.9992939233779907,12.666666984558105,0.0,4.673694610595703,422.7115478515625,0.097015380859375,0.0,0.0,0.0,0.0,0.0,0.0,0.0,0.0,0.0,0.0,0.0,0.0,1,KAGGLE_CASIA_2_0,splicing_or_copymove,Tp_S_CNN_M_N_nat00068_nat00068_10568.jpg
0.0,0.0,0.0,0.0,0.0,0.0,0.0,0.0,0.0,1.0852354764938354,1.0202382802963257,18.66666603088379,5.865102639296188e-06,7.233224391937256,1052.8370361328125,0.1578533724340176,0.0,0.0,0.0,0.7143949263560909,0.0,0.0,0.0,0.0,0.0,0.0,0.0,0.0,1,KAGGLE_CASIA_2_0,splicing_or_copymove,Tp_S_NRN_S_N_sec20020_sec20020_01610.tif
0.0,0.0,0.0,0.0,0.0,0.0,0.0,0.0,0.0,1.3660210371017456,1.1776096820831299,15.0,0.0,7.995849132537842,1591.9964599609375,0.16982014973958334,0.0,0.0,0.0,8.31233965548835,0.0,0.0,0.0,0.0,0.0,0.0,0.0,0.0,0,KAGGLE_CASIA_2_0,none_authentic,Au_pla_30258.jpg
0.0,0.0,0.0,0.0,0.0,0.0,0.0,0.0,0.0,1.9409891366958618,1.8095817565917969,15.666666984558105,0.0,16.513927459716797,6674.4453125,0.2598063151041667,0.0,0.0,0.0,1.875963612353798,0.0,0.0,0.0,0.0,0.0,0.0,0.0,0.0,0,KAGGLE_CASIA_2_0,none_authentic,Au_arc_30410.jpg
0.0,0.0,0.0,0.0,0.0,0.0,0.0,0.0,0.0,0.0570509247481823,0.24253110587596893,3.3333332538604736,0.0,8.432909965515137,1709.1328125,0.14109293619791666,0.0,0.0,0.0,1.8746650401901903,0.0,0.0,0.0,0.0,0.0,0.0,0.0,0.0,0,KAGGLE_CASIA_2_0,none_authentic,Au_sec_30203.jpg
0.0,0.0,0.0,0.0,0.0,0.0,0.0,0.0,0.0,0.6318604350090027,0.8412604928016663,11.0,0.0,2.670992136001587,131.39044189453125,0.037425068119891006,0.0,0.0,0.0,31.388267447142308,0.0,0.0,0.0,0.0,0.0,0.0,0.0,0.0,0,KAGGLE_CASIA_2_0,none_authentic,Au_nat_20068.jpg
0.0,0.0,0.0,0.0,0.0,0.0,0.0,0.0,0.0,1.4435186386108398,1.2768640518188477,11.333333015441895,0.0,8.729572296142578,1847.9453125,0.20221964518229166,0.0,0.0,0.0,16.98639817348261,0.0,0.0,0.0,0.0,0.0,0.0,0.0,0.0,0,KAGGLE_CASIA_2_0,none_authentic,Au_nat_30227.jpg
0.0,0.0,0.0,0.0,0.0,0.0,0.0,0.0,0.0,1.3398572206497192,1.690765619277954,17.0,0.0,11.302572250366211,3243.078369140625,0.14784749348958334,0.0,0.0,0.0,5.411106491457329,0.0,0.0,0.0,0.0,0.0,0.0,0.0,0.0,1,KAGGLE_CASIA_2_0,splicing_or_copymove,Tp_S_CNN_S_B_arc00092_arc00092_01042.tif
0.0,0.0,0.0,0.0,0.0,0.0,0.0,0.0,0.0,1.4043986797332764,1.5056793689727783,27.33333396911621,0.00013317892298784017,10.28269100189209,2400.273193359375,0.14171974522292993,0.0,0.0,0.0,7.186984231716302,0.0,0.0,0.0,0.0,0.0,0.0,0.0,0.0,1,KAGGLE_CASIA_2_0,splicing_or_copymove,Tp_S_NNN_S_N_nat20036_nat20036_01540.tif
0.0,0.0,0.0,0.0,0.0,0.0,0.0,0.0,0.0,1.5809732675552368,1.2960532903671265,14.333333015441895,0.0,10.928094863891602,2634.488525390625,0.21422322591145834,0.0,0.0,0.0,32.77395222496738,0.0,0.0,0.0,0.0,0.0,0.0,0.0,0.0,0,KAGGLE_CASIA_2_0,none_authentic,Au_sec_30294.jpg
0.0,0.0,0.0,0.0,0.0,0.0,0.0,0.0,0.0,1.135769248008728,0.9758188128471375,11.666666984558105,0.0,7.167949676513672,1121.5419921875,0.17695109049479166,0.0,0.0,0.0,20.168000988915313,0.0,0.0,0.0,0.0,0.0,0.0,0.0,0.0,0,KAGGLE_CASIA_2_0,none_authentic,Au_ani_30619.jpg
0.0,0.0,0.0,0.0,0.0,0.0,0.0,0.0,0.0,0.5461764931678772,0.7712141275405884,15.333333015441895,0.0,9.715726852416992,1938.8372802734375,0.136688232421875,0.0,0.0,0.0,15.037237515937779,0.0,0.0,0.0,0.0,0.0,0.0,0.0,0.0,1,KAGGLE_CASIA_2_0,splicing_or_copymove,Tp_S_NNN_S_N_arc00029_arc00029_00249.tif
0.0,0.0,0.0,0.0,0.0,0.0,0.0,0.0,0.0,0.2216220498085022,0.42462027072906494,4.333333492279053,0.0,11.771374702453613,3244.1484375,0.23258463541666666,0.0,0.0,0.0,27.845261216249877,0.0,0.0,0.0,0.0,0.0,0.0,0.0,0.0,0,KAGGLE_CASIA_2_0,none_authentic,Au_sec_30564.jpg
0.0,0.0,0.0,0.0,0.0,0.0,0.0,0.0,0.0,1.4768915176391602,1.3743305206298828,14.0,0.0,11.528852462768555,3039.834716796875,0.16193644205729166,0.0,0.0,0.0,17.79818839669031,0.0,0.0,0.0,0.0,0.0,0.0,0.0,0.0,0,KAGGLE_CASIA_2_0,none_authentic,Au_cha_30124.jpg
0.0,0.0,0.0,0.0,0.0,0.0,0.0,0.0,0.0,1.0174717903137207,0.9519023895263672,15.0,0.0,10.07421875,2424.498779296875,0.21959452886355235,0.0,0.0,0.0,11.344977797083851,0.0,0.0,0.0,0.0,0.0,0.0,0.0,0.0,1,KAGGLE_CASIA_2_0,splicing_or_copymove,Tp_S_NNN_S_N_nat20044_nat20044_01548.tif
0.0,0.0,0.0,0.0,0.0,0.0,0.0,0.0,0.0,2.354956865310669,1.9313781261444092,16.0,0.0,18.19567108154297,8814.1806640625,0.2822062174479167,0.0,0.0,0.0,6.424494169692201,0.0,0.0,0.0,0.0,0.0,0.0,0.0,0.0,0,KAGGLE_CASIA_2_0,none_authentic,Au_nat_30644.jpg
0.0,0.0,0.0,0.0,0.0,0.0,0.0,0.0,0.0,1.3674789667129517,1.1419463157653809,14.0,0.0,7.801515102386475,1399.03076171875,0.12628173828125,0.0,0.0,0.0,4.64536663762201,0.0,0.0,0.0,0.0,0.0,0.0,0.0,0.0,0,KAGGLE_CASIA_2_0,none_authentic,Au_pla_30421.jpg
0.0,0.0,0.0,0.0,0.0,0.0,0.0,0.0,0.0,0.2472330778837204,0.48789653182029724,5.666666507720947,0.0,10.879770278930664,2728.850830078125,0.24980672200520834,0.0,0.0,0.0,0.0,0.0,0.0,0.0,0.0,0.0,0.0,0.0,0.0,0,KAGGLE_CASIA_2_0,none_authentic,Au_ani_00059.jpg
0.0,0.0,0.0,0.0,0.0,0.0,0.0,0.0,0.0,3.103170871734619,2.54923415184021,36.66666793823242,0.0011354166666666667,10.225947380065918,2595.500732421875,0.14702083333333332,0.0,0.0,0.0,5.250065160105582,0.0,0.0,0.0,0.0,0.0,0.0,0.0,0.0,0,KAGGLE_CASIA_2_0,none_authentic,Au_ind_20044.jpg
0.0,0.0,0.0,0.0,0.0,0.0,0.0,0.0,0.0,2.086534261703491,1.5846551656723022,14.333333015441895,0.0,13.344472885131836,4529.32763671875,0.282867431640625,0.0,0.0,0.0,28.26743526939974,0.0,0.0,0.0,0.0,0.0,0.0,0.0,0.0,0,KAGGLE_CASIA_2_0,none_authentic,Au_ani_30615.jpg
0.0,0.0,0.0,0.0,0.0,0.0,0.0,0.0,0.0,1.0857599973678589,1.2402091026306152,13.333333015441895,0.0,7.967099666595459,1398.3211669921875,0.14218112987769366,0.0,0.0,0.0,0.0,0.0,0.0,0.0,0.0,0.0,0.0,0.0,0.0,1,KAGGLE_CASIA_2_0,splicing_or_copymove,Tp_S_NRD_S_N_ind20060_ind20060_01801.tif
0.0,0.0,0.0,0.0,0.0,0.0,0.0,0.0,0.0,1.0060153007507324,1.0411977767944336,13.333333015441895,0.0,6.156531810760498,882.35302734375,0.13846842447916666,0.0,0.0,0.0,0.4000000000000001,0.0,0.0,0.0,0.0,0.0,0.0,0.0,0.0,0,KAGGLE_CASIA_2_0,none_authentic,Au_pla_30570.jpg
0.0,0.0,0.0,0.0,0.0,0.0,0.0,0.0,0.0,0.5704632997512817,0.904656708240509,27.66666603088379,2.2786458333333334e-05,7.780971527099609,1460.6717529296875,0.09662434895833333,0.0,0.0,0.0,0.21295885499997996,0.0,0.0,0.0,0.0,0.0,0.0,0.0,0.0,1,KAGGLE_CASIA_2_0,splicing_or_copymove,Tp_D_NRN_S_N_nat10159_ani00070_12052.jpg
0.0,0.0,0.0,0.0,0.0,0.0,0.0,0.0,0.0,3.0618762969970703,2.9747602939605713,40.66666793823242,0.0029075010247301544,13.305676460266113,3972.97412109375,0.14151933324224622,0.0,0.0,0.0,1.2664599066027713,0.0,0.0,0.0,0.0,0.0,0.0,0.0,0.0,1,KAGGLE_CASIA_2_0,splicing_or_copymove,Tp_S_NNN_S_N_arc20095_arc20095_01735.tif
0.0,0.0,0.0,0.0,0.0,0.0,0.0,0.0,0.0,0.002546522533521056,0.048896223306655884,1.0,0.0,4.375491619110107,402.667724609375,0.048655192057291664,0.0,0.0,0.0,0.0,0.0,0.0,0.0,0.0,0.0,0.0,0.0,0.0,0,KAGGLE_CASIA_2_0,none_authentic,Au_nat_00057.jpg
0.0,0.0,0.0,0.0,0.0,0.0,0.0,0.0,0.0,0.8240932822227478,0.8395698070526123,13.0,0.0,4.434786796569824,443.092041015625,0.07282511393229167,0.0,0.0,0.0,0.0,0.0,0.0,0.0,0.0,0.0,0.0,0.0,0.0,0,KAGGLE_CASIA_2_0,none_authentic,Au_ind_00097.jpg
0.0,0.0,0.0,0.0,0.0,0.0,0.0,0.0,0.0,0.8460818529129028,0.7499259114265442,12.0,0.0,7.630082130432129,1329.396240234375,0.191474609375,0.0,0.0,0.0,0.0,0.0,0.0,0.0,0.0,0.0,0.0,0.0,0.0,1,KAGGLE_CASIA_2_0,splicing_or_copymove,Tp_D_CNN_S_O_nat10153_ani00097_12135.jpg
0.0,0.0,0.0,0.0,0.0,0.0,0.0,0.0,0.0,0.9344673156738281,1.177688717842102,19.0,4.572473708276177e-06,7.269122123718262,1364.0164794921875,0.06154092363968907,0.0,0.0,0.0,1.8107973219101035,0.0,0.0,0.0,0.0,0.0,0.0,0.0,0.0,0,KAGGLE_CASIA_2_0,none_authentic,Au_arc_20071.jpg
0.0,0.0,0.0,0.0,0.0,0.0,0.0,0.0,0.0,0.7297465205192566,1.0551046133041382,16.0,0.0,6.715158462524414,1052.5859375,0.058929443359375,0.0,0.0,0.0,0.0,0.0,0.0,0.0,0.0,0.0,0.0,0.0,0.0,0,KAGGLE_CASIA_2_0,none_authentic,Au_pla_30428.jpg
0.0,0.0,0.0,0.0,0.0,0.0,0.0,0.0,0.0,2.4835779666900635,2.1946444511413574,27.0,0.0003662109375,12.00930404663086,3212.441650390625,0.202911376953125,0.0,0.0,0.0,29.770679087540707,0.0,0.0,0.0,0.0,0.0,0.0,0.0,0.0,1,KAGGLE_CASIA_2_0,splicing_or_copymove,Tp_D_NRN_S_N_sec10115_pla00049_11534.jpg
0.0,0.0,0.0,0.0,0.0,0.0,0.0,0.0,0.0,0.0602145753800869,0.23517930507659912,2.6666667461395264,0.0,5.799497604370117,808.7191772460938,0.13179524739583334,0.0,0.0,0.0,30.33676043574764,0.0,0.0,0.0,0.0,0.0,0.0,0.0,0.0,0,KAGGLE_CASIA_2_0,none_authentic,Au_cha_30421.jpg
0.0,0.0,0.0,0.0,0.0,0.0,0.0,0.0,0.0,4.016663074493408,2.6915714740753174,37.33333206176758,0.000901945625563716,20.26011085510254,11541.4736328125,0.287417235058668,0.0,0.0,0.0,19.31345961298033,0.0,0.0,0.0,0.0,0.0,0.0,0.0,0.0,0,KAGGLE_CASIA_2_0,none_authentic,Au_arc_20086.jpg
0.0,0.0,0.0,0.0,0.0,0.0,0.0,0.0,0.0,1.3121742010116577,1.653918981552124,16.33333396911621,0.0,4.211798191070557,401.2294006347656,0.05885955056179775,0.0,0.0,0.0,18.749845602736528,0.0,0.0,0.0,0.0,0.0,0.0,0.0,0.0,0,KAGGLE_CASIA_2_0,none_authentic,Au_pla_20026.jpg
0.0,0.0,0.0,0.0,0.0,0.0,0.0,0.0,0.0,2.0162456035614014,1.5790963172912598,15.0,0.0,12.512274742126465,4055.286376953125,0.2677408854166667,0.0,0.0,0.0,2.208445639552204,0.0,0.0,0.0,0.0,0.0,0.0,0.0,0.0,0,KAGGLE_CASIA_2_0,none_authentic,Au_ani_30616.jpg
0.0,0.0,0.0,0.0,0.0,0.0,0.0,0.0,0.0,1.3269822597503662,1.4807878732681274,13.666666984558105,0.0,11.281006813049316,2932.224853515625,0.16175333658854166,0.0,0.0,0.0,19.132114550759013,0.0,0.0,0.0,0.0,0.0,0.0,0.0,0.0,0,KAGGLE_CASIA_2_0,none_authentic,Au_cha_30114.jpg
0.0,0.0,0.0,0.0,0.0,0.0,0.0,0.0,0.0,1.2982653379440308,1.339685320854187,16.66666603088379,0.0,8.847647666931152,1892.7357177734375,0.158966064453125,0.0,0.0,0.0,1.1852612752711695,0.0,0.0,0.0,0.0,0.0,0.0,0.0,0.0,0,KAGGLE_CASIA_2_0,none_authentic,Au_nat_30470.jpg
0.0,0.0,0.0,0.0,0.0,0.0,0.0,0.0,0.0,1.344791054725647,1.302658200263977,14.666666984558105,0.0,8.643155097961426,1788.1968994140625,0.11406453450520833,0.0,0.0,0.0,21.307275752662513,0.0,0.0,0.0,0.0,0.0,0.0,0.0,0.0,0,KAGGLE_CASIA_2_0,none_authentic,Au_nat_30148.jpg
0.0,0.0,0.0,0.0,0.0,0.0,0.0,0.0,0.0,0.2162034958600998,0.4131428599357605,3.6666667461395264,0.0,10.384441375732422,2494.974609375,0.16304524739583334,0.0,0.0,0.0,5.316991565307919,0.0,0.0,0.0,0.0,0.0,0.0,0.0,0.0,0,KAGGLE_CASIA_2_0,none_authentic,Au_sec_30638.jpg
0.0,0.0,0.0,0.0,0.0,0.0,0.0,0.0,0.0,0.424506276845932,0.8865161538124084,26.66666603088379,8.138020833333333e-05,8.475912094116211,1583.9493408203125,0.14063517252604166,0.0,0.0,0.0,0.0,0.0,0.0,0.0,0.0,0.0,0.0,0.0,0.0,1,KAGGLE_CASIA_2_0,splicing_or_copymove,Tp_D_NRN_S_N_ind00073_art00012_00473.tif
0.0,0.0,0.0,0.0,0.0,0.0,0.0,0.0,0.0,0.555558979511261,0.9916273951530457,15.666666984558105,0.0,3.174790382385254,198.9974822998047,0.058003743489583336,0.0,0.0,0.0,3.653022651064274,0.0,0.0,0.0,0.0,0.0,0.0,0.0,0.0,1,KAGGLE_CASIA_2_0,splicing_or_copymove,Tp_S_NRD_S_N_cha00090_cha00090_00410.tif
0.0,0.0,0.0,0.0,0.0,0.0,0.0,0.0,0.0,0.1707526296377182,0.37693190574645996,5.0,0.0,13.68389892578125,4021.416748046875,0.222808837890625,0.0,0.0,0.0,19.111550382548543,0.0,0.0,0.0,0.0,0.0,0.0,0.0,0.0,0,KAGGLE_CASIA_2_0,none_authentic,Au_art_30421.jpg
0.0,0.0,0.0,0.0,0.0,0.0,0.0,0.0,0.0,1.18789541721344,1.793947458267212,23.66666603088379,3.6363636363636364e-05,3.8838307857513428,305.7115783691406,0.03607727272727273,0.0,0.0,0.0,38.50017213510482,0.0,0.0,0.0,0.0,0.0,0.0,0.0,0.0,0,KAGGLE_CASIA_2_0,none_authentic,Au_nat_20067.jpg
0.0,0.0,0.0,0.0,0.0,0.0,0.0,0.0,0.0,0.6086256504058838,0.7405932545661926,11.333333015441895,0.0,9.535679817199707,2283.91650390625,0.1390380859375,0.0,0.0,0.0,9.260836106931656,0.0,0.0,0.0,0.0,0.0,0.0,0.0,0.0,1,KAGGLE_CASIA_2_0,splicing_or_copymove,Tp_S_NRN_S_N_nat00082_nat00082_00986.tif
0.0,0.0,0.0,0.0,0.0,0.0,0.0,0.0,0.0,0.0074971518479287624,0.08086396753787994,2.0,0.0,6.187318325042725,773.69921875,0.053944905598958336,0.0,0.0,0.0,0.8615384615384615,0.0,0.0,0.0,0.0,0.0,0.0,0.0,0.0,0,KAGGLE_CASIA_2_0,none_authentic,Au_art_30636.jpg
0.0,0.0,0.0,0.0,0.0,0.0,0.0,0.0,0.0,2.4175896644592285,3.2613329887390137,63.66666793823242,0.006170018281535649,7.705256462097168,1228.2098388671875,0.11707038391224862,0.0,0.0,0.0,4.557402414287664,0.0,0.0,0.0,0.0,0.0,0.0,0.0,0.0,1,KAGGLE_CASIA_2_0,splicing_or_copymove,Tp_D_NRN_M_N_cha10175_cha10174_12279.jpg
0.0,0.0,0.0,0.0,0.0,0.0,0.0,0.0,0.0,0.8172065019607544,0.8927754759788513,15.333333015441895,0.0,5.701238632202148,664.5422973632812,0.1130340909090909,0.0,0.0,0.0,3.124606299211036,0.0,0.0,0.0,0.0,0.0,0.0,0.0,0.0,1,KAGGLE_CASIA_2_0,splicing_or_copymove,Tp_S_NNN_S_N_nat20037_nat20037_02235.tif
0.0,0.0,0.0,0.0,0.0,0.0,0.0,0.0,0.0,0.6643710732460022,0.8500615954399109,10.666666984558105,0.0,5.696646690368652,626.6076049804688,0.06368001302083333,0.0,0.0,0.0,16.786697408261794,0.0,0.0,0.0,0.0,0.0,0.0,0.0,0.0,0,KAGGLE_CASIA_2_0,none_authentic,Au_ani_30348.jpg
0.0,0.0,0.0,0.0,0.0,0.0,0.0,0.0,0.0,1.2435518503189087,2.3427670001983643,31.33333396911621,0.0006944444444444445,8.228748321533203,1554.302490234375,0.08595486111111111,0.0,0.0,0.0,0.4642207935665789,0.0,0.0,0.0,0.0,0.0,0.0,0.0,0.0,0,KAGGLE_CASIA_2_0,none_authentic,Au_ani_10214.jpg
0.0,0.0,0.0,0.0,0.0,0.0,0.0,0.0,0.0,2.5729267597198486,1.9032872915267944,16.0,0.0,17.50128746032715,8166.69189453125,0.3482767740885417,0.0,0.0,0.0,12.723368675677857,0.0,0.0,0.0,0.0,0.0,0.0,0.0,0.0,1,KAGGLE_CASIA_2_0,splicing_or_copymove,Tp_S_NNN_S_N_txt00024_txt00024_20087.jpg
0.0,0.0,0.0,0.0,0.0,0.0,0.0,0.0,0.0,1.5118509531021118,1.2985515594482422,14.0,0.0,13.603760719299316,4545.78466796875,0.18894449869791666,0.0,0.0,0.0,23.996976377940754,0.0,0.0,0.0,0.0,0.0,0.0,0.0,0.0,1,KAGGLE_CASIA_2_0,splicing_or_copymove,Tp_S_CRN_S_N_art00005_art00005_11793.jpg
0.0,0.0,0.0,0.0,0.0,0.0,0.0,0.0,0.0,2.103212356567383,2.3688979148864746,40.0,0.002599113543985784,9.550187110900879,1977.1204833984375,0.14414612226556914,0.0,0.0,0.0,0.14139190265868387,0.0,0.0,0.0,0.0,0.0,0.0,0.0,0.0,1,KAGGLE_CASIA_2_0,splicing_or_copymove,Tp_D_NRD_S_B_sec20094_arc20064_02444.tif
0.0,0.0,0.0,0.0,0.0,0.0,0.0,0.0,0.0,2.059685468673706,2.523466110229492,31.0,0.00177001953125,9.186266899108887,1873.1583251953125,0.16761271158854166,0.0,0.0,0.0,1.901739080733981,0.0,0.0,0.0,0.0,0.0,0.0,0.0,0.0,1,KAGGLE_CASIA_2_0,splicing_or_copymove,Tp_D_NNN_S_N_arc00071_ind00001_00421.tif
0.0,0.0,0.0,0.0,0.0,0.0,0.0,0.0,0.0,0.8974235653877258,1.2429287433624268,15.0,0.0,7.55053186416626,1333.8687744140625,0.08259073893229167,0.0,0.0,0.0,0.1855768722395226,0.0,0.0,0.0,0.0,0.0,0.0,0.0,0.0,0,KAGGLE_CASIA_2_0,none_authentic,Au_arc_30734.jpg
0.0,0.0,0.0,0.0,0.0,0.0,0.0,0.0,0.0,1.054538369178772,0.9897034764289856,12.333333015441895,0.0,7.133971691131592,1096.1058349609375,0.1778564453125,0.0,0.0,0.0,0.0,0.0,0.0,0.0,0.0,0.0,0.0,0.0,0.0,1,KAGGLE_CASIA_2_0,splicing_or_copymove,Tp_D_NRN_S_B_cha00076_ani00068_10044.tif
0.0,0.0,0.0,0.0,0.0,0.0,0.0,0.0,0.0,0.6854960322380066,0.8464605212211609,13.0,0.0,19.695032119750977,8824.7783203125,0.23096720377604166,0.0,0.0,0.0,8.563010088569182,0.0,0.0,0.0,0.0,0.0,0.0,0.0,0.0,0,KAGGLE_CASIA_2_0,none_authentic,Au_arc_00077.jpg
0.0,0.0,0.0,0.0,0.0,0.0,0.0,0.0,0.0,1.18743896484375,1.4186304807662964,16.0,0.0,10.435612678527832,2499.4287109375,0.11216227213541667,0.0,0.0,0.0,0.0,0.0,0.0,0.0,0.0,0.0,0.0,0.0,0.0,0,KAGGLE_CASIA_2_0,none_authentic,Au_nat_30461.jpg
0.0,0.0,0.0,0.0,0.0,0.0,0.0,0.0,0.0,0.466698557138443,0.7022731900215149,6.333333492279053,0.0,12.251444816589355,3229.6005859375,0.21921793619791666,0.0,0.0,0.0,26.35799144505801,0.0,0.0,0.0,0.0,0.0,0.0,0.0,0.0,0,KAGGLE_CASIA_2_0,none_authentic,Au_pla_00002.jpg
0.0,0.0,0.0,0.0,0.0,0.0,0.0,0.0,0.0,0.4148729145526886,0.5758218765258789,4.666666507720947,0.0,9.325632095336914,1865.8232421875,0.1517333984375,0.0,0.0,0.0,22.520115186660405,0.0,0.0,0.0,0.0,0.0,0.0,0.0,0.0,0,KAGGLE_CASIA_2_0,none_authentic,Au_ind_00078.jpg
0.0,0.0,0.0,0.0,0.0,0.0,0.0,0.0,0.0,1.8285726308822632,1.5138497352600098,15.666666984558105,0.0,12.18429183959961,3537.473388671875,0.19872029622395834,0.0,0.0,0.0,14.260230245920528,0.0,0.0,0.0,0.0,0.0,0.0,0.0,0.0,0,KAGGLE_CASIA_2_0,none_authentic,Au_sec_30284.jpg
0.0,0.0,0.0,0.0,0.0,0.0,0.0,0.0,0.0,5.356916427612305,5.100973606109619,36.33333206176758,0.029429117838541668,5.8052215576171875,896.5891723632812,0.12464396158854167,0.0,0.0,0.0,27.851929915178225,0.0,0.0,0.0,0.0,0.0,0.0,0.0,0.0,1,KAGGLE_CASIA_2_0,splicing_or_copymove,Tp_D_NRN_M_N_txt00065_sec00077_10391.tif
0.0,0.0,0.0,0.0,0.0,0.0,0.0,0.0,0.0,0.6174688935279846,0.7719451189041138,8.666666984558105,0.0,4.383897304534912,410.5241394042969,0.06201171875,0.0,0.0,0.0,0.0,0.0,0.0,0.0,0.0,0.0,0.0,0.0,0.0,1,KAGGLE_CASIA_2_0,splicing_or_copymove,Tp_D_NRN_M_N_nat00011_nat00012_11056.jpg
0.0,0.0,0.0,0.0,0.0,0.0,0.0,0.0,0.0,1.402218222618103,1.1989083290100098,15.333333015441895,0.0,9.434358596801758,2007.2152099609375,0.21648152669270834,0.0,0.0,0.0,0.0,0.0,0.0,0.0,0.0,0.0,0.0,0.0,0.0,0,KAGGLE_CASIA_2_0,none_authentic,Au_ani_30269.jpg
0.0,0.0,0.0,0.0,0.0,0.0,0.0,0.0,0.0,0.0799357071518898,0.27945345640182495,4.0,0.0,10.968942642211914,3005.368408203125,0.262176513671875,0.0,0.0,0.0,0.5562148865321748,0.0,0.0,0.0,0.0,0.0,0.0,0.0,0.0,0,KAGGLE_CASIA_2_0,none_authentic,Au_cha_00045.jpg
0.0,0.0,0.0,0.0,0.0,0.0,0.0,0.0,0.0,1.5014241933822632,1.5477173328399658,14.666666984558105,0.0,11.20970344543457,3084.255859375,0.17151896158854166,0.0,0.0,0.0,10.728850034480951,0.0,0.0,0.0,0.0,0.0,0.0,0.0,0.0,0,KAGGLE_CASIA_2_0,none_authentic,Au_nat_30311.jpg
0.0,0.0,0.0,0.0,0.0,0.0,0.0,0.0,0.0,0.6532253623008728,0.8032986521720886,10.666666984558105,0.0,4.501160621643066,405.5897521972656,0.037740071614583336,0.0,0.0,0.0,9.985489472229187,0.0,0.0,0.0,0.0,0.0,0.0,0.0,0.0,0,KAGGLE_CASIA_2_0,none_authentic,Au_ani_30356.jpg
0.0,0.0,0.0,0.0,0.0,0.0,0.0,0.0,0.0,1.3556551933288574,1.4278395175933838,21.33333396911621,5.0862630208333336e-05,7.087499618530273,1198.83984375,0.1322021484375,0.0,0.0,0.0,0.0,0.0,0.0,0.0,0.0,0.0,0.0,0.0,0.0,1,KAGGLE_CASIA_2_0,splicing_or_copymove,Tp_D_NRN_M_N_nat00013_cha00070_11393.jpg
0.0,0.0,0.0,0.0,0.0,0.0,0.0,0.0,0.0,0.8175625801086426,1.156874418258667,17.33333396911621,0.0,13.803821563720703,4079.447509765625,0.17701212565104166,0.0,0.0,0.0,0.0,0.0,0.0,0.0,0.0,0.0,0.0,0.0,0.0,1,KAGGLE_CASIA_2_0,splicing_or_copymove,Tp_D_NNN_S_N_ind00053_ind00020_01342.tif
0.0,0.0,0.0,0.0,0.0,0.0,0.0,0.0,0.0,0.7677026987075806,0.9706888198852539,13.0,0.0,8.720524787902832,1731.6478271484375,0.09496320672791261,0.0,0.0,0.0,0.0,0.0,0.0,0.0,0.0,0.0,0.0,0.0,0.0,1,KAGGLE_CASIA_2_0,splicing_or_copymove,Tp_S_NNN_M_B_arc10129_arc10129_11893.jpg
0.0,0.0,0.0,0.0,0.0,0.0,0.0,0.0,0.0,1.3234004974365234,1.2505384683609009,15.666666984558105,0.0,4.770892143249512,455.992431640625,0.08139630601430262,0.0,0.0,0.0,0.0,0.0,0.0,0.0,0.0,0.0,0.0,0.0,0.0,1,KAGGLE_CASIA_2_0,splicing_or_copymove,Tp_S_NNN_S_N_ani20036_ani20036_02079.tif
0.0,0.0,0.0,0.0,0.0,0.0,0.0,0.0,0.0,0.6828071475028992,0.8472841382026672,11.333333015441895,0.0,5.925423622131348,664.3327026367188,0.05133056640625,0.0,0.0,0.0,8.261276369337706,0.0,0.0,0.0,0.0,0.0,0.0,0.0,0.0,0,KAGGLE_CASIA_2_0,none_authentic,Au_art_30259.jpg
0.0,0.0,0.0,0.0,0.0,0.0,0.0,0.0,0.0,0.4277242124080658,0.6470138430595398,6.666666507720947,0.0,8.983381271362305,1715.7626953125,0.13283284505208334,0.0,0.0,0.0,3.1306415133134133,0.0,0.0,0.0,0.0,0.0,0.0,0.0,0.0,0,KAGGLE_CASIA_2_0,none_authentic,Au_cha_00032.jpg
0.0,0.0,0.0,0.0,0.0,0.0,0.0,0.0,0.0,1.1674398183822632,1.1732685565948486,17.0,0.0,6.2697930335998535,856.6393432617188,0.13393147786458334,0.0,0.0,0.0,0.0,0.0,0.0,0.0,0.0,0.0,0.0,0.0,0.0,1,KAGGLE_CASIA_2_0,splicing_or_copymove,Tp_S_CRN_S_N_pla00034_pla00034_00569.tif
0.0,0.0,0.0,0.0,0.0,0.0,0.0,0.0,0.0,1.8017644882202148,1.4223512411117554,15.0,0.0,12.04723072052002,3468.8203125,0.308441162109375,0.0,0.0,0.0,27.84878290233299,0.0,0.0,0.0,0.0,0.0,0.0,0.0,0.0,0,KAGGLE_CASIA_2_0,none_authentic,Au_ani_30601.jpg
0.0,0.0,0.0,0.0,0.0,0.0,0.0,0.0,0.0,2.72808837890625,2.233940362930298,26.33333396911621,0.0004069010416666667,8.441510200500488,1492.541015625,0.2912394205729167,0.0,0.0,0.0,0.26963369960298217,0.0,0.0,0.0,0.0,0.0,0.0,0.0,0.0,1,KAGGLE_CASIA_2_0,splicing_or_copymove,Tp_D_NNN_M_B_nat10128_nat00099_11537.jpg
0.0,0.0,0.0,0.0,0.0,0.0,0.0,0.0,0.0,5.359930038452148,5.321118354797363,65.33333587646484,0.0333128621819098,17.005205154418945,7314.9921875,0.21278974552784077,0.0,0.0,0.0,9.788693759631503,0.0,0.0,0.0,0.0,0.0,0.0,0.0,0.0,1,KAGGLE_CASIA_2_0,splicing_or_copymove,Tp_S_NNN_S_N_pla20020_pla20020_01920.tif
0.0,0.0,0.0,0.0,0.0,0.0,0.0,0.0,0.0,1.1288248300552368,1.4161468744277954,13.333333015441895,0.0,11.507168769836426,2779.363525390625,0.14122517903645834,0.0,0.0,0.0,0.5393131982084,0.0,0.0,0.0,0.0,0.0,0.0,0.0,0.0,0,KAGGLE_CASIA_2_0,none_authentic,Au_arc_30479.jpg
0.0,0.0,0.0,0.0,0.0,0.0,0.0,0.0,0.0,1.0763285160064697,1.3342896699905396,18.33333396911621,5.846243788365975e-06,9.386941909790039,1873.5355224609375,0.11490207541654487,0.0,0.0,0.0,1.4313113576361913,0.0,0.0,0.0,0.0,0.0,0.0,0.0,0.0,0,KAGGLE_CASIA_2_0,none_authentic,Au_arc_20049.jpg
0.0,0.0,0.0,0.0,0.0,0.0,0.0,0.0,0.0,2.017656087875366,1.6521337032318115,17.0,0.0,13.173194885253906,4394.82080078125,0.2606608072916667,0.0,0.0,0.0,10.957949929921503,0.0,0.0,0.0,0.0,0.0,0.0,0.0,0.0,0,KAGGLE_CASIA_2_0,none_authentic,Au_nat_30387.jpg
0.0,0.0,0.0,0.0,0.0,0.0,0.0,0.0,0.0,4.993371486663818,3.643224000930786,48.0,0.007361111111111111,13.021286964416504,4753.2080078125,0.30756944444444445,0.0,0.0,0.0,0.1428261375083551,0.0,0.0,0.0,0.0,0.0,0.0,0.0,0.0,1,KAGGLE_CASIA_2_0,splicing_or_copymove,Tp_D_NRN_M_O_ani10105_ani10104_10022.tif
0.0,0.0,0.0,0.0,0.0,0.0,0.0,0.0,0.0,1.2232428789138794,1.1727861166000366,19.0,1.0172526041666666e-05,6.961026191711426,1206.5233154296875,0.13600667317708334,0.0,0.0,0.0,0.0,0.0,0.0,0.0,0.0,0.0,0.0,0.0,0.0,1,KAGGLE_CASIA_2_0,splicing_or_copymove,Tp_D_CNN_M_N_nat00013_cha00042_11093.jpg
0.0,0.0,0.0,0.0,0.0,0.0,0.0,0.0,0.0,0.4013197124004364,0.8018314242362976,12.333333015441895,0.0,6.576159954071045,938.0648803710938,0.10758463541666667,0.0,0.0,0.0,29.650190235338044,0.0,0.0,0.0,0.0,0.0,0.0,0.0,0.0,1,KAGGLE_CASIA_2_0,splicing_or_copymove,Tp_S_NRD_S_B_ind00038_ind00038_01329.tif
0.0,0.0,0.0,0.0,0.0,0.0,0.0,0.0,0.0,0.2896016538143158,0.5115171074867249,4.333333492279053,0.0,13.368038177490234,3930.7119140625,0.2616780598958333,0.0,0.0,0.0,2.373080364561358,0.0,0.0,0.0,0.0,0.0,0.0,0.0,0.0,0,KAGGLE_CASIA_2_0,none_authentic,Au_sec_30588.jpg
0.0,0.0,0.0,0.0,0.0,0.0,0.0,0.0,0.0,1.3570998907089233,1.4074227809906006,15.666666984558105,0.0,10.99593734741211,2746.7978515625,0.18111165364583334,0.0,0.0,0.0,1.4032589933683433,0.0,0.0,0.0,0.0,0.0,0.0,0.0,0.0,0,KAGGLE_CASIA_2_0,none_authentic,Au_arc_30705.jpg
0.0,0.0,0.0,0.0,0.0,0.0,0.0,0.0,0.0,2.106691598892212,1.9524164199829102,25.33333396911621,5.791505791505791e-05,8.535301208496094,1564.6929931640625,0.1383277027027027,0.0,0.0,0.0,6.227134758922625,0.0,0.0,0.0,0.0,0.0,0.0,0.0,0.0,1,KAGGLE_CASIA_2_0,splicing_or_copymove,Tp_S_NNN_S_N_arc20041_arc20041_01494.tif
0.0,0.0,0.0,0.0,0.0,0.0,0.0,0.0,0.0,1.9058736562728882,1.6747667789459229,16.0,0.0,13.847637176513672,4939.89111328125,0.2533772786458333,0.0,0.0,0.0,0.0,0.0,0.0,0.0,0.0,0.0,0.0,0.0,0.0,0,KAGGLE_CASIA_2_0,none_authentic,Au_art_30008.jpg
0.0,0.0,0.0,0.0,0.0,0.0,0.0,0.0,0.0,0.7259939312934875,0.7740947604179382,9.333333015441895,0.0,6.803989410400391,1104.5257568359375,0.113125,0.0,0.0,0.0,3.037225013854702,0.0,0.0,0.0,0.0,0.0,0.0,0.0,0.0,1,KAGGLE_CASIA_2_0,splicing_or_copymove,Tp_S_NNN_S_N_nat10142_nat10142_11960.jpg
0.0,0.0,0.0,0.0,0.0,0.0,0.0,0.0,0.0,1.1743706464767456,1.1556308269500732,13.666666984558105,0.0,6.209083557128906,854.4917602539062,0.13298543294270834,0.0,0.0,0.0,2.2145701586660826,0.0,0.0,0.0,0.0,0.0,0.0,0.0,0.0,1,KAGGLE_CASIA_2_0,splicing_or_copymove,Tp_D_NNN_S_B_nat00038_nat00002_00652.tif
0.0,0.0,0.0,0.0,0.0,0.0,0.0,0.0,0.0,0.940992534160614,0.8310294151306152,8.666666984558105,0.0,12.280292510986328,3312.255859375,0.156646728515625,0.0,0.0,0.0,5.906267655674267,0.0,0.0,0.0,0.0,0.0,0.0,0.0,0.0,0,KAGGLE_CASIA_2_0,none_authentic,Au_art_00001.jpg
0.0,0.0,0.0,0.0,0.0,0.0,0.0,0.0,0.0,1.2979912757873535,1.1138670444488525,16.0,0.0,3.98976469039917,289.0872802734375,0.13458900778210117,0.0,0.0,0.0,7.618841739539868,0.0,0.0,0.0,0.0,0.0,0.0,0.0,0.0,1,KAGGLE_CASIA_2_0,splicing_or_copymove,Tp_S_NNN_S_B_sec20013_sec20013_01448.tif
0.0,0.0,0.0,0.0,0.0,0.0,0.0,0.0,0.0,1.1971334218978882,0.9773126840591431,11.0,0.0,9.583520889282227,1994.1756591796875,0.173431396484375,0.0,0.0,0.0,0.0,0.0,0.0,0.0,0.0,0.0,0.0,0.0,0.0,1,KAGGLE_CASIA_2_0,splicing_or_copymove,Tp_S_NRN_S_N_sec00064_sec00064_11258.jpg
0.0,0.0,0.0,0.0,0.0,0.0,0.0,0.0,0.0,1.1159193515777588,1.3923242092132568,18.0,0.0,9.937627792358398,2432.073974609375,0.13527425130208334,0.0,0.0,0.0,14.640766401262145,0.0,0.0,0.0,0.0,0.0,0.0,0.0,0.0,0,KAGGLE_CASIA_2_0,none_authentic,Au_nat_30140.jpg
0.0,0.0,0.0,0.0,0.0,0.0,0.0,0.0,0.0,0.8751255869865417,1.3718045949935913,15.0,0.0,8.81173324584961,1977.5721435546875,0.08115641276041667,0.0,0.0,0.0,0.0,0.0,0.0,0.0,0.0,0.0,0.0,0.0,0.0,0,KAGGLE_CASIA_2_0,none_authentic,Au_nat_30141.jpg
0.0,0.0,0.0,0.0,0.0,0.0,0.0,0.0,0.0,0.2947218120098114,0.690082848072052,12.333333015441895,0.0,9.830108642578125,2123.795654296875,0.107696533203125,0.0,0.0,0.0,8.029731433158748,0.0,0.0,0.0,0.0,0.0,0.0,0.0,0.0,1,KAGGLE_CASIA_2_0,splicing_or_copymove,Tp_S_CNN_S_N_arc00030_arc00030_00778.tif
0.0,0.0,0.0,0.0,0.0,0.0,0.0,0.0,0.0,0.8370361328125,1.0779551267623901,15.333333015441895,0.0,7.734273433685303,1451.5799560546875,0.178009033203125,0.0,0.0,0.0,4.888923840355997,0.0,0.0,0.0,0.0,0.0,0.0,0.0,0.0,1,KAGGLE_CASIA_2_0,splicing_or_copymove,Tp_S_NNN_S_B_ani00044_ani00044_00164.tif
0.0,0.0,0.0,0.0,0.0,0.0,0.0,0.0,0.0,1.049032211303711,1.087355375289917,17.66666603088379,0.0,2.942277669906616,199.8205108642578,0.028496779681613803,0.0,0.0,0.0,14.412147653975794,0.0,0.0,0.0,0.0,0.0,0.0,0.0,0.0,1,KAGGLE_CASIA_2_0,splicing_or_copymove,Tp_S_NRN_S_N_ani20053_ani20053_02096.tif
0.0,0.0,0.0,0.0,0.0,0.0,0.0,0.0,0.0,3.4305248260498047,2.2795026302337646,27.33333396911621,0.00048828125,10.808327674865723,2631.376953125,0.2983296712239583,0.0,0.0,0.0,0.9066925852196815,0.0,0.0,0.0,0.0,0.0,0.0,0.0,0.0,1,KAGGLE_CASIA_2_0,splicing_or_copymove,Tp_D_NRN_M_N_nat10108_cha00052_11364.jpg
0.0,0.0,0.0,0.0,0.0,0.0,0.0,0.0,0.0,0.9714424014091492,0.7520049810409546,11.333333015441895,0.0,2.999847173690796,191.1077117919922,0.07384236653645833,0.0,0.0,0.0,26.875968225437557,0.0,0.0,0.0,0.0,0.0,0.0,0.0,0.0,0,KAGGLE_CASIA_2_0,none_authentic,Au_pla_30473.jpg
0.0,0.0,0.0,0.0,0.0,0.0,0.0,0.0,0.0,1.0138448476791382,1.3220045566558838,17.33333396911621,0.0,22.186641693115234,11208.6181640625,0.36944580078125,0.0,0.0,0.0,35.68027754986471,0.0,0.0,0.0,0.0,0.0,0.0,0.0,0.0,1,KAGGLE_CASIA_2_0,splicing_or_copymove,Tp_S_CRN_S_N_txt00051_txt00051_01278.tif
0.0,0.0,0.0,0.0,0.0,0.0,0.0,0.0,0.0,2.064832925796509,1.747349739074707,23.66666603088379,0.00010172526041666667,10.729710578918457,2716.21337890625,0.2848917643229167,0.0,0.0,0.0,24.426480492398856,0.0,0.0,0.0,0.0,0.0,0.0,0.0,0.0,1,KAGGLE_CASIA_2_0,splicing_or_copymove,Tp_S_NNN_S_N_art00044_art00044_10405.tif
0.0,0.0,0.0,0.0,0.0,0.0,0.0,0.0,0.0,1.3969101905822754,1.3493659496307373,17.33333396911621,0.0,16.529285430908203,5517.861328125,0.17612266666666668,0.0,0.0,0.0,46.25093878370786,0.0,0.0,0.0,0.0,0.0,0.0,0.0,0.0,1,KAGGLE_CASIA_2_0,splicing_or_copymove,Tp_S_NNN_S_N_art20074_art20074_01880.tif
0.0,0.0,0.0,0.0,0.0,0.0,0.0,0.0,0.0,1.698474407196045,1.2678370475769043,14.0,0.0,6.226165294647217,780.2726440429688,0.16284375,0.0,0.0,0.0,25.92693690601119,0.0,0.0,0.0,0.0,0.0,0.0,0.0,0.0,1,KAGGLE_CASIA_2_0,splicing_or_copymove,Tp_S_NNN_S_N_arc20047_arc20047_02181.tif
0.0,0.0,0.0,0.0,0.0,0.0,0.0,0.0,0.0,1.8749768733978271,1.396836757659912,23.66666603088379,7.4404761904761905e-06,5.915143966674805,640.851318359375,0.10015873015873016,0.0,0.0,0.0,13.550823115175161,0.0,0.0,0.0,0.0,0.0,0.0,0.0,0.0,1,KAGGLE_CASIA_2_0,splicing_or_copymove,Tp_D_NRN_S_N_art20006_art20005_01812.tif
0.0,0.0,0.0,0.0,0.0,0.0,0.0,0.0,0.0,1.1351217031478882,1.5374422073364258,26.33333396911621,8.138020833333333e-05,12.903279304504395,3289.432861328125,0.229949951171875,0.0,0.0,0.0,21.614941098008114,0.0,0.0,0.0,0.0,0.0,0.0,0.0,0.0,1,KAGGLE_CASIA_2_0,splicing_or_copymove,Tp_S_NND_S_N_sec00052_sec00052_00073.tif
0.0,0.0,0.0,0.0,0.0,0.0,0.0,0.0,0.0,1.7007614374160767,1.7161592245101929,16.0,0.0,12.929494857788086,4469.0986328125,0.21119181315104166,0.0,0.0,0.0,0.0,0.0,0.0,0.0,0.0,0.0,0.0,0.0,0.0,0,KAGGLE_CASIA_2_0,none_authentic,Au_nat_30629.jpg
0.0,0.0,0.0,0.0,0.0,0.0,0.0,0.0,0.0,0.833313524723053,0.8825697302818298,20.0,4.570592805886924e-06,6.241224765777588,724.7337646484375,0.09502262443438914,0.0,0.0,0.0,0.0,0.0,0.0,0.0,0.0,0.0,0.0,0.0,0.0,1,KAGGLE_CASIA_2_0,splicing_or_copymove,Tp_D_NNN_M_N_nat10149_nat10156_12001.jpg
0.0,0.0,0.0,0.0,0.0,0.0,0.0,0.0,0.0,1.0955709218978882,1.2546265125274658,13.333333015441895,0.0,10.070791244506836,2142.0439453125,0.13532511393229166,0.0,0.0,0.0,23.687742206875164,0.0,0.0,0.0,0.0,0.0,0.0,0.0,0.0,0,KAGGLE_CASIA_2_0,none_authentic,Au_arc_30322.jpg
0.0,0.0,0.0,0.0,0.0,0.0,0.0,0.0,0.0,2.1732449531555176,1.7508444786071777,19.66666603088379,1.0172526041666666e-05,7.722929954528809,1327.3541259765625,0.15916951497395834,0.0,0.0,0.0,0.0,0.0,0.0,0.0,0.0,0.0,0.0,0.0,0.0,0,KAGGLE_CASIA_2_0,none_authentic,Au_art_00003.jpg
0.0,0.0,0.0,0.0,0.0,0.0,0.0,0.0,0.0,3.1681580543518066,2.1315464973449707,24.33333396911621,4.213919630017856e-05,13.581794738769531,4131.0478515625,0.28816099279946483,0.0,0.0,0.0,52.82121551120164,0.0,0.0,0.0,0.0,0.0,0.0,0.0,0.0,0,KAGGLE_CASIA_2_0,none_authentic,Au_pla_20062.jpg
0.0,0.0,0.0,0.0,0.0,0.0,0.0,0.0,0.0,1.5026990175247192,1.2435287237167358,14.333333015441895,0.0,11.158161163330078,2623.642333984375,0.278167724609375,0.0,0.0,0.0,7.498407544437643,0.0,0.0,0.0,0.0,0.0,0.0,0.0,0.0,0,KAGGLE_CASIA_2_0,none_authentic,Au_cha_30094.jpg
0.0,0.0,0.0,0.0,0.0,0.0,0.0,0.0,0.0,0.115736223757267,0.33339956402778625,4.0,0.0,15.374449729919434,5033.787109375,0.19395955403645834,0.0,0.0,0.0,6.276923076923078,0.0,0.0,0.0,0.0,0.0,0.0,0.0,0.0,0,KAGGLE_CASIA_2_0,none_authentic,Au_cha_30444.jpg
0.0,0.0,0.0,0.0,0.0,0.0,0.0,0.0,0.0,0.3229335844516754,0.48589324951171875,3.6666667461395264,0.0,6.470739841461182,885.7999877929688,0.10959879557291667,0.0,0.0,0.0,9.251980631379295,0.0,0.0,0.0,0.0,0.0,0.0,0.0,0.0,0,KAGGLE_CASIA_2_0,none_authentic,Au_nat_00096.jpg
0.0,0.0,0.0,0.0,0.0,0.0,0.0,0.0,0.0,2.177788496017456,2.2048020362854004,25.0,0.0002466841066593235,10.48137092590332,2236.566650390625,0.1272717885171417,0.0,0.0,0.0,0.20184751022351363,0.0,0.0,0.0,0.0,0.0,0.0,0.0,0.0,1,KAGGLE_CASIA_2_0,splicing_or_copymove,Tp_S_CRD_S_N_cha20039_cha20039_02038.tif
0.0,0.0,0.0,0.0,0.0,0.0,0.0,0.0,0.0,1.3172979354858398,1.1601142883300781,14.0,0.0,8.544998168945312,1680.2821044921875,0.14866129557291666,0.0,0.0,0.0,0.9035663006957181,0.0,0.0,0.0,0.0,0.0,0.0,0.0,0.0,0,KAGGLE_CASIA_2_0,none_authentic,Au_ind_30166.jpg
0.0,0.0,0.0,0.0,0.0,0.0,0.0,0.0,0.0,1.6427850723266602,1.2501475811004639,12.0,0.0,14.894200325012207,5380.99267578125,0.24629720052083334,0.0,0.0,0.0,0.17950549357115012,0.0,0.0,0.0,0.0,0.0,0.0,0.0,0.0,1,KAGGLE_CASIA_2_0,splicing_or_copymove,Tp_S_CRN_S_N_sec00048_sec00048_11247.jpg
0.0,0.0,0.0,0.0,0.0,0.0,0.0,0.0,0.0,2.718897819519043,2.0617473125457764,28.66666603088379,0.00012916666666666667,9.0696382522583,2117.649658203125,0.1313875,0.0,0.0,0.0,30.983480918777047,0.0,0.0,0.0,0.0,0.0,0.0,0.0,0.0,0,KAGGLE_CASIA_2_0,none_authentic,Au_cha_10185.jpg
0.0,0.0,0.0,0.0,0.0,0.0,0.0,0.0,0.0,0.4614615738391876,0.5861661434173584,8.333333015441895,0.0,4.093599796295166,325.5092468261719,0.040068359375,0.0,0.0,0.0,0.0,0.0,0.0,0.0,0.0,0.0,0.0,0.0,0.0,1,KAGGLE_CASIA_2_0,splicing_or_copymove,Tp_D_NRN_M_B_nat10155_nat10164_12115.jpg
0.0,0.0,0.0,0.0,0.0,0.0,0.0,0.0,0.0,0.02257283590734005,0.1492810845375061,3.3333332538604736,0.0,14.499966621398926,5334.5595703125,0.2783101399739583,0.0,0.0,0.0,1.1360944617304516,0.0,0.0,0.0,0.0,0.0,0.0,0.0,0.0,0,KAGGLE_CASIA_2_0,none_authentic,Au_ind_30131.jpg
0.0,0.0,0.0,0.0,0.0,0.0,0.0,0.0,0.0,3.0620691776275635,2.8250982761383057,45.66666793823242,0.0025448833034111312,5.533491134643555,709.6954345703125,0.1095511669658887,0.0,0.0,0.0,49.22843764827668,0.0,0.0,0.0,0.0,0.0,0.0,0.0,0.0,1,KAGGLE_CASIA_2_0,splicing_or_copymove,Tp_S_NRN_S_N_art20050_art20050_01856.tif
0.0,0.0,0.0,0.0,0.0,0.0,0.0,0.0,0.0,1.21331787109375,1.168796420097351,12.666666984558105,0.0,8.12576675415039,1389.52587890625,0.1038818359375,0.0,0.0,0.0,0.8930066188252033,0.0,0.0,0.0,0.0,0.0,0.0,0.0,0.0,0,KAGGLE_CASIA_2_0,none_authentic,Au_sec_30020.jpg
0.0,0.0,0.0,0.0,0.0,0.0,0.0,0.0,0.0,2.009606122970581,1.5527892112731934,15.0,0.0,14.108597755432129,4802.96142578125,0.295318603515625,0.0,0.0,0.0,0.0,0.0,0.0,0.0,0.0,0.0,0.0,0.0,0.0,0,KAGGLE_CASIA_2_0,none_authentic,Au_art_30005.jpg
0.0,0.0,0.0,0.0,0.0,0.0,0.0,0.0,0.0,1.0275235176086426,0.948849081993103,9.0,0.0,9.648460388183594,2340.16552734375,0.137359619140625,0.0,0.0,0.0,13.349743846607367,0.0,0.0,0.0,0.0,0.0,0.0,0.0,0.0,1,KAGGLE_CASIA_2_0,splicing_or_copymove,Tp_S_CNN_M_N_nat00082_nat00082_10604.jpg
0.0,0.0,0.0,0.0,0.0,0.0,0.0,0.0,0.0,4.893115997314453,3.3557968139648438,39.0,0.005435823754789272,16.03221321105957,5784.8330078125,0.28966954022988506,0.0,0.0,0.0,22.002376409219373,0.0,0.0,0.0,0.0,0.0,0.0,0.0,0.0,1,KAGGLE_CASIA_2_0,splicing_or_copymove,Tp_S_NRN_S_N_art20066_art20066_01872.tif
0.0,0.0,0.0,0.0,0.0,0.0,0.0,0.0,0.0,1.1913248300552368,1.2185951471328735,14.0,0.0,9.499725341796875,1974.43212890625,0.11319986979166667,0.0,0.0,0.0,0.0,0.0,0.0,0.0,0.0,0.0,0.0,0.0,0.0,0,KAGGLE_CASIA_2_0,none_authentic,Au_nat_30266.jpg
0.0,0.0,0.0,0.0,0.0,0.0,0.0,0.0,0.0,1.5210198163986206,1.460325002670288,14.0,0.0,13.421411514282227,3737.947998046875,0.20824178059895834,0.0,0.0,0.0,0.8752815739881323,0.0,0.0,0.0,0.0,0.0,0.0,0.0,0.0,0,KAGGLE_CASIA_2_0,none_authentic,Au_arc_30416.jpg
0.0,0.0,0.0,0.0,0.0,0.0,0.0,0.0,0.0,1.3888311386108398,0.9859262108802795,11.0,0.0,10.313406944274902,2703.1064453125,0.21806844075520834,0.0,0.0,0.0,1.0993201540485797,0.0,0.0,0.0,0.0,0.0,0.0,0.0,0.0,1,KAGGLE_CASIA_2_0,splicing_or_copymove,Tp_S_CNN_S_N_nat00088_nat00088_10581.jpg
0.0,0.0,0.0,0.0,0.0,0.0,0.0,0.0,0.0,0.6890714168548584,0.9557214975357056,18.33333396911621,5.865102639296188e-06,7.064576625823975,1011.3510131835938,0.10215835777126099,0.0,0.0,0.0,2.0444568198621327,0.0,0.0,0.0,0.0,0.0,0.0,0.0,0.0,1,KAGGLE_CASIA_2_0,splicing_or_copymove,Tp_S_NRN_S_N_arc20057_arc20057_01697.tif
0.0,0.0,0.0,0.0,0.0,0.0,0.0,0.0,0.0,1.0332099199295044,0.8448519110679626,9.0,0.0,5.086096286773682,540.1923217773438,0.16429646809895834,0.0,0.0,0.0,5.567649918514614,0.0,0.0,0.0,0.0,0.0,0.0,0.0,0.0,0,KAGGLE_CASIA_2_0,none_authentic,Au_ani_30540.jpg
0.0,0.0,0.0,0.0,0.0,0.0,0.0,0.0,0.0,0.69915771484375,0.606297492980957,8.0,0.0,19.332239151000977,10681.3232421875,0.353363037109375,0.0,0.0,0.0,23.279669759366996,0.0,0.0,0.0,0.0,0.0,0.0,0.0,0.0,0,KAGGLE_CASIA_2_0,none_authentic,Au_pla_00087.jpg
0.0,0.0,0.0,0.0,0.0,0.0,0.0,0.0,0.0,2.201819658279419,2.9401776790618896,33.33333206176758,0.0010884602864583333,6.975241661071777,1040.0421142578125,0.12153116861979167,0.0,0.0,0.0,0.32161201595207756,0.0,0.0,0.0,0.0,0.0,0.0,0.0,0.0,1,KAGGLE_CASIA_2_0,splicing_or_copymove,Tp_D_NRN_M_B_nat10122_nat00062_11335.jpg
0.0,0.0,0.0,0.0,0.0,0.0,0.0,0.0,0.0,2.353935956954956,1.9760210514068604,27.0,0.00018310546875,5.727088451385498,679.7669067382812,0.218780517578125,0.0,0.0,0.0,0.0,0.0,0.0,0.0,0.0,0.0,0.0,0.0,0.0,1,KAGGLE_CASIA_2_0,splicing_or_copymove,Tp_S_NRN_S_N_art00043_art00043_01411.tif
0.0,0.0,0.0,0.0,0.0,0.0,0.0,0.0,0.0,0.1881035715341568,0.43790724873542786,5.333333492279053,0.0,9.990180969238281,2384.69677734375,0.1409912109375,0.0,0.0,0.0,0.13016955922880602,0.0,0.0,0.0,0.0,0.0,0.0,0.0,0.0,0,KAGGLE_CASIA_2_0,none_authentic,Au_art_30373.jpg
0.0,0.0,0.0,0.0,0.0,0.0,0.0,0.0,0.0,0.0407986119389534,0.18746182322502136,2.3333332538604736,0.0,5.205451488494873,629.2886962890625,0.10044352213541667,0.0,0.0,0.0,18.270144418786987,0.0,0.0,0.0,0.0,0.0,0.0,0.0,0.0,0,KAGGLE_CASIA_2_0,none_authentic,Au_ani_00027.jpg
0.0,0.0,0.0,0.0,0.0,0.0,0.0,0.0,0.0,1.30255126953125,0.9519144892692566,15.0,0.0,9.235663414001465,1716.89892578125,0.19059244791666666,0.0,0.0,0.0,1.1767973402449927,0.0,0.0,0.0,0.0,0.0,0.0,0.0,0.0,1,KAGGLE_CASIA_2_0,splicing_or_copymove,Tp_D_NRN_S_N_ind00087_ani10123_11775.jpg
0.0,0.0,0.0,0.0,0.0,0.0,0.0,0.0,0.0,2.2006192207336426,2.2058002948760986,22.33333396911621,0.000396728515625,10.014907836914062,2158.460693359375,0.193572998046875,0.0,0.0,0.0,8.428685249950616,0.0,0.0,0.0,0.0,0.0,0.0,0.0,0.0,1,KAGGLE_CASIA_2_0,splicing_or_copymove,Tp_D_NNN_M_N_cha00074_txt00068_10192.tif
0.0,0.0,0.0,0.0,0.0,0.0,0.0,0.0,0.0,1.0213279724121094,1.1965969800949097,20.66666603088379,2.2798518096323738e-05,7.184810161590576,989.8040771484375,0.13038472499287546,0.0,0.0,0.0,0.0,0.0,0.0,0.0,0.0,0.0,0.0,0.0,0.0,1,KAGGLE_CASIA_2_0,splicing_or_copymove,Tp_D_NRD_M_B_arc20062_arc20062_02482.tif
0.0,0.0,0.0,0.0,0.0,0.0,0.0,0.0,0.0,1.3672012090682983,1.3425698280334473,15.0,0.0,8.671035766601562,1900.6131591796875,0.171905517578125,0.0,0.0,0.0,0.0,0.0,0.0,0.0,0.0,0.0,0.0,0.0,0.0,0,KAGGLE_CASIA_2_0,none_authentic,Au_nat_30206.jpg
0.0,0.0,0.0,0.0,0.0,0.0,0.0,0.0,0.0,0.9232084155082703,0.9451402425765991,14.0,0.0,7.38170051574707,1268.0341796875,0.147213608957795,0.0,0.0,0.0,4.306526772180359,0.0,0.0,0.0,0.0,0.0,0.0,0.0,0.0,0,KAGGLE_CASIA_2_0,none_authentic,Au_ani_20017.jpg
0.0,0.0,0.0,0.0,0.0,0.0,0.0,0.0,0.0,1.4046224355697632,1.3986425399780273,21.66666603088379,3.0517578125e-05,11.337912559509277,3118.547607421875,0.20012410481770834,0.0,0.0,0.0,11.158327206688226,0.0,0.0,0.0,0.0,0.0,0.0,0.0,0.0,1,KAGGLE_CASIA_2_0,splicing_or_copymove,Tp_D_NRN_S_N_cha00062_art00092_11717.jpg
0.0,0.0,0.0,0.0,0.0,0.0,0.0,0.0,0.0,2.6924030780792236,2.226905345916748,32.33333206176758,0.00042724609375,8.175210952758789,1433.2496337890625,0.248626708984375,0.0,0.0,0.0,3.331237436320452,0.0,0.0,0.0,0.0,0.0,0.0,0.0,0.0,1,KAGGLE_CASIA_2_0,splicing_or_copymove,Tp_D_CRN_S_N_nat10128_ani00070_11539.jpg
0.0,0.0,0.0,0.0,0.0,0.0,0.0,0.0,0.0,0.2730204463005066,0.5462573766708374,7.0,0.0,12.941873550415039,3837.322265625,0.20509847005208334,0.0,0.0,0.0,4.156212468028444,0.0,0.0,0.0,0.0,0.0,0.0,0.0,0.0,0,KAGGLE_CASIA_2_0,none_authentic,Au_sec_30643.jpg
0.0,0.0,0.0,0.0,0.0,0.0,0.0,0.0,0.0,0.9181993007659912,0.9603114724159241,13.666666984558105,0.0,9.464533805847168,1951.3687744140625,0.1556396484375,0.0,0.0,0.0,0.0,0.0,0.0,0.0,0.0,0.0,0.0,0.0,0.0,1,KAGGLE_CASIA_2_0,splicing_or_copymove,Tp_S_NNN_S_N_ind00081_ind00081_01365.tif
0.0,0.0,0.0,0.0,0.0,0.0,0.0,0.0,0.0,1.594818115234375,1.4620873928070068,14.666666984558105,0.0,11.256628036499023,3042.348876953125,0.20328776041666666,0.0,0.0,0.0,0.0,0.0,0.0,0.0,0.0,0.0,0.0,0.0,0.0,0,KAGGLE_CASIA_2_0,none_authentic,Au_sec_30449.jpg
0.0,0.0,0.0,0.0,0.0,0.0,0.0,0.0,0.0,1.4229635000228882,1.466719150543213,16.33333396911621,0.0,12.38528823852539,3548.381103515625,0.14963785807291666,0.0,0.0,0.0,2.6246692913372693,0.0,0.0,0.0,0.0,0.0,0.0,0.0,0.0,0,KAGGLE_CASIA_2_0,none_authentic,Au_sec_30001.jpg
0.0,0.0,0.0,0.0,0.0,0.0,0.0,0.0,0.0,0.9973415732383728,1.3164656162261963,16.33333396911621,0.0,7.588643550872803,1371.7330322265625,0.14630126953125,0.0,0.0,0.0,5.145443220705093,0.0,0.0,0.0,0.0,0.0,0.0,0.0,0.0,1,KAGGLE_CASIA_2_0,splicing_or_copymove,Tp_S_CNN_M_N_sec00092_sec00092_10358.tif
0.0,0.0,0.0,0.0,0.0,0.0,0.0,0.0,0.0,3.731203556060791,2.8346939086914062,36.66666793823242,0.002762762762762763,9.179157257080078,1698.2335205078125,0.14092492492492492,0.0,0.0,0.0,2.2950899800506566,0.0,0.0,0.0,0.0,0.0,0.0,0.0,0.0,1,KAGGLE_CASIA_2_0,splicing_or_copymove,Tp_D_NRN_M_N_sec10106_sec10109_10332.tif
0.0,0.0,0.0,0.0,0.0,0.0,0.0,0.0,0.0,0.7125718593597412,0.8785757422447205,13.0,0.0,5.617316246032715,634.1997680664062,0.056355794270833336,0.0,0.0,0.0,18.688413595623583,0.0,0.0,0.0,0.0,0.0,0.0,0.0,0.0,0,KAGGLE_CASIA_2_0,none_authentic,Au_art_30260.jpg
0.0,0.0,0.0,0.0,0.0,0.0,0.0,0.0,0.0,0.7646755576133728,0.992621123790741,15.666666984558105,0.0,8.968494415283203,1721.6763916015625,0.14251708984375,0.0,0.0,0.0,1.1770661962940152,0.0,0.0,0.0,0.0,0.0,0.0,0.0,0.0,1,KAGGLE_CASIA_2_0,splicing_or_copymove,Tp_S_NRN_S_N_art00030_art00030_10469.tif
0.0,0.0,0.0,0.0,0.0,0.0,0.0,0.0,0.0,0.9335700869560242,0.8507582545280457,12.0,0.0,2.9078009128570557,170.14373779296875,0.0404052734375,0.0,0.0,0.0,2.8789572872358495,0.0,0.0,0.0,0.0,0.0,0.0,0.0,0.0,1,KAGGLE_CASIA_2_0,splicing_or_copymove,Tp_S_NNN_S_N_ani00094_ani00094_00214.tif
0.0,0.0,0.0,0.0,0.0,0.0,0.0,0.0,0.0,2.543026924133301,3.267608642578125,64.66666412353516,0.006234003656307129,8.55749797821045,1509.1708984375,0.12965722120658135,0.0,0.0,0.0,4.196023751880784,0.0,0.0,0.0,0.0,0.0,0.0,0.0,0.0,1,KAGGLE_CASIA_2_0,splicing_or_copymove,Tp_S_NNN_S_N_cha20030_cha20030_02485.tif
0.0,0.0,0.0,0.0,0.0,0.0,0.0,0.0,0.0,0.9586487412452698,1.0976122617721558,13.333333015441895,0.0,6.4522385597229,969.4740600585938,0.100860595703125,0.0,0.0,0.0,0.0,0.0,0.0,0.0,0.0,0.0,0.0,0.0,0.0,0,KAGGLE_CASIA_2_0,none_authentic,Au_ani_30287.jpg
0.0,0.0,0.0,0.0,0.0,0.0,0.0,0.0,0.0,2.272430419921875,1.8419723510742188,16.0,0.0,17.1860294342041,7403.248046875,0.3210347493489583,0.0,0.0,0.0,0.0,0.0,0.0,0.0,0.0,0.0,0.0,0.0,0.0,0,KAGGLE_CASIA_2_0,none_authentic,Au_nat_30559.jpg
0.0,0.0,0.0,0.0,0.0,0.0,0.0,0.0,0.0,1.38623046875,1.0941190719604492,10.0,0.0,7.311119556427002,1096.4447021484375,0.15313720703125,0.0,0.0,0.0,0.11179444134592212,0.0,0.0,0.0,0.0,0.0,0.0,0.0,0.0,1,KAGGLE_CASIA_2_0,splicing_or_copymove,Tp_S_NRN_S_N_art00003_art00003_10755.jpg
0.0,0.0,0.0,0.0,0.0,0.0,0.0,0.0,0.0,1.1120232343673706,0.8488746285438538,8.666666984558105,0.0,3.108067274093628,200.79150390625,0.091552734375,0.0,0.0,0.0,0.0,0.0,0.0,0.0,0.0,0.0,0.0,0.0,0.0,0,KAGGLE_CASIA_2_0,none_authentic,Au_ani_30470.jpg
0.0,0.0,0.0,0.0,0.0,0.0,0.0,0.0,0.0,1.2885128259658813,1.2389566898345947,17.0,0.0,9.516985893249512,1987.4705810546875,0.1848105081826012,0.0,0.0,0.0,10.88470186518113,0.0,0.0,0.0,0.0,0.0,0.0,0.0,0.0,1,KAGGLE_CASIA_2_0,splicing_or_copymove,Tp_S_NRD_S_N_ani20011_ani20011_02054.tif
0.0,0.0,0.0,0.0,0.0,0.0,0.0,0.0,0.0,2.2151429653167725,2.938145875930786,48.0,0.005134642839560872,13.014559745788574,3775.083984375,0.14517304189435337,0.0,0.0,0.0,12.866663141940233,0.0,0.0,0.0,0.0,0.0,0.0,0.0,0.0,1,KAGGLE_CASIA_2_0,splicing_or_copymove,Tp_D_NNN_M_N_cha10166_nat10142_12271.jpg
0.0,0.0,0.0,0.0,0.0,0.0,0.0,0.0,0.0,1.4060397148132324,1.4369994401931763,19.66666603088379,1.0172526041666666e-05,12.384410858154297,3155.857421875,0.23496500651041666,0.0,0.0,0.0,18.194075958948837,0.0,0.0,0.0,0.0,0.0,0.0,0.0,0.0,1,KAGGLE_CASIA_2_0,splicing_or_copymove,Tp_D_NRN_S_B_art00022_ani00061_00504.tif
0.0,0.0,0.0,0.0,0.0,0.0,0.0,0.0,0.0,0.44094693660736084,0.6121902465820312,7.0,0.0,4.878634452819824,448.718994140625,0.08316666666666667,0.0,0.0,0.0,0.0,0.0,0.0,0.0,0.0,0.0,0.0,0.0,0.0,0,KAGGLE_CASIA_2_0,none_authentic,Au_sec_20091.jpg
0.0,0.0,0.0,0.0,0.0,0.0,0.0,0.0,0.0,0.6674702763557434,1.0926345586776733,20.0,1.0172526041666666e-05,4.915175914764404,530.46533203125,0.11699422200520833,0.0,0.0,0.0,27.09818681009972,0.0,0.0,0.0,0.0,0.0,0.0,0.0,0.0,1,KAGGLE_CASIA_2_0,splicing_or_copymove,Tp_S_NND_S_B_art00010_art00010_01200.tif
0.0,0.0,0.0,0.0,0.0,0.0,0.0,0.0,0.0,2.1083338260650635,2.2810897827148438,29.66666603088379,0.0004475911458333333,11.369693756103516,2523.590087890625,0.19775390625,0.0,0.0,0.0,16.75460135803495,0.0,0.0,0.0,0.0,0.0,0.0,0.0,0.0,1,KAGGLE_CASIA_2_0,splicing_or_copymove,Tp_D_NNN_M_N_art00023_nat00059_11875.jpg
0.0,0.0,0.0,0.0,0.0,0.0,0.0,0.0,0.0,1.7716540098190308,1.8247411251068115,46.0,0.000640869140625,6.546145439147949,890.607666015625,0.18318684895833334,0.0,0.0,0.0,0.0,0.0,0.0,0.0,0.0,0.0,0.0,0.0,0.0,0,KAGGLE_CASIA_2_0,none_authentic,Au_nat_10112.JPG
0.0,0.0,0.0,0.0,0.0,0.0,0.0,0.0,0.0,0.62237548828125,0.6584529280662537,9.666666984558105,0.0,3.092730760574341,207.20021057128906,0.039988199869791664,0.0,0.0,0.0,0.0,0.0,0.0,0.0,0.0,0.0,0.0,0.0,0.0,1,KAGGLE_CASIA_2_0,splicing_or_copymove,Tp_D_NNN_S_N_nat00012_nat00012_11055.jpg
0.0,0.0,0.0,0.0,0.0,0.0,0.0,0.0,0.0,1.6903482675552368,1.3704878091812134,14.333333015441895,0.0,10.499039649963379,2616.768798828125,0.251495361328125,0.0,0.0,0.0,17.628877312425942,0.0,0.0,0.0,0.0,0.0,0.0,0.0,0.0,0,KAGGLE_CASIA_2_0,none_authentic,Au_arc_30471.jpg
0.0,0.0,0.0,0.0,0.0,0.0,0.0,0.0,0.0,0.3950568437576294,0.7376217246055603,13.333333015441895,0.0,4.000965595245361,396.1146545410156,0.019134521484375,0.0,0.0,0.0,0.0,0.0,0.0,0.0,0.0,0.0,0.0,0.0,0.0,0,KAGGLE_CASIA_2_0,none_authentic,Au_ani_30495.jpg
0.0,0.0,0.0,0.0,0.0,0.0,0.0,0.0,0.0,1.3589578866958618,1.5357755422592163,15.0,0.0,11.248738288879395,3120.943603515625,0.18074544270833334,0.0,0.0,0.0,26.72170628490739,0.0,0.0,0.0,0.0,0.0,0.0,0.0,0.0,0,KAGGLE_CASIA_2_0,none_authentic,Au_nat_30571.jpg
0.0,0.0,0.0,0.0,0.0,0.0,0.0,0.0,0.0,1.2550183534622192,1.435442328453064,17.33333396911621,0.0,6.96539831161499,1235.2677001953125,0.10918172200520833,0.0,0.0,0.0,25.432074237073152,0.0,0.0,0.0,0.0,0.0,0.0,0.0,0.0,1,KAGGLE_CASIA_2_0,splicing_or_copymove,Tp_S_CNN_M_N_sec00043_sec00043_10492.tif
0.0,0.0,0.0,0.0,0.0,0.0,0.0,0.0,0.0,2.6105549335479736,1.6699317693710327,21.66666603088379,2.0345052083333332e-05,15.580254554748535,5534.01611328125,0.199951171875,0.0,0.0,0.0,6.725085210829348,0.0,0.0,0.0,0.0,0.0,0.0,0.0,0.0,1,KAGGLE_CASIA_2_0,splicing_or_copymove,Tp_D_CRN_M_N_txt00063_txt00017_10835.jpg
0.0,0.0,0.0,0.0,0.0,0.0,0.0,0.0,0.0,0.7964680790901184,0.9876097440719604,15.0,0.0,8.60996150970459,1514.3470458984375,0.16605631510416666,0.0,0.0,0.0,24.388766157233462,0.0,0.0,0.0,0.0,0.0,0.0,0.0,0.0,1,KAGGLE_CASIA_2_0,splicing_or_copymove,Tp_S_CRN_S_N_art00040_art00040_10462.tif
0.0,0.0,0.0,0.0,0.0,0.0,0.0,0.0,0.0,0.7040643095970154,0.9698167443275452,12.0,0.0,7.727042198181152,1450.5474853515625,0.17860921223958334,0.0,0.0,0.0,5.070761258605483,0.0,0.0,0.0,0.0,0.0,0.0,0.0,0.0,1,KAGGLE_CASIA_2_0,splicing_or_copymove,Tp_S_NNN_S_N_ani00044_ani00044_00830.tif
0.0,0.0,0.0,0.0,0.0,0.0,0.0,0.0,0.0,0.8782110810279846,1.3077023029327393,21.0,1.0172526041666666e-05,6.202365875244141,863.5322875976562,0.14283243815104166,0.0,0.0,0.0,0.0,0.0,0.0,0.0,0.0,0.0,0.0,0.0,0.0,1,KAGGLE_CASIA_2_0,splicing_or_copymove,Tp_S_NNN_M_N_ani00021_ani00021_00141.tif
0.0,0.0,0.0,0.0,0.0,0.0,0.0,0.0,0.0,1.4773592948913574,1.7094757556915283,27.33333396911621,0.00016276041666666666,10.31295108795166,2077.26318359375,0.189483642578125,0.0,0.0,0.0,6.96839965487055,0.0,0.0,0.0,0.0,0.0,0.0,0.0,0.0,1,KAGGLE_CASIA_2_0,splicing_or_copymove,Tp_S_NRN_M_N_art00093_art00093_10485.tif
0.0,0.0,0.0,0.0,0.0,0.0,0.0,0.0,0.0,3.2800750732421875,2.559624671936035,40.33333206176758,0.001275,12.860343933105469,4110.23046875,0.1711125,0.0,0.0,0.0,2.8133609793270398,0.0,0.0,0.0,0.0,0.0,0.0,0.0,0.0,0,KAGGLE_CASIA_2_0,none_authentic,Au_cha_10188.jpg
0.0,0.0,0.0,0.0,0.0,0.0,0.0,0.0,0.0,2.1156513690948486,1.7516905069351196,21.0,2.0345052083333332e-05,8.96082592010498,1713.4271240234375,0.23914591471354166,0.0,0.0,0.0,1.5155992478717395,0.0,0.0,0.0,0.0,0.0,0.0,0.0,0.0,1,KAGGLE_CASIA_2_0,splicing_or_copymove,Tp_D_NRN_M_N_nat10116_cha00027_11675.jpg
0.0,0.0,0.0,0.0,0.0,0.0,0.0,0.0,0.0,1.5697699785232544,2.8357017040252686,38.33333206176758,0.001979166666666667,8.730024337768555,1765.2427978515625,0.09510416666666667,0.0,0.0,0.0,1.226880175361239,0.0,0.0,0.0,0.0,0.0,0.0,0.0,0.0,1,KAGGLE_CASIA_2_0,splicing_or_copymove,Tp_S_NRN_S_N_ani10214_ani10214_12379.jpg
0.0,0.0,0.0,0.0,0.0,0.0,0.0,0.0,0.0,1.650619626045227,1.371448278427124,16.33333396911621,0.0,5.8430304527282715,742.4395141601562,0.12363112391930836,0.0,0.0,0.0,15.465533359940679,0.0,0.0,0.0,0.0,0.0,0.0,0.0,0.0,1,KAGGLE_CASIA_2_0,splicing_or_copymove,Tp_D_NRN_S_N_ani10130_ani00031_12498.jpg
0.0,0.0,0.0,0.0,0.0,0.0,0.0,0.0,0.0,1.4687093496322632,1.5012094974517822,24.66666603088379,0.00011189778645833333,11.156864166259766,2986.125732421875,0.199798583984375,0.0,0.0,0.0,11.686516073736492,0.0,0.0,0.0,0.0,0.0,0.0,0.0,0.0,1,KAGGLE_CASIA_2_0,splicing_or_copymove,Tp_S_NRN_M_N_cha00062_cha00062_11022.jpg
0.0,0.0,0.0,0.0,0.0,0.0,0.0,0.0,0.0,0.0260823592543602,0.151930034160614,2.3333332538604736,0.0,5.5437116622924805,663.6307983398438,0.08864339192708333,0.0,0.0,0.0,0.922310923412689,0.0,0.0,0.0,0.0,0.0,0.0,0.0,0.0,0,KAGGLE_CASIA_2_0,none_authentic,Au_art_30667.jpg
0.0,0.0,0.0,0.0,0.0,0.0,0.0,0.0,0.0,1.2869940996170044,1.0188473463058472,15.666666984558105,0.0,7.317326068878174,1055.3177490234375,0.13251749674479166,0.0,0.0,0.0,0.0,0.0,0.0,0.0,0.0,0.0,0.0,0.0,0.0,0,KAGGLE_CASIA_2_0,none_authentic,Au_arc_30827.jpg
0.0,0.0,0.0,0.0,0.0,0.0,0.0,0.0,0.0,0.0669182687997818,0.2736876904964447,5.666666507720947,0.0,3.854180335998535,329.5381164550781,0.026346842447916668,0.0,0.0,0.0,31.445898377902775,0.0,0.0,0.0,0.0,0.0,0.0,0.0,0.0,0,KAGGLE_CASIA_2_0,none_authentic,Au_ani_00005.jpg
0.0,0.0,0.0,0.0,0.0,0.0,0.0,0.0,0.0,0.508897602558136,0.7862256169319153,11.666666984558105,0.0,7.134552478790283,1190.7957763671875,0.09870768229166667,0.0,0.0,0.0,0.0,0.0,0.0,0.0,0.0,0.0,0.0,0.0,0.0,1,KAGGLE_CASIA_2_0,splicing_or_copymove,Tp_D_NNN_M_N_nat10166_nat10169_12113.jpg
0.0,0.0,0.0,0.0,0.0,0.0,0.0,0.0,0.0,0.9069315791130066,0.8503814935684204,15.0,0.0,6.0767669677734375,740.5259399414062,0.11236572265625,0.0,0.0,0.0,6.562544623158298,0.0,0.0,0.0,0.0,0.0,0.0,0.0,0.0,1,KAGGLE_CASIA_2_0,splicing_or_copymove,Tp_D_NRN_S_N_cha00050_ani10123_11688.jpg
0.0,0.0,0.0,0.0,0.0,0.0,0.0,0.0,0.0,1.5726385116577148,1.5824642181396484,15.0,0.0,11.422208786010742,3322.4765625,0.19730631510416666,0.0,0.0,0.0,15.743801445350396,0.0,0.0,0.0,0.0,0.0,0.0,0.0,0.0,0,KAGGLE_CASIA_2_0,none_authentic,Au_nat_30563.jpg
0.0,0.0,0.0,0.0,0.0,0.0,0.0,0.0,0.0,1.1565924882888794,1.1949447393417358,14.0,0.0,7.926607131958008,1391.8740234375,0.1397705078125,0.0,0.0,0.0,0.28860978651596886,0.0,0.0,0.0,0.0,0.0,0.0,0.0,0.0,0,KAGGLE_CASIA_2_0,none_authentic,Au_sec_30521.jpg
0.0,0.0,0.0,0.0,0.0,0.0,0.0,0.0,0.0,1.1351724863052368,1.070094108581543,13.666666984558105,0.0,6.510269641876221,1031.4649658203125,0.127227783203125,0.0,0.0,0.0,26.856081898670496,0.0,0.0,0.0,0.0,0.0,0.0,0.0,0.0,0,KAGGLE_CASIA_2_0,none_authentic,Au_ani_30058.jpg
0.0,0.0,0.0,0.0,0.0,0.0,0.0,0.0,0.0,2.492131471633911,1.8065996170043945,23.0,1.3018799145966776e-05,8.006449699401855,1407.1546630859375,0.1454928917356663,0.0,0.0,0.0,0.07412380035910907,0.0,0.0,0.0,0.0,0.0,0.0,0.0,0.0,0,KAGGLE_CASIA_2_0,none_authentic,Au_ani_20035.jpg
0.0,0.0,0.0,0.0,0.0,0.0,0.0,0.0,0.0,0.3748236894607544,1.0803886651992798,19.66666603088379,3.0517578125e-05,5.291164875030518,667.7997436523438,0.06572469075520833,0.0,0.0,0.0,0.5689654168057612,0.0,0.0,0.0,0.0,0.0,0.0,0.0,0.0,1,KAGGLE_CASIA_2_0,splicing_or_copymove,Tp_D_NRN_S_N_ani00033_ani00034_10236.tif
0.0,0.0,0.0,0.0,0.0,0.0,0.0,0.0,0.0,1.4329257011413574,1.4048023223876953,17.66666603088379,0.0,11.753170013427734,3087.781982421875,0.14216105143229166,0.0,0.0,0.0,4.10848931094459,0.0,0.0,0.0,0.0,0.0,0.0,0.0,0.0,0,KAGGLE_CASIA_2_0,none_authentic,Au_cha_30167.jpg
0.0,0.0,0.0,0.0,0.0,0.0,0.0,0.0,0.0,1.9010381698608398,1.571055293083191,14.666666984558105,0.0,12.848382949829102,4085.274169921875,0.2649637858072917,0.0,0.0,0.0,5.45753811001098,0.0,0.0,0.0,0.0,0.0,0.0,0.0,0.0,0,KAGGLE_CASIA_2_0,none_authentic,Au_arc_30250.jpg
0.0,0.0,0.0,0.0,0.0,0.0,0.0,0.0,0.0,0.1624620407819748,0.3726421594619751,4.0,0.0,4.687018871307373,504.3607177734375,0.11456298828125,0.0,0.0,0.0,33.011093623221136,0.0,0.0,0.0,0.0,0.0,0.0,0.0,0.0,0,KAGGLE_CASIA_2_0,none_authentic,Au_pla_30125.jpg
0.0,0.0,0.0,0.0,0.0,0.0,0.0,0.0,0.0,1.0249431133270264,1.2245148420333862,20.0,4.0690104166666664e-05,8.992701530456543,1808.4361572265625,0.10683186848958333,0.0,0.0,0.0,1.8925534680366827,0.0,0.0,0.0,0.0,0.0,0.0,0.0,0.0,1,KAGGLE_CASIA_2_0,splicing_or_copymove,Tp_D_NRN_M_B_arc00030_cha00028_20106.jpg
0.0,0.0,0.0,0.0,0.0,0.0,0.0,0.0,0.0,1.0221524238586426,1.089288353919983,15.0,0.0,7.107123851776123,1090.97705078125,0.12746175130208334,0.0,0.0,0.0,2.22221749860742,0.0,0.0,0.0,0.0,0.0,0.0,0.0,0.0,0,KAGGLE_CASIA_2_0,none_authentic,Au_sec_30511.jpg
0.0,0.0,0.0,0.0,0.0,0.0,0.0,0.0,0.0,0.821229875087738,0.7697153687477112,10.0,0.0,7.610952854156494,1125.2864990234375,0.14631875,0.0,0.0,0.0,7.472279500761465,0.0,0.0,0.0,0.0,0.0,0.0,0.0,0.0,1,KAGGLE_CASIA_2_0,splicing_or_copymove,Tp_S_NRD_S_N_arc10121_arc10121_12106.jpg
0.0,0.0,0.0,0.0,0.0,0.0,0.0,0.0,0.0,2.262664794921875,1.6236211061477661,15.666666984558105,0.0,10.427482604980469,2709.972900390625,0.2759602864583333,0.0,0.0,0.0,0.0,0.0,0.0,0.0,0.0,0.0,0.0,0.0,0.0,0,KAGGLE_CASIA_2_0,none_authentic,Au_pla_30249.jpg
0.0,0.0,0.0,0.0,0.0,0.0,0.0,0.0,0.0,0.235439732670784,0.42328646779060364,4.0,0.0,6.30157995223999,842.45068359375,0.15814208984375,0.0,0.0,0.0,4.689493221434248,0.0,0.0,0.0,0.0,0.0,0.0,0.0,0.0,0,KAGGLE_CASIA_2_0,none_authentic,Au_cha_30337.jpg
0.0,0.0,0.0,0.0,0.0,0.0,0.0,0.0,0.0,0.8251851201057434,1.1166609525680542,22.0,2.0345052083333332e-05,7.456652641296387,1078.7486572265625,0.09212239583333333,0.0,0.0,0.0,6.6427812857173425,0.0,0.0,0.0,0.0,0.0,0.0,0.0,0.0,1,KAGGLE_CASIA_2_0,splicing_or_copymove,Tp_D_NRN_M_N_art00025_cha00029_11680.jpg
0.0,0.0,0.0,0.0,0.0,0.0,0.0,0.0,0.0,0.5261514186859131,0.7063753604888916,17.0,0.0,2.203916311264038,97.91944122314453,0.017704166666666667,0.0,0.0,0.0,0.16776575221435114,0.0,0.0,0.0,0.0,0.0,0.0,0.0,0.0,1,KAGGLE_CASIA_2_0,splicing_or_copymove,Tp_S_CRN_S_B_cha10114_cha10114_12176.jpg
0.0,0.0,0.0,0.0,0.0,0.0,0.0,0.0,0.0,0.2977193295955658,0.5682862401008606,12.333333015441895,0.0,1.5251765251159668,45.3602409362793,0.0026448567708333335,0.0,0.0,0.0,10.949508258932594,0.0,0.0,0.0,0.0,0.0,0.0,0.0,0.0,1,KAGGLE_CASIA_2_0,splicing_or_copymove,Tp_D_NRN_S_N_cha10109_ani00017_11588.jpg
0.0,0.0,0.0,0.0,0.0,0.0,0.0,0.0,0.0,0.6472405791282654,0.8430793881416321,10.0,0.0,5.538078308105469,731.1679077148438,0.08298746744791667,0.0,0.0,0.0,0.0,0.0,0.0,0.0,0.0,0.0,0.0,0.0,0.0,1,KAGGLE_CASIA_2_0,splicing_or_copymove,Tp_S_NNN_S_B_arc00096_arc00096_11198.jpg
0.0,0.0,0.0,0.0,0.0,0.0,0.0,0.0,0.0,1.3378745317459106,1.1620346307754517,17.0,0.0,7.624520778656006,1173.311279296875,0.1677,0.0,0.0,0.0,15.592155460655938,0.0,0.0,0.0,0.0,0.0,0.0,0.0,0.0,1,KAGGLE_CASIA_2_0,splicing_or_copymove,Tp_S_NNN_S_N_ind20061_ind20061_01802.tif
0.0,0.0,0.0,0.0,0.0,0.0,0.0,0.0,0.0,1.114254355430603,1.410949468612671,18.33333396911621,1.0172526041666666e-05,15.22549057006836,5161.685546875,0.233734130859375,0.0,0.0,0.0,31.028059506209424,0.0,0.0,0.0,0.0,0.0,0.0,0.0,0.0,1,KAGGLE_CASIA_2_0,splicing_or_copymove,Tp_S_NND_S_N_pla00001_pla00001_00541.tif
0.0,0.0,0.0,0.0,0.0,0.0,0.0,0.0,0.0,1.7356600761413574,1.291169285774231,15.333333015441895,0.0,9.540090560913086,2098.869873046875,0.20133463541666666,0.0,0.0,0.0,19.983036393707035,0.0,0.0,0.0,0.0,0.0,0.0,0.0,0.0,1,KAGGLE_CASIA_2_0,splicing_or_copymove,Tp_D_CRN_S_B_pla00071_pla00070_11214.jpg
0.0,0.0,0.0,0.0,0.0,0.0,0.0,0.0,0.0,0.1221686601638794,0.3392823040485382,4.666666507720947,0.0,12.879073143005371,3509.943359375,0.20057169596354166,0.0,0.0,0.0,0.5655676106347355,0.0,0.0,0.0,0.0,0.0,0.0,0.0,0.0,0,KAGGLE_CASIA_2_0,none_authentic,Au_sec_30074.jpg
0.0,0.0,0.0,0.0,0.0,0.0,0.0,0.0,0.0,1.091923713684082,1.0068882703781128,19.66666603088379,5.7537399309551206e-06,7.997087478637695,1298.709228515625,0.16378596087456848,0.0,0.0,0.0,16.61243233525056,0.0,0.0,0.0,0.0,0.0,0.0,0.0,0.0,1,KAGGLE_CASIA_2_0,splicing_or_copymove,Tp_S_CRN_M_N_cha10125_cha10125_12161.jpg
0.0,0.0,0.0,0.0,0.0,0.0,0.0,0.0,0.0,0.0783115029335022,0.27222195267677307,3.3333332538604736,0.0,6.736458778381348,1130.2921142578125,0.10625203450520833,0.0,0.0,0.0,0.19786448397617673,0.0,0.0,0.0,0.0,0.0,0.0,0.0,0.0,0,KAGGLE_CASIA_2_0,none_authentic,Au_cha_30416.jpg
0.0,0.0,0.0,0.0,0.0,0.0,0.0,0.0,0.0,1.2107906341552734,1.5679137706756592,24.33333396911621,6.218905472636816e-05,6.351895809173584,834.4938354492188,0.12823383084577114,0.0,0.0,0.0,0.0,0.0,0.0,0.0,0.0,0.0,0.0,0.0,0.0,1,KAGGLE_CASIA_2_0,splicing_or_copymove,Tp_S_NRN_S_B_sec20077_sec20077_01667.tif
0.0,0.0,0.0,0.0,0.0,0.0,0.0,0.0,0.0,2.1885411739349365,1.759702205657959,23.66666603088379,3.0517578125e-05,11.173608779907227,3037.461669921875,0.2613728841145833,0.0,0.0,0.0,0.0,0.0,0.0,0.0,0.0,0.0,0.0,0.0,0.0,1,KAGGLE_CASIA_2_0,splicing_or_copymove,Tp_D_NRN_S_N_pla00021_pla00014_10965.jpg
0.0,0.0,0.0,0.0,0.0,0.0,0.0,0.0,0.0,3.065917491912842,2.8534111976623535,37.33333206176758,0.00186277475297439,7.138782978057861,1001.2449340820312,0.12660818713450292,0.0,0.0,0.0,11.344077341822034,0.0,0.0,0.0,0.0,0.0,0.0,0.0,0.0,1,KAGGLE_CASIA_2_0,splicing_or_copymove,Tp_S_NNN_S_N_art20089_art20089_02308.tif
0.0,0.0,0.0,0.0,0.0,0.0,0.0,0.0,0.0,1.4363878965377808,1.4117305278778076,17.66666603088379,0.0,9.126524925231934,1859.53125,0.1605224609375,0.0,0.0,0.0,2.1303381844437332,0.0,0.0,0.0,0.0,0.0,0.0,0.0,0.0,1,KAGGLE_CASIA_2_0,splicing_or_copymove,Tp_D_CRN_S_N_sec00058_art00002_00079.tif
0.0,0.0,0.0,0.0,0.0,0.0,0.0,0.0,0.0,1.6187845468521118,1.15510892868042,16.0,0.0,8.37091064453125,1651.9853515625,0.192169189453125,0.0,0.0,0.0,30.47857873679061,0.0,0.0,0.0,0.0,0.0,0.0,0.0,0.0,0,KAGGLE_CASIA_2_0,none_authentic,Au_pla_30456.jpg
0.0,0.0,0.0,0.0,0.0,0.0,0.0,0.0,0.0,1.3309394121170044,1.186655044555664,14.0,0.0,8.408036231994629,1424.9063720703125,0.17240397135416666,0.0,0.0,0.0,13.2526824620594,0.0,0.0,0.0,0.0,0.0,0.0,0.0,0.0,1,KAGGLE_CASIA_2_0,splicing_or_copymove,Tp_S_NRN_S_N_ind00013_ind00013_20069.jpg
0.0,0.0,0.0,0.0,0.0,0.0,0.0,0.0,0.0,0.636155903339386,0.8076111078262329,9.0,0.0,3.837716817855835,334.2099304199219,0.055582682291666664,0.0,0.0,0.0,48.38377827330148,0.0,0.0,0.0,0.0,0.0,0.0,0.0,0.0,0,KAGGLE_CASIA_2_0,none_authentic,Au_pla_30219.jpg
0.0,0.0,0.0,0.0,0.0,0.0,0.0,0.0,0.0,2.0387470722198486,1.8140236139297485,16.0,0.0,14.779131889343262,5525.02734375,0.253875732421875,0.0,0.0,0.0,18.653846153846153,0.0,0.0,0.0,0.0,0.0,0.0,0.0,0.0,0,KAGGLE_CASIA_2_0,none_authentic,Au_nat_30252.jpg
0.0,0.0,0.0,0.0,0.0,0.0,0.0,0.0,0.0,0.4018758237361908,0.721511960029602,9.0,0.0,3.7429845333099365,286.8527526855469,0.045267740885416664,0.0,0.0,0.0,0.0,0.0,0.0,0.0,0.0,0.0,0.0,0.0,0.0,0,KAGGLE_CASIA_2_0,none_authentic,Au_nat_30690.jpg
0.0,0.0,0.0,0.0,0.0,0.0,0.0,0.0,0.0,4.835788249969482,4.203972339630127,51.0,0.015162280701754386,10.469207763671875,2541.216552734375,0.1650921052631579,0.0,0.0,0.0,53.88647767999493,0.0,0.0,0.0,0.0,0.0,0.0,0.0,0.0,1,KAGGLE_CASIA_2_0,splicing_or_copymove,Tp_S_CNN_S_N_ind20007_ind20007_01748.tif
0.0,0.0,0.0,0.0,0.0,0.0,0.0,0.0,0.0,0.8806326389312744,0.9928991198539734,14.333333015441895,0.0,9.313508987426758,2373.696044921875,0.07611328125,0.0,0.0,0.0,0.0,0.0,0.0,0.0,0.0,0.0,0.0,0.0,0.0,1,KAGGLE_CASIA_2_0,splicing_or_copymove,Tp_S_CRN_M_N_nat10137_nat10137_11930.jpg
0.0,0.0,0.0,0.0,0.0,0.0,0.0,0.0,0.0,0.4760810136795044,0.5954928994178772,7.0,0.0,12.263116836547852,3135.986328125,0.164581298828125,0.0,0.0,0.0,0.13128622409733126,0.0,0.0,0.0,0.0,0.0,0.0,0.0,0.0,0,KAGGLE_CASIA_2_0,none_authentic,Au_arc_00050.jpg
0.0,0.0,0.0,0.0,0.0,0.0,0.0,0.0,0.0,1.2173326015472412,1.245321273803711,13.666666984558105,0.0,7.117037296295166,1158.5767822265625,0.11583455403645833,0.0,0.0,0.0,3.074071787608724,0.0,0.0,0.0,0.0,0.0,0.0,0.0,0.0,1,KAGGLE_CASIA_2_0,splicing_or_copymove,Tp_D_NRD_S_N_ind00030_ind00031_01323.tif
0.0,0.0,0.0,0.0,0.0,0.0,0.0,0.0,0.0,0.0271843820810318,0.15114335715770721,2.0,0.0,7.047577857971191,1156.7310791015625,0.15434773763020834,0.0,0.0,0.0,31.3097045658371,0.0,0.0,0.0,0.0,0.0,0.0,0.0,0.0,0,KAGGLE_CASIA_2_0,none_authentic,Au_cha_30372.jpg
0.0,0.0,0.0,0.0,0.0,0.0,0.0,0.0,0.0,1.5142483711242676,1.303107500076294,14.333333015441895,0.0,10.588741302490234,2377.0439453125,0.1734619140625,0.0,0.0,0.0,0.5360200265867958,0.0,0.0,0.0,0.0,0.0,0.0,0.0,0.0,0,KAGGLE_CASIA_2_0,none_authentic,Au_sec_30441.jpg
0.0,0.0,0.0,0.0,0.0,0.0,0.0,0.0,0.0,2.9778833389282227,2.057223081588745,19.33333396911621,8.576329331046313e-06,10.289504051208496,2594.5166015625,0.212131217838765,0.0,0.0,0.0,10.128647795872828,0.0,0.0,0.0,0.0,0.0,0.0,0.0,0.0,0,KAGGLE_CASIA_2_0,none_authentic,Au_pla_20091.jpg
0.0,0.0,0.0,0.0,0.0,0.0,0.0,0.0,0.0,1.7679342031478882,1.3510982990264893,15.333333015441895,0.0,12.520401000976562,3759.1162109375,0.24027506510416666,0.0,0.0,0.0,40.430173800320986,0.0,0.0,0.0,0.0,0.0,0.0,0.0,0.0,1,KAGGLE_CASIA_2_0,splicing_or_copymove,Tp_S_CNN_S_N_pla00069_pla00069_11215.jpg
0.0,0.0,0.0,0.0,0.0,0.0,0.0,0.0,0.0,0.841962993144989,0.6985496878623962,6.333333492279053,0.0,11.163171768188477,2779.397216796875,0.3218587239583333,0.0,0.0,0.0,16.521183218810176,0.0,0.0,0.0,0.0,0.0,0.0,0.0,0.0,0,KAGGLE_CASIA_2_0,none_authentic,Au_pla_00075.jpg
0.0,0.0,0.0,0.0,0.0,0.0,0.0,0.0,0.0,1.3298135995864868,1.0908552408218384,12.0,0.0,10.976628303527832,2448.7060546875,0.14927164713541666,0.0,0.0,0.0,1.9296631830451656,0.0,0.0,0.0,0.0,0.0,0.0,0.0,0.0,1,KAGGLE_CASIA_2_0,splicing_or_copymove,Tp_S_CRN_S_N_ind00048_ind00048_10896.jpg
0.0,0.0,0.0,0.0,0.0,0.0,0.0,0.0,0.0,1.6794977188110352,1.559993028640747,16.0,0.0,12.314257621765137,3788.65234375,0.22557576497395834,0.0,0.0,0.0,14.468630396445452,0.0,0.0,0.0,0.0,0.0,0.0,0.0,0.0,0,KAGGLE_CASIA_2_0,none_authentic,Au_nat_30587.jpg
0.0,0.0,0.0,0.0,0.0,0.0,0.0,0.0,0.0,1.7975293397903442,1.5329762697219849,15.0,0.0,17.009815216064453,6576.99755859375,0.2870992024739583,0.0,0.0,0.0,22.105203007436955,0.0,0.0,0.0,0.0,0.0,0.0,0.0,0.0,0,KAGGLE_CASIA_2_0,none_authentic,Au_art_30157.jpg
0.0,0.0,0.0,0.0,0.0,0.0,0.0,0.0,0.0,0.9704318642616272,1.0080124139785767,13.666666984558105,0.0,8.703225135803223,1556.7384033203125,0.186553955078125,0.0,0.0,0.0,3.734251823083266,0.0,0.0,0.0,0.0,0.0,0.0,0.0,0.0,1,KAGGLE_CASIA_2_0,splicing_or_copymove,Tp_S_CNN_S_N_nat00065_nat00065_00671.tif
0.0,0.0,0.0,0.0,0.0,0.0,0.0,0.0,0.0,10.829145431518555,7.146005153656006,59.66666793823242,0.14735350624399615,16.954246520996094,7431.75,0.36390970220941404,0.0,0.0,0.0,26.102430145565616,0.0,0.0,0.0,0.0,0.0,0.0,0.0,0.0,1,KAGGLE_CASIA_2_0,splicing_or_copymove,Tp_S_CRN_S_N_pla20055_pla20055_01955.tif
0.0,0.0,0.0,0.0,0.0,0.0,0.0,0.0,0.0,2.453685998916626,1.8791277408599854,17.0,0.0,7.97684907913208,1419.27392578125,0.17980441778360984,0.0,0.0,0.0,21.811057338474495,0.0,0.0,0.0,0.0,0.0,0.0,0.0,0.0,1,KAGGLE_CASIA_2_0,splicing_or_copymove,Tp_S_NNN_S_N_pla20064_pla20064_02369.tif
0.0,0.0,0.0,0.0,0.0,0.0,0.0,0.0,0.0,0.744415283203125,0.9844385981559753,12.0,0.0,5.5606489181518555,675.1837768554688,0.08994547526041667,0.0,0.0,0.0,0.0,0.0,0.0,0.0,0.0,0.0,0.0,0.0,0.0,0,KAGGLE_CASIA_2_0,none_authentic,Au_arc_30680.jpg
0.0,0.0,0.0,0.0,0.0,0.0,0.0,0.0,0.0,2.153954267501831,1.6794146299362183,16.0,0.0,15.650018692016602,5693.87841796875,0.2595316569010417,0.0,0.0,0.0,0.0,0.0,0.0,0.0,0.0,0.0,0.0,0.0,0.0,1,KAGGLE_CASIA_2_0,splicing_or_copymove,Tp_D_NRN_S_N_sec00016_ani00013_00702.tif
0.0,0.0,0.0,0.0,0.0,0.0,0.0,0.0,0.0,0.1528964638710022,0.3823608458042145,4.0,0.0,10.696422576904297,2361.197021484375,0.168548583984375,0.0,0.0,0.0,8.791066169001068,0.0,0.0,0.0,0.0,0.0,0.0,0.0,0.0,0,KAGGLE_CASIA_2_0,none_authentic,Au_art_30592.jpg
0.0,0.0,0.0,0.0,0.0,0.0,0.0,0.0,0.0,0.4078945219516754,0.6546691060066223,5.666666507720947,0.0,5.907934665679932,747.419677734375,0.08299763997395833,0.0,0.0,0.0,0.0,0.0,0.0,0.0,0.0,0.0,0.0,0.0,0.0,0,KAGGLE_CASIA_2_0,none_authentic,Au_ind_30007.jpg
0.0,0.0,0.0,0.0,0.0,0.0,0.0,0.0,0.0,1.0048083066940308,1.0634068250656128,12.333333015441895,0.0,5.902263164520264,713.648681640625,0.095245361328125,0.0,0.0,0.0,0.49432149608994186,0.0,0.0,0.0,0.0,0.0,0.0,0.0,0.0,1,KAGGLE_CASIA_2_0,splicing_or_copymove,Tp_D_NRD_M_N_art00098_art00077_11711.jpg
0.0,0.0,0.0,0.0,0.0,0.0,0.0,0.0,0.0,0.497283935546875,0.5874146819114685,4.333333492279053,0.0,8.78658676147461,1523.900390625,0.147125244140625,0.0,0.0,0.0,4.078262157123083,0.0,0.0,0.0,0.0,0.0,0.0,0.0,0.0,0,KAGGLE_CASIA_2_0,none_authentic,Au_arc_00040.jpg
0.0,0.0,0.0,0.0,0.0,0.0,0.0,0.0,0.0,1.0917764902114868,1.4244457483291626,15.0,0.0,12.428927421569824,3369.721923828125,0.11469523111979167,0.0,0.0,0.0,23.581772622090988,0.0,0.0,0.0,0.0,0.0,0.0,0.0,0.0,0,KAGGLE_CASIA_2_0,none_authentic,Au_arc_30391.jpg
0.0,0.0,0.0,0.0,0.0,0.0,0.0,0.0,0.0,0.7333272099494934,1.2717764377593994,28.33333396911621,6.103515625e-05,7.056094169616699,1098.7313232421875,0.130096435546875,0.0,0.0,0.0,10.725037808145904,0.0,0.0,0.0,0.0,0.0,0.0,0.0,0.0,1,KAGGLE_CASIA_2_0,splicing_or_copymove,Tp_D_CRD_S_B_ani00071_ani00064_00191.tif
0.0,0.0,0.0,0.0,0.0,0.0,0.0,0.0,0.0,1.0763583183288574,1.2853351831436157,13.0,0.0,8.949996948242188,1755.3939208984375,0.14461263020833334,0.0,0.0,0.0,4.924887561485218,0.0,0.0,0.0,0.0,0.0,0.0,0.0,0.0,0,KAGGLE_CASIA_2_0,none_authentic,Au_arc_30474.jpg
0.0,0.0,0.0,0.0,0.0,0.0,0.0,0.0,0.0,0.5217702984809875,0.7131950259208679,9.0,0.0,8.712811470031738,1346.405517578125,0.14928689883913765,0.0,0.0,0.0,0.6349714101046048,0.0,0.0,0.0,0.0,0.0,0.0,0.0,0.0,0,KAGGLE_CASIA_2_0,none_authentic,Au_sec_20084.jpg
0.0,0.0,0.0,0.0,0.0,0.0,0.0,0.0,0.0,2.033001661300659,1.7706645727157593,30.33333396911621,0.00032018296169239566,12.36172103881836,3438.5869140625,0.26588907947398516,0.0,0.0,0.0,15.755892969467205,0.0,0.0,0.0,0.0,0.0,0.0,0.0,0.0,1,KAGGLE_CASIA_2_0,splicing_or_copymove,Tp_S_CRN_S_N_sec20046_sec20046_02146.tif
0.0,0.0,0.0,0.0,0.0,0.0,0.0,0.0,0.0,2.6143834590911865,4.297301769256592,82.66666412353516,0.012994791666666667,10.495559692382812,2495.18212890625,0.111171875,0.0,0.0,0.0,13.589211407093005,0.0,0.0,0.0,0.0,0.0,0.0,0.0,0.0,1,KAGGLE_CASIA_2_0,splicing_or_copymove,Tp_S_NRN_M_N_cha10102_cha10102_10026.tif
0.0,0.0,0.0,0.0,0.0,0.0,0.0,0.0,0.0,1.4326034784317017,1.2963255643844604,20.33333396911621,1.0172526041666666e-05,6.732987403869629,999.6318359375,0.19887288411458334,0.0,0.0,0.0,22.745261897272375,0.0,0.0,0.0,0.0,0.0,0.0,0.0,0.0,1,KAGGLE_CASIA_2_0,splicing_or_copymove,Tp_D_CRN_S_N_pla00023_pla00024_10953.jpg
0.0,0.0,0.0,0.0,0.0,0.0,0.0,0.0,0.0,2.255547285079956,1.5448360443115234,15.0,0.0,13.356657981872559,4340.4296875,0.29022216796875,0.0,0.0,0.0,0.6270323059484578,0.0,0.0,0.0,0.0,0.0,0.0,0.0,0.0,1,KAGGLE_CASIA_2_0,splicing_or_copymove,Tp_D_NRN_S_N_pla00026_pla00018_10957.jpg
0.0,0.0,0.0,0.0,0.0,0.0,0.0,0.0,0.0,1.0544604063034058,1.5194997787475586,15.666666984558105,0.0,6.938901901245117,1086.9326171875,0.14882405598958334,0.0,0.0,0.0,21.566746763761614,0.0,0.0,0.0,0.0,0.0,0.0,0.0,0.0,1,KAGGLE_CASIA_2_0,splicing_or_copymove,Tp_S_NNN_S_N_ani00004_ani00004_00124.tif
0.0,0.0,0.0,0.0,0.0,0.0,0.0,0.0,0.0,3.782750129699707,3.759838581085205,38.0,0.008320853491694253,10.075679779052734,2422.85986328125,0.19838416620991164,0.0,0.0,0.0,18.24854734039049,0.0,0.0,0.0,0.0,0.0,0.0,0.0,0.0,1,KAGGLE_CASIA_2_0,splicing_or_copymove,Tp_S_NNN_S_N_pla20056_pla20056_01956.tif
0.0,0.0,0.0,0.0,0.0,0.0,0.0,0.0,0.0,1.3816665410995483,1.192293643951416,12.0,0.0,7.752951145172119,1446.9906005859375,0.23299153645833334,0.0,0.0,0.0,2.1317548400847723,0.0,0.0,0.0,0.0,0.0,0.0,0.0,0.0,0,KAGGLE_CASIA_2_0,none_authentic,Au_nat_30555.jpg
0.0,0.0,0.0,0.0,0.0,0.0,0.0,0.0,0.0,0.760728657245636,1.0651912689208984,13.0,0.0,6.426307201385498,1025.6136474609375,0.08344523111979167,0.0,0.0,0.0,10.190658722618307,0.0,0.0,0.0,0.0,0.0,0.0,0.0,0.0,0,KAGGLE_CASIA_2_0,none_authentic,Au_ani_30223.jpg
0.0,0.0,0.0,0.0,0.0,0.0,0.0,0.0,0.0,0.201904296875,0.5123103260993958,6.0,0.0,9.548534393310547,2036.9384765625,0.103668212890625,0.0,0.0,0.0,43.30530188000503,0.0,0.0,0.0,0.0,0.0,0.0,0.0,0.0,0,KAGGLE_CASIA_2_0,none_authentic,Au_art_30663.jpg
0.0,0.0,0.0,0.0,0.0,0.0,0.0,0.0,0.0,0.9872199892997742,1.2248364686965942,18.66666603088379,2.0345052083333332e-05,5.541607856750488,577.5654907226562,0.10071818033854167,0.0,0.0,0.0,14.128779140463623,0.0,0.0,0.0,0.0,0.0,0.0,0.0,0.0,1,KAGGLE_CASIA_2_0,splicing_or_copymove,Tp_S_NNN_S_N_ani00090_ani00090_00812.tif
0.0,0.0,0.0,0.0,0.0,0.0,0.0,0.0,0.0,3.646141767501831,3.0988993644714355,37.33333206176758,0.0042724609375,10.984413146972656,2701.083251953125,0.2817586263020833,0.0,0.0,0.0,1.964185503295965,0.0,0.0,0.0,0.0,0.0,0.0,0.0,0.0,1,KAGGLE_CASIA_2_0,splicing_or_copymove,Tp_S_NRN_S_N_nat10105_nat10105_11347.jpg
0.0,0.0,0.0,0.0,0.0,0.0,0.0,0.0,0.0,1.1674703359603882,1.0355634689331055,9.333333015441895,0.0,7.963013172149658,1453.0576171875,0.19472249348958334,0.0,0.0,0.0,4.396968652757639,0.0,0.0,0.0,0.0,0.0,0.0,0.0,0.0,1,KAGGLE_CASIA_2_0,splicing_or_copymove,Tp_S_NRN_S_N_nat00018_nat00018_10927.jpg
0.0,0.0,0.0,0.0,0.0,0.0,0.0,0.0,0.0,0.6210089325904846,0.7148668169975281,6.666666507720947,0.0,13.350914001464844,4260.84619140625,0.22355143229166666,0.0,0.0,0.0,15.62385744876188,0.0,0.0,0.0,0.0,0.0,0.0,0.0,0.0,0,KAGGLE_CASIA_2_0,none_authentic,Au_art_30310.jpg
0.0,0.0,0.0,0.0,0.0,0.0,0.0,0.0,0.0,1.36273193359375,1.209500789642334,15.0,0.0,6.058602333068848,763.82080078125,0.22080485026041666,0.0,0.0,0.0,19.43917121564138,0.0,0.0,0.0,0.0,0.0,0.0,0.0,0.0,1,KAGGLE_CASIA_2_0,splicing_or_copymove,Tp_D_CND_S_N_ani00073_ani00068_00193.tif
0.0,0.0,0.0,0.0,0.0,0.0,0.0,0.0,0.0,3.1738502979278564,1.995227336883545,19.33333396911621,3.997738422263976e-05,10.785669326782227,2563.900146484375,0.24175466450408054,0.0,0.0,0.0,0.0,0.0,0.0,0.0,0.0,0.0,0.0,0.0,0.0,1,KAGGLE_CASIA_2_0,splicing_or_copymove,Tp_S_NRD_S_N_art20055_art20055_01861.tif
0.0,0.0,0.0,0.0,0.0,0.0,0.0,0.0,0.0,0.1888529509305954,0.3980976641178131,4.0,0.0,8.735116004943848,1762.71044921875,0.144805908203125,0.0,0.0,0.0,10.424397062195096,0.0,0.0,0.0,0.0,0.0,0.0,0.0,0.0,0,KAGGLE_CASIA_2_0,none_authentic,Au_ind_00039.jpg
0.0,0.0,0.0,0.0,0.0,0.0,0.0,0.0,0.0,1.2801852226257324,1.1216155290603638,10.666666984558105,0.0,8.478870391845703,1521.9981689453125,0.2518208821614583,0.0,0.0,0.0,24.000061261561527,0.0,0.0,0.0,0.0,0.0,0.0,0.0,0.0,0,KAGGLE_CASIA_2_0,none_authentic,Au_cha_00027.jpg
0.0,0.0,0.0,0.0,0.0,0.0,0.0,0.0,0.0,3.243532180786133,2.2720751762390137,22.33333396911621,9.836852207293666e-05,7.887678146362305,1527.1859130859375,0.17614203454894434,0.0,0.0,0.0,2.619441883473717,0.0,0.0,0.0,0.0,0.0,0.0,0.0,0.0,0,KAGGLE_CASIA_2_0,none_authentic,Au_nat_20019.jpg
0.0,0.0,0.0,0.0,0.0,0.0,0.0,0.0,0.0,1.2720065116882324,1.4534767866134644,14.666666984558105,0.0,13.389778137207031,3793.26953125,0.1715087890625,0.0,0.0,0.0,14.417715826420844,0.0,0.0,0.0,0.0,0.0,0.0,0.0,0.0,0,KAGGLE_CASIA_2_0,none_authentic,Au_arc_30438.jpg
0.0,0.0,0.0,0.0,0.0,0.0,0.0,0.0,0.0,1.3293355703353882,0.9281999468803406,11.333333015441895,0.0,5.3489508628845215,620.9622192382812,0.16569010416666666,0.0,0.0,0.0,31.454965274912997,0.0,0.0,0.0,0.0,0.0,0.0,0.0,0.0,0,KAGGLE_CASIA_2_0,none_authentic,Au_pla_30387.jpg
0.0,0.0,0.0,0.0,0.0,0.0,0.0,0.0,0.0,0.1771375685930252,0.4202496409416199,4.666666507720947,0.0,10.29306411743164,2158.2587890625,0.14806111653645834,0.0,0.0,0.0,1.6247952755897397,0.0,0.0,0.0,0.0,0.0,0.0,0.0,0.0,0,KAGGLE_CASIA_2_0,none_authentic,Au_cha_30660.jpg
0.0,0.0,0.0,0.0,0.0,0.0,0.0,0.0,0.0,0.6863064765930176,0.7540495991706848,9.0,0.0,3.7829232215881348,309.4659729003906,0.050465901692708336,0.0,0.0,0.0,0.0,0.0,0.0,0.0,0.0,0.0,0.0,0.0,0.0,0,KAGGLE_CASIA_2_0,none_authentic,Au_ani_30754.jpg
0.0,0.0,0.0,0.0,0.0,0.0,0.0,0.0,0.0,0.6903617978096008,0.9100629687309265,18.0,0.0,3.901540994644165,290.5154724121094,0.059153238932291664,0.0,0.0,0.0,0.0,0.0,0.0,0.0,0.0,0.0,0.0,0.0,0.0,1,KAGGLE_CASIA_2_0,splicing_or_copymove,Tp_S_NNN_S_N_cha00073_cha00073_00861.tif
0.0,0.0,0.0,0.0,0.0,0.0,0.0,0.0,0.0,0.8750982880592346,0.8853979706764221,8.333333015441895,0.0,1.9920244216918945,85.17314910888672,0.034098307291666664,0.0,0.0,0.0,4.031128874149275,0.0,0.0,0.0,0.0,0.0,0.0,0.0,0.0,0,KAGGLE_CASIA_2_0,none_authentic,Au_pla_30349.jpg
0.0,0.0,0.0,0.0,0.0,0.0,0.0,0.0,0.0,0.9307590126991272,0.9320226311683655,10.333333015441895,0.0,10.810470581054688,2533.44091796875,0.15233357747395834,0.0,0.0,0.0,0.6403042981057808,0.0,0.0,0.0,0.0,0.0,0.0,0.0,0.0,1,KAGGLE_CASIA_2_0,splicing_or_copymove,Tp_S_CNN_S_N_nat00073_nat00073_10590.jpg
0.0,0.0,0.0,0.0,0.0,0.0,0.0,0.0,0.0,1.5036553144454956,1.1819350719451904,15.0,0.0,9.323474884033203,1833.4154052734375,0.21662394205729166,0.0,0.0,0.0,18.87293804414676,0.0,0.0,0.0,0.0,0.0,0.0,0.0,0.0,1,KAGGLE_CASIA_2_0,splicing_or_copymove,Tp_D_NRN_S_N_pla00028_pla00027_10949.jpg
0.0,0.0,0.0,0.0,0.0,0.0,0.0,0.0,0.0,0.8932965993881226,0.9901731014251709,20.66666603088379,1.0422963874007213e-05,4.988473415374756,580.8806762695312,0.07279397969606638,0.0,0.0,0.0,19.768703784152247,0.0,0.0,0.0,0.0,0.0,0.0,0.0,0.0,1,KAGGLE_CASIA_2_0,splicing_or_copymove,Tp_D_NNN_S_N_ani10179_ani10175_12487.jpg
0.0,0.0,0.0,0.0,0.0,0.0,0.0,0.0,0.0,1.290744423866272,1.241834044456482,14.666666984558105,0.0,7.808819770812988,1405.22021484375,0.13422648111979166,0.0,0.0,0.0,0.0,0.0,0.0,0.0,0.0,0.0,0.0,0.0,0.0,0,KAGGLE_CASIA_2_0,none_authentic,Au_pla_30595.jpg
0.0,0.0,0.0,0.0,0.0,0.0,0.0,0.0,0.0,1.6770391464233398,1.5473417043685913,14.333333015441895,0.0,10.801263809204102,2917.1416015625,0.261688232421875,0.0,0.0,0.0,20.022645867982348,0.0,0.0,0.0,0.0,0.0,0.0,0.0,0.0,0,KAGGLE_CASIA_2_0,none_authentic,Au_pla_30710.jpg
0.0,0.0,0.0,0.0,0.0,0.0,0.0,0.0,0.0,0.8073832392692566,0.9703577160835266,14.333333015441895,0.0,6.4991455078125,838.6293334960938,0.08475748697916667,0.0,0.0,0.0,0.5257270098529168,0.0,0.0,0.0,0.0,0.0,0.0,0.0,0.0,0,KAGGLE_CASIA_2_0,none_authentic,Au_cha_30120.jpg
0.0,0.0,0.0,0.0,0.0,0.0,0.0,0.0,0.0,0.1286281943321228,0.38208821415901184,7.0,0.0,5.143059730529785,611.327880859375,0.07666015625,0.0,0.0,0.0,28.387911068088265,0.0,0.0,0.0,0.0,0.0,0.0,0.0,0.0,0,KAGGLE_CASIA_2_0,none_authentic,Au_art_30514.jpg
0.0,0.0,0.0,0.0,0.0,0.0,0.0,0.0,0.0,0.8052876591682434,0.7793771624565125,9.333333015441895,0.0,3.4892406463623047,255.1374969482422,0.061737060546875,0.0,0.0,0.0,0.0,0.0,0.0,0.0,0.0,0.0,0.0,0.0,0.0,0,KAGGLE_CASIA_2_0,none_authentic,Au_pla_30333.jpg
0.0,0.0,0.0,0.0,0.0,0.0,0.0,0.0,0.0,3.107027292251587,2.423907518386841,35.33333206176758,0.0009189059500959693,7.653478622436523,1304.02978515625,0.12348848368522072,0.0,0.0,0.0,19.488706693398484,0.0,0.0,0.0,0.0,0.0,0.0,0.0,0.0,1,KAGGLE_CASIA_2_0,splicing_or_copymove,Tp_D_NNN_S_N_nat20018_nat20015_01522.tif
0.0,0.0,0.0,0.0,0.0,0.0,0.0,0.0,0.0,0.8469441533088684,0.8245522975921631,11.0,0.0,6.114150524139404,732.5868530273438,0.07438151041666667,0.0,0.0,0.0,0.15245533898649638,0.0,0.0,0.0,0.0,0.0,0.0,0.0,0.0,0,KAGGLE_CASIA_2_0,none_authentic,Au_arc_30560.jpg
0.0,0.0,0.0,0.0,0.0,0.0,0.0,0.0,0.0,0.7265048623085022,1.167670488357544,21.0,2.0345052083333332e-05,8.445870399475098,1538.794921875,0.16740926106770834,0.0,0.0,0.0,0.0,0.0,0.0,0.0,0.0,0.0,0.0,0.0,0.0,1,KAGGLE_CASIA_2_0,splicing_or_copymove,Tp_D_NRN_S_N_ind00009_pla00050_10423.tif
0.0,0.0,0.0,0.0,0.0,0.0,0.0,0.0,0.0,2.2709622383117676,1.7903597354888916,23.33333396911621,1.0172526041666666e-05,8.5048189163208,1559.779296875,0.16892496744791666,0.0,0.0,0.0,0.23567888071382406,0.0,0.0,0.0,0.0,0.0,0.0,0.0,0.0,1,KAGGLE_CASIA_2_0,splicing_or_copymove,Tp_D_NRN_S_N_art00003_ani00037_00496.tif
0.0,0.0,0.0,0.0,0.0,0.0,0.0,0.0,0.0,0.5801900029182434,0.6916426420211792,6.0,0.0,14.24482536315918,4701.8505859375,0.2572123209635417,0.0,0.0,0.0,3.8141103833697496,0.0,0.0,0.0,0.0,0.0,0.0,0.0,0.0,0,KAGGLE_CASIA_2_0,none_authentic,Au_sec_30637.jpg
0.0,0.0,0.0,0.0,0.0,0.0,0.0,0.0,0.0,3.2626771926879883,2.5315816402435303,27.66666603088379,0.0005705824656707409,14.453446388244629,5348.08154296875,0.2130818998038328,0.0,0.0,0.0,7.299155619509973,0.0,0.0,0.0,0.0,0.0,0.0,0.0,0.0,1,KAGGLE_CASIA_2_0,splicing_or_copymove,Tp_S_CNN_S_N_arc20100_arc20100_01740.tif
0.0,0.0,0.0,0.0,0.0,0.0,0.0,0.0,0.0,1.5817362070083618,1.2402430772781372,13.333333015441895,0.0,9.19074821472168,1981.6226806640625,0.248046875,0.0,0.0,0.0,3.7103786153575764,0.0,0.0,0.0,0.0,0.0,0.0,0.0,0.0,0,KAGGLE_CASIA_2_0,none_authentic,Au_ani_30245.jpg
0.0,0.0,0.0,0.0,0.0,0.0,0.0,0.0,0.0,0.0619099922478199,0.22579027712345123,4.333333492279053,0.0,14.176230430603027,4864.22607421875,0.278717041015625,0.0,0.0,0.0,3.339119977212892,0.0,0.0,0.0,0.0,0.0,0.0,0.0,0.0,0,KAGGLE_CASIA_2_0,none_authentic,Au_ind_30102.jpg
0.0,0.0,0.0,0.0,0.0,0.0,0.0,0.0,0.0,1.3623214960098267,1.2001523971557617,20.66666603088379,1.0172526041666666e-05,9.066082000732422,1857.423828125,0.21010335286458334,0.0,0.0,0.0,16.254113171931138,0.0,0.0,0.0,0.0,0.0,0.0,0.0,0.0,1,KAGGLE_CASIA_2_0,splicing_or_copymove,Tp_S_CNN_M_N_art00069_art00069_10853.jpg
0.0,0.0,0.0,0.0,0.0,0.0,0.0,0.0,0.0,0.9416267275810242,1.4817945957183838,16.0,0.0,8.088739395141602,1579.0218505859375,0.161773681640625,0.0,0.0,0.0,23.743623084698097,0.0,0.0,0.0,0.0,0.0,0.0,0.0,0.0,1,KAGGLE_CASIA_2_0,splicing_or_copymove,Tp_S_CRN_S_N_ani00011_ani00011_00131.tif
0.0,0.0,0.0,0.0,0.0,0.0,0.0,0.0,0.0,0.7259555459022522,1.1608202457427979,24.0,3.0517578125e-05,5.240621089935303,554.940673828125,0.08058675130208333,0.0,0.0,0.0,0.301429799925947,0.0,0.0,0.0,0.0,0.0,0.0,0.0,0.0,1,KAGGLE_CASIA_2_0,splicing_or_copymove,Tp_D_NRN_S_N_art00021_ani00005_00503.tif
0.0,0.0,0.0,0.0,0.0,0.0,0.0,0.0,0.0,1.0402153730392456,1.0061856508255005,13.333333015441895,0.0,6.978793144226074,1114.84765625,0.15263875325520834,0.0,0.0,0.0,0.22939534045447008,0.0,0.0,0.0,0.0,0.0,0.0,0.0,0.0,0,KAGGLE_CASIA_2_0,none_authentic,Au_ani_30088.jpg
0.0,0.0,0.0,0.0,0.0,0.0,0.0,0.0,0.0,0.76190185546875,1.1545565128326416,12.0,0.0,8.403541564941406,1531.49169921875,0.08249918619791667,0.0,0.0,0.0,27.542852877016784,0.0,0.0,0.0,0.0,0.0,0.0,0.0,0.0,1,KAGGLE_CASIA_2_0,splicing_or_copymove,Tp_D_NRN_S_N_arc00013_arc00020_11702.jpg
0.0,0.0,0.0,0.0,0.0,0.0,0.0,0.0,0.0,1.2676187753677368,1.1259406805038452,13.333333015441895,0.0,5.704661846160889,780.4152221679688,0.131378173828125,0.0,0.0,0.0,0.0,0.0,0.0,0.0,0.0,0.0,0.0,0.0,0.0,0,KAGGLE_CASIA_2_0,none_authentic,Au_ani_30415.jpg
0.0,0.0,0.0,0.0,0.0,0.0,0.0,0.0,0.0,1.2058138847351074,1.0225205421447754,13.0,0.0,5.141970634460449,572.9091186523438,0.15533447265625,0.0,0.0,0.0,0.19244168487826166,0.0,0.0,0.0,0.0,0.0,0.0,0.0,0.0,1,KAGGLE_CASIA_2_0,splicing_or_copymove,Tp_D_NRN_S_N_cha00086_ani10119_11609.jpg
0.0,0.0,0.0,0.0,0.0,0.0,0.0,0.0,0.0,1.6889477968215942,1.781193494796753,19.0,1.0172526041666666e-05,12.814141273498535,3460.165283203125,0.22019449869791666,0.0,0.0,0.0,13.57465532169841,0.0,0.0,0.0,0.0,0.0,0.0,0.0,0.0,1,KAGGLE_CASIA_2_0,splicing_or_copymove,Tp_S_CNN_M_N_sec00087_sec00087_10361.tif
0.0,0.0,0.0,0.0,0.0,0.0,0.0,0.0,0.0,2.144287109375,1.6179207563400269,15.333333015441895,0.0,20.247177124023438,10258.421875,0.3329569498697917,0.0,0.0,0.0,15.452527697593617,0.0,0.0,0.0,0.0,0.0,0.0,0.0,0.0,1,KAGGLE_CASIA_2_0,splicing_or_copymove,Tp_D_NNN_M_B_txt00052_txt00051_10380.tif
0.0,0.0,0.0,0.0,0.0,0.0,0.0,0.0,0.0,1.0808581113815308,1.3945847749710083,40.66666793823242,0.0001220703125,11.37526798248291,3156.037109375,0.20124308268229166,0.0,0.0,0.0,11.158327206688226,0.0,0.0,0.0,0.0,0.0,0.0,0.0,0.0,1,KAGGLE_CASIA_2_0,splicing_or_copymove,Tp_D_NRN_S_N_cha00062_cha00062_00381.tif
0.0,0.0,0.0,0.0,0.0,0.0,0.0,0.0,0.0,0.4994371235370636,0.6699575781822205,14.0,0.0,3.1515238285064697,228.3456268310547,0.02093505859375,0.0,0.0,0.0,9.886392387411588,0.0,0.0,0.0,0.0,0.0,0.0,0.0,0.0,0,KAGGLE_CASIA_2_0,none_authentic,Au_ani_30185.jpg
0.0,0.0,0.0,0.0,0.0,0.0,0.0,0.0,0.0,1.4210205078125,1.2853126525878906,16.0,0.0,11.651298522949219,2806.901123046875,0.20325724283854166,0.0,0.0,0.0,13.305034137600154,0.0,0.0,0.0,0.0,0.0,0.0,0.0,0.0,0,KAGGLE_CASIA_2_0,none_authentic,Au_arc_30636.jpg
0.0,0.0,0.0,0.0,0.0,0.0,0.0,0.0,0.0,3.941218852996826,2.864473819732666,32.0,0.0013226863226863228,4.886505603790283,466.66448974609375,0.15453726453726455,0.0,0.0,0.0,0.0,0.0,0.0,0.0,0.0,0.0,0.0,0.0,0.0,1,KAGGLE_CASIA_2_0,splicing_or_copymove,Tp_S_NRN_S_N_pla20051_pla20051_01951.tif
0.0,0.0,0.0,0.0,0.0,0.0,0.0,0.0,0.0,1.3729037046432495,1.0567163228988647,10.333333015441895,0.0,5.8634514808654785,721.5247802734375,0.157907824933687,0.0,0.0,0.0,31.31186796647987,0.0,0.0,0.0,0.0,0.0,0.0,0.0,0.0,0,KAGGLE_CASIA_2_0,none_authentic,Au_ani_10156.jpg
0.0,0.0,0.0,0.0,0.0,0.0,0.0,0.0,0.0,0.7947959899902344,0.903097927570343,14.0,0.0,8.354138374328613,1725.5333251953125,0.095205078125,0.0,0.0,0.0,0.0,0.0,0.0,0.0,0.0,0.0,0.0,0.0,0.0,1,KAGGLE_CASIA_2_0,splicing_or_copymove,Tp_D_NRN_S_N_nat10156_pla00050_12008.jpg
0.0,0.0,0.0,0.0,0.0,0.0,0.0,0.0,0.0,0.2847086787223816,0.7436420917510986,8.666666984558105,0.0,9.043911933898926,1751.521484375,0.1142578125,0.0,0.0,0.0,1.6242282117826354,0.0,0.0,0.0,0.0,0.0,0.0,0.0,0.0,0,KAGGLE_CASIA_2_0,none_authentic,Au_art_30391.jpg
0.0,0.0,0.0,0.0,0.0,0.0,0.0,0.0,0.0,1.5449320077896118,1.3842992782592773,14.0,0.0,10.012066841125488,2309.235595703125,0.21970621744791666,0.0,0.0,0.0,20.862128248616642,0.0,0.0,0.0,0.0,0.0,0.0,0.0,0.0,0,KAGGLE_CASIA_2_0,none_authentic,Au_arc_30551.jpg
0.0,0.0,0.0,0.0,0.0,0.0,0.0,0.0,0.0,1.067959189414978,0.9736019372940063,13.0,0.0,4.786938667297363,509.93701171875,0.08475748697916667,0.0,0.0,0.0,10.267190097967624,0.0,0.0,0.0,0.0,0.0,0.0,0.0,0.0,0,KAGGLE_CASIA_2_0,none_authentic,Au_pla_30545.jpg
0.0,0.0,0.0,0.0,0.0,0.0,0.0,0.0,0.0,2.100982666015625,1.5348540544509888,14.0,0.0,12.314398765563965,3779.574462890625,0.3167215983072917,0.0,0.0,0.0,4.9749371855331,0.0,0.0,0.0,0.0,0.0,0.0,0.0,0.0,0,KAGGLE_CASIA_2_0,none_authentic,Au_pla_30235.jpg
0.0,0.0,0.0,0.0,0.0,0.0,0.0,0.0,0.0,0.8435261845588684,1.024033784866333,18.0,0.0,3.3411777019500732,244.8321533203125,0.054840087890625,0.0,0.0,0.0,0.0,0.0,0.0,0.0,0.0,0.0,0.0,0.0,0.0,1,KAGGLE_CASIA_2_0,splicing_or_copymove,Tp_D_NNN_S_B_nat00012_ani00031_00632.tif
0.0,0.0,0.0,0.0,0.0,0.0,0.0,0.0,0.0,1.7114969491958618,1.685959815979004,16.0,0.0,9.759867668151855,2539.00390625,0.18306477864583334,0.0,0.0,0.0,2.2689254930076435,0.0,0.0,0.0,0.0,0.0,0.0,0.0,0.0,1,KAGGLE_CASIA_2_0,splicing_or_copymove,Tp_S_NNN_S_N_nat00045_nat00045_00659.tif
0.0,0.0,0.0,0.0,0.0,0.0,0.0,0.0,0.0,0.8508267402648926,0.8680949807167053,15.333333015441895,0.0,4.806098461151123,505.9153747558594,0.07987467447916667,0.0,0.0,0.0,0.0,0.0,0.0,0.0,0.0,0.0,0.0,0.0,0.0,0,KAGGLE_CASIA_2_0,none_authentic,Au_nat_00011.jpg
0.0,0.0,0.0,0.0,0.0,0.0,0.0,0.0,0.0,1.6320226192474365,2.023484945297241,18.33333396911621,2.604166666666667e-05,12.299982070922852,3150.20947265625,0.12359375,0.0,0.0,0.0,25.751637120859556,0.0,0.0,0.0,0.0,0.0,0.0,0.0,0.0,1,KAGGLE_CASIA_2_0,splicing_or_copymove,Tp_S_CNN_S_N_arc10104_arc10104_10861.jpg
0.0,0.0,0.0,0.0,0.0,0.0,0.0,0.0,0.0,0.8841620087623596,0.9044923782348633,10.666666984558105,0.0,4.659974098205566,476.1042175292969,0.07310994466145833,0.0,0.0,0.0,17.815379734994167,0.0,0.0,0.0,0.0,0.0,0.0,0.0,0.0,0,KAGGLE_CASIA_2_0,none_authentic,Au_pla_30584.jpg
0.0,0.0,0.0,0.0,0.0,0.0,0.0,0.0,0.0,0.2007208913564682,0.4102836549282074,4.0,0.0,8.936302185058594,1943.4798583984375,0.12974039713541666,0.0,0.0,0.0,0.8975274678557507,0.0,0.0,0.0,0.0,0.0,0.0,0.0,0.0,0,KAGGLE_CASIA_2_0,none_authentic,Au_cha_30356.jpg
0.0,0.0,0.0,0.0,0.0,0.0,0.0,0.0,0.0,2.2285258769989014,2.351987361907959,25.33333396911621,0.0002644856770833333,8.306262969970703,1437.8785400390625,0.2784016927083333,0.0,0.0,0.0,12.769055795991362,0.0,0.0,0.0,0.0,0.0,0.0,0.0,0.0,1,KAGGLE_CASIA_2_0,splicing_or_copymove,Tp_S_NNN_S_N_art00036_art00036_01418.tif
0.0,0.0,0.0,0.0,0.0,0.0,0.0,0.0,0.0,0.844468891620636,0.9189955592155457,13.333333015441895,0.0,6.23182487487793,772.1803588867188,0.06871541341145833,0.0,0.0,0.0,13.122830399191724,0.0,0.0,0.0,0.0,0.0,0.0,0.0,0.0,0,KAGGLE_CASIA_2_0,none_authentic,Au_art_30181.jpg
0.0,0.0,0.0,0.0,0.0,0.0,0.0,0.0,0.0,0.6623942255973816,1.0778889656066895,13.0,0.0,12.455170631408691,3523.190185546875,0.18110148111979166,0.0,0.0,0.0,21.454786208202336,0.0,0.0,0.0,0.0,0.0,0.0,0.0,0.0,1,KAGGLE_CASIA_2_0,splicing_or_copymove,Tp_D_CRD_S_B_sec00049_ani00047_00070.tif
0.0,0.0,0.0,0.0,0.0,0.0,0.0,0.0,0.0,0.1026340126991272,0.283970445394516,3.0,0.0,6.607572555541992,991.8095703125,0.183990478515625,0.0,0.0,0.0,2.447173439907876,0.0,0.0,0.0,0.0,0.0,0.0,0.0,0.0,0,KAGGLE_CASIA_2_0,none_authentic,Au_pla_30194.jpg
0.0,0.0,0.0,0.0,0.0,0.0,0.0,0.0,0.0,1.122344970703125,1.1322436332702637,17.66666603088379,0.0,15.1920747756958,5699.21630859375,0.2886962890625,0.0,0.0,0.0,8.384427933186943,0.0,0.0,0.0,0.0,0.0,0.0,0.0,0.0,1,KAGGLE_CASIA_2_0,splicing_or_copymove,Tp_S_NNN_S_N_pla00095_pla00095_00616.tif
0.0,0.0,0.0,0.0,0.0,0.0,0.0,0.0,0.0,1.4654637575149536,1.1677272319793701,13.333333015441895,0.0,5.789094924926758,829.7655029296875,0.13710833333333333,0.0,0.0,0.0,8.705298514251089,0.0,0.0,0.0,0.0,0.0,0.0,0.0,0.0,0,KAGGLE_CASIA_2_0,none_authentic,Au_art_10009.jpg
0.0,0.0,0.0,0.0,0.0,0.0,0.0,0.0,0.0,2.7333433628082275,2.5332753658294678,32.33333206176758,0.0005600274162675426,11.56814956665039,2757.478515625,0.14386853565368574,0.0,0.0,0.0,2.8114763191196412,0.0,0.0,0.0,0.0,0.0,0.0,0.0,0.0,0,KAGGLE_CASIA_2_0,none_authentic,Au_arc_20099.jpg
0.0,0.0,0.0,0.0,0.0,0.0,0.0,0.0,0.0,2.0652005672454834,1.512731671333313,17.0,0.0,5.018486976623535,578.292236328125,0.11149712092130518,0.0,0.0,0.0,4.601153360288913,0.0,0.0,0.0,0.0,0.0,0.0,0.0,0.0,1,KAGGLE_CASIA_2_0,splicing_or_copymove,Tp_S_NNN_S_B_cha20009_cha20009_02423.tif
0.0,0.0,0.0,0.0,0.0,0.0,0.0,0.0,0.0,1.1888598203659058,1.5803788900375366,21.0,2.0345052083333332e-05,9.724592208862305,2295.00732421875,0.10019938151041667,0.0,0.0,0.0,0.0,0.0,0.0,0.0,0.0,0.0,0.0,0.0,0.0,1,KAGGLE_CASIA_2_0,splicing_or_copymove,Tp_D_NRN_S_B_arc00094_ani00100_00314.tif
0.0,0.0,0.0,0.0,0.0,0.0,0.0,0.0,0.0,0.40221238136291504,0.672480583190918,10.333333015441895,0.0,5.363424301147461,627.5136108398438,0.0662925925925926,0.0,0.0,0.0,0.5940594059405938,0.0,0.0,0.0,0.0,0.0,0.0,0.0,0.0,0,KAGGLE_CASIA_2_0,none_authentic,Au_sec_20099.jpg
0.0,0.0,0.0,0.0,0.0,0.0,0.0,0.0,0.0,1.8037313222885132,1.385743260383606,12.666666984558105,0.0,11.944854736328125,3429.4453125,0.2841695149739583,0.0,0.0,0.0,6.939960419526114,0.0,0.0,0.0,0.0,0.0,0.0,0.0,0.0,1,KAGGLE_CASIA_2_0,splicing_or_copymove,Tp_D_NRN_M_B_txt00030_ani00030_20110.jpg
0.0,0.0,0.0,0.0,0.0,0.0,0.0,0.0,0.0,0.5660197138786316,0.6237561702728271,9.333333015441895,0.0,6.7168145179748535,916.7644653320312,0.19792683919270834,0.0,0.0,0.0,3.372837538016209,0.0,0.0,0.0,0.0,0.0,0.0,0.0,0.0,0,KAGGLE_CASIA_2_0,none_authentic,Au_ani_00095.jpg
0.0,0.0,0.0,0.0,0.0,0.0,0.0,0.0,0.0,0.9698756337165833,1.0266214609146118,15.666666984558105,0.0,6.253680229187012,944.7282104492188,0.09366861979166667,0.0,0.0,0.0,0.0,0.0,0.0,0.0,0.0,0.0,0.0,0.0,0.0,0,KAGGLE_CASIA_2_0,none_authentic,Au_pla_30600.jpg
0.0,0.0,0.0,0.0,0.0,0.0,0.0,0.0,0.0,1.4926079511642456,1.764514446258545,15.666666984558105,0.0,16.062856674194336,6705.44482421875,0.16754150390625,0.0,0.0,0.0,8.94423419583671,0.0,0.0,0.0,0.0,0.0,0.0,0.0,0.0,0,KAGGLE_CASIA_2_0,none_authentic,Au_art_30544.jpg
0.0,0.0,0.0,0.0,0.0,0.0,0.0,0.0,0.0,0.7436625361442566,1.2294268608093262,33.66666793823242,0.00022379557291666666,7.44027042388916,1081.2568359375,0.21039835611979166,0.0,0.0,0.0,1.6752313273097543,0.0,0.0,0.0,0.0,0.0,0.0,0.0,0.0,1,KAGGLE_CASIA_2_0,splicing_or_copymove,Tp_D_NNN_L_N_ani00010_nat00099_10217.tif
0.0,0.0,0.0,0.0,0.0,0.0,0.0,0.0,0.0,0.86077880859375,0.9741982817649841,13.0,0.0,9.387721061706543,2234.439208984375,0.18788655598958334,0.0,0.0,0.0,0.0,0.0,0.0,0.0,0.0,0.0,0.0,0.0,0.0,1,KAGGLE_CASIA_2_0,splicing_or_copymove,Tp_S_NNN_S_B_ani00082_ani00082_00202.tif
0.0,0.0,0.0,0.0,0.0,0.0,0.0,0.0,0.0,1.0065408945083618,1.291106104850769,18.0,0.0,6.1166815757751465,724.17041015625,0.0960693359375,0.0,0.0,0.0,0.0,0.0,0.0,0.0,0.0,0.0,0.0,0.0,0.0,1,KAGGLE_CASIA_2_0,splicing_or_copymove,Tp_S_CNN_S_N_art00026_art00026_10736.jpg
0.0,0.0,0.0,0.0,0.0,0.0,0.0,0.0,0.0,1.0198498964309692,1.0046985149383545,12.0,0.0,5.932522296905518,822.5298461914062,0.0975341796875,0.0,0.0,0.0,5.589378276788295,0.0,0.0,0.0,0.0,0.0,0.0,0.0,0.0,0,KAGGLE_CASIA_2_0,none_authentic,Au_cha_30116.jpg
0.0,0.0,0.0,0.0,0.0,0.0,0.0,0.0,0.0,0.6904271245002747,0.7590067982673645,12.333333015441895,0.0,5.453306198120117,626.0757446289062,0.14797210693359375,0.0,0.0,0.0,31.25025702287643,0.0,0.0,0.0,0.0,0.0,0.0,0.0,0.0,1,KAGGLE_CASIA_2_0,splicing_or_copymove,Tp_D_NRN_M_N_nat10150_nat10156_12030.jpg
0.0,0.0,0.0,0.0,0.0,0.0,0.0,0.0,0.0,1.2767808437347412,1.2226316928863525,15.666666984558105,0.0,8.022748947143555,1460.1734619140625,0.19598388671875,0.0,0.0,0.0,9.899494936611665,0.0,0.0,0.0,0.0,0.0,0.0,0.0,0.0,0,KAGGLE_CASIA_2_0,none_authentic,Au_nat_30290.jpg
0.0,0.0,0.0,0.0,0.0,0.0,0.0,0.0,0.0,0.7863931655883789,0.9234914779663086,47.33333206176758,4.2317708333333335e-05,8.439936637878418,1513.9793701171875,0.18077473958333334,0.0,0.0,0.0,54.09402282863722,0.0,0.0,0.0,0.0,0.0,0.0,0.0,0.0,1,KAGGLE_CASIA_2_0,splicing_or_copymove,Tp_D_NRN_S_N_nat10158_ani00005_12026.jpg
0.0,0.0,0.0,0.0,0.0,0.0,0.0,0.0,0.0,0.3489148020744324,0.6634512543678284,8.666666984558105,0.0,11.798774719238281,3046.691162109375,0.1661,0.0,0.0,0.0,5.453922231960858,0.0,0.0,0.0,0.0,0.0,0.0,0.0,0.0,0,KAGGLE_CASIA_2_0,none_authentic,Au_pla_20038.jpg
0.0,0.0,0.0,0.0,0.0,0.0,0.0,0.0,0.0,0.511322021484375,0.755463182926178,13.666666984558105,0.0,5.787448883056641,655.7882080078125,0.08116658528645833,0.0,0.0,0.0,5.907880084379907,0.0,0.0,0.0,0.0,0.0,0.0,0.0,0.0,1,KAGGLE_CASIA_2_0,splicing_or_copymove,Tp_S_NNN_S_B_nat00085_nat00085_00987.tif
0.0,0.0,0.0,0.0,0.0,0.0,0.0,0.0,0.0,2.3094685077667236,1.7200392484664917,18.33333396911621,1.0172526041666666e-05,7.713026523590088,1160.5645751953125,0.20782470703125,0.0,0.0,0.0,4.267671232824675,0.0,0.0,0.0,0.0,0.0,0.0,0.0,0.0,1,KAGGLE_CASIA_2_0,splicing_or_copymove,Tp_S_CNN_S_N_art00085_art00085_10283.tif
0.0,0.0,0.0,0.0,0.0,0.0,0.0,0.0,0.0,0.7187161445617676,0.8487646579742432,11.333333015441895,0.0,4.6335835456848145,438.3403625488281,0.068695068359375,0.0,0.0,0.0,0.0,0.0,0.0,0.0,0.0,0.0,0.0,0.0,0.0,0,KAGGLE_CASIA_2_0,none_authentic,Au_cha_30246.jpg
0.0,0.0,0.0,0.0,0.0,0.0,0.0,0.0,0.0,1.2644246816635132,1.044641375541687,13.333333015441895,0.0,17.703649520874023,8576.8935546875,0.3281962076822917,0.0,0.0,0.0,0.7703433523279948,0.0,0.0,0.0,0.0,0.0,0.0,0.0,0.0,0,KAGGLE_CASIA_2_0,none_authentic,Au_cha_00071.jpg
0.0,0.0,0.0,0.0,0.0,0.0,0.0,0.0,0.0,1.3573745489120483,1.5521519184112549,16.0,0.0,11.199581146240234,3075.43359375,0.150848388671875,0.0,0.0,0.0,0.4261041923941319,0.0,0.0,0.0,0.0,0.0,0.0,0.0,0.0,0,KAGGLE_CASIA_2_0,none_authentic,Au_arc_30580.jpg
0.0,0.0,0.0,0.0,0.0,0.0,0.0,0.0,0.0,0.42453891038894653,0.73101407289505,17.0,0.0,3.4923365116119385,234.88662719726562,0.037,0.0,0.0,0.0,0.0,0.0,0.0,0.0,0.0,0.0,0.0,0.0,0.0,1,KAGGLE_CASIA_2_0,splicing_or_copymove,Tp_S_CNN_S_N_ani20023_ani20023_02066.tif
0.0,0.0,0.0,0.0,0.0,0.0,0.0,0.0,0.0,0.3914794921875,0.5266566276550293,5.0,0.0,8.150748252868652,1467.77294921875,0.2598978678385417,0.0,0.0,0.0,1.3628844089040262,0.0,0.0,0.0,0.0,0.0,0.0,0.0,0.0,0,KAGGLE_CASIA_2_0,none_authentic,Au_pla_30152.jpg
0.0,0.0,0.0,0.0,0.0,0.0,0.0,0.0,0.0,1.056671142578125,1.0838974714279175,15.0,0.0,14.874784469604492,4747.416015625,0.175537109375,0.0,0.0,0.0,14.494481391800935,0.0,0.0,0.0,0.0,0.0,0.0,0.0,0.0,1,KAGGLE_CASIA_2_0,splicing_or_copymove,Tp_S_CRN_M_N_arc00036_arc00036_10088.tif
0.0,0.0,0.0,0.0,0.0,0.0,0.0,0.0,0.0,1.5465155839920044,1.3836736679077148,14.333333015441895,0.0,10.858943939208984,2875.3857421875,0.18047078450520834,0.0,0.0,0.0,0.0,0.0,0.0,0.0,0.0,0.0,0.0,0.0,0.0,0,KAGGLE_CASIA_2_0,none_authentic,Au_pla_30331.jpg
0.0,0.0,0.0,0.0,0.0,0.0,0.0,0.0,0.0,4.928493976593018,5.94918155670166,54.33333206176758,0.04905668358714044,8.724505424499512,1693.07177734375,0.16499576988155668,0.0,0.0,0.0,0.0,0.0,0.0,0.0,0.0,0.0,0.0,0.0,0.0,1,KAGGLE_CASIA_2_0,splicing_or_copymove,Tp_S_NNN_S_N_cha20045_cha20045_02433.tif
0.0,0.0,0.0,0.0,0.0,0.0,0.0,0.0,0.0,2.3621695041656494,1.9165188074111938,21.0,2.1718146718146717e-05,11.170726776123047,2488.45703125,0.15444015444015444,0.0,0.0,0.0,18.46253806791641,0.0,0.0,0.0,0.0,0.0,0.0,0.0,0.0,1,KAGGLE_CASIA_2_0,splicing_or_copymove,Tp_S_NRN_S_N_arc20038_arc20038_01491.tif
0.0,0.0,0.0,0.0,0.0,0.0,0.0,0.0,0.0,1.0334948301315308,1.4843343496322632,22.33333396911621,2.0345052083333332e-05,9.029691696166992,2011.0902099609375,0.170257568359375,0.0,0.0,0.0,3.2574700476153433,0.0,0.0,0.0,0.0,0.0,0.0,0.0,0.0,1,KAGGLE_CASIA_2_0,splicing_or_copymove,Tp_S_NNN_S_N_ani00081_ani00081_00819.tif
0.0,0.0,0.0,0.0,0.0,0.0,0.0,0.0,0.0,0.5101589560508728,1.020094871520996,13.666666984558105,0.0,5.85449743270874,797.0571899414062,0.13862101236979166,0.0,0.0,0.0,17.028081382103963,0.0,0.0,0.0,0.0,0.0,0.0,0.0,0.0,1,KAGGLE_CASIA_2_0,splicing_or_copymove,Tp_S_NRD_S_N_ani00013_ani00013_00133.tif
0.0,0.0,0.0,0.0,0.0,0.0,0.0,0.0,0.0,2.120786666870117,1.6784559488296509,17.33333396911621,0.0,6.553884506225586,978.4684448242188,0.13844765342960288,0.0,0.0,0.0,41.38158092646655,0.0,0.0,0.0,0.0,0.0,0.0,0.0,0.0,1,KAGGLE_CASIA_2_0,splicing_or_copymove,Tp_S_NNN_S_N_arc20006_arc20006_01459.tif
0.0,0.0,0.0,0.0,0.0,0.0,0.0,0.0,0.0,0.5165439248085022,0.6983795166015625,9.0,0.0,5.066401958465576,506.9690856933594,0.07624308268229167,0.0,0.0,0.0,0.3049106779729928,0.0,0.0,0.0,0.0,0.0,0.0,0.0,0.0,1,KAGGLE_CASIA_2_0,splicing_or_copymove,Tp_S_CNN_S_N_art00021_art00021_01208.tif
0.0,0.0,0.0,0.0,0.0,0.0,0.0,0.0,0.0,1.493893027305603,1.2350263595581055,13.666666984558105,0.0,8.88298511505127,1835.57275390625,0.23687744140625,0.0,0.0,0.0,0.35599816555363195,0.0,0.0,0.0,0.0,0.0,0.0,0.0,0.0,0,KAGGLE_CASIA_2_0,none_authentic,Au_cha_00031.jpg
0.0,0.0,0.0,0.0,0.0,0.0,0.0,0.0,0.0,1.402828574180603,1.4620187282562256,18.0,0.0,13.578346252441406,3841.655517578125,0.271820068359375,0.0,0.0,0.0,18.03872548353562,0.0,0.0,0.0,0.0,0.0,0.0,0.0,0.0,1,KAGGLE_CASIA_2_0,splicing_or_copymove,Tp_S_NNN_S_N_art00022_art00022_01209.tif
0.0,0.0,0.0,0.0,0.0,0.0,0.0,0.0,0.0,1.11773681640625,1.15818190574646,18.33333396911621,1.0172526041666666e-05,9.515800476074219,1845.86572265625,0.12489827473958333,0.0,0.0,0.0,11.0742945599257,0.0,0.0,0.0,0.0,0.0,0.0,0.0,0.0,1,KAGGLE_CASIA_2_0,splicing_or_copymove,Tp_D_NRD_S_N_art00076_art00076_11709.jpg
0.0,0.0,0.0,0.0,0.0,0.0,0.0,0.0,0.0,2.4851343631744385,1.646409034729004,17.0,0.0,7.180543899536133,1073.2142333984375,0.1922408829174664,0.0,0.0,0.0,28.74951756021535,0.0,0.0,0.0,0.0,0.0,0.0,0.0,0.0,1,KAGGLE_CASIA_2_0,splicing_or_copymove,Tp_S_NNN_S_B_cha20008_cha20008_02422.tif
0.0,0.0,0.0,0.0,0.0,0.0,0.0,0.0,0.0,0.7673068642616272,0.9030171036720276,18.66666603088379,1.0172526041666666e-05,4.947086334228516,480.85107421875,0.060933430989583336,0.0,0.0,0.0,28.69779788486342,0.0,0.0,0.0,0.0,0.0,0.0,0.0,0.0,1,KAGGLE_CASIA_2_0,splicing_or_copymove,Tp_D_NRN_S_N_sec00098_ani00100_11629.jpg
0.0,0.0,0.0,0.0,0.0,0.0,0.0,0.0,0.0,2.3704426288604736,1.7596722841262817,16.33333396911621,0.0,17.319900512695312,7635.908203125,0.3372599283854167,0.0,0.0,0.0,33.97384614997575,0.0,0.0,0.0,0.0,0.0,0.0,0.0,0.0,0,KAGGLE_CASIA_2_0,none_authentic,Au_ani_00054.jpg
0.0,0.0,0.0,0.0,0.0,0.0,0.0,0.0,0.0,0.8469612002372742,0.7265560030937195,6.666666507720947,0.0,12.404654502868652,3838.029052734375,0.2968953450520833,0.0,0.0,0.0,0.0,0.0,0.0,0.0,0.0,0.0,0.0,0.0,0.0,0,KAGGLE_CASIA_2_0,none_authentic,Au_pla_30103.jpg
0.0,0.0,0.0,0.0,0.0,0.0,0.0,0.0,0.0,0.8635525703430176,0.9462876915931702,18.66666603088379,1.0172526041666666e-05,3.4803807735443115,241.31512451171875,0.040934244791666664,0.0,0.0,0.0,0.0,0.0,0.0,0.0,0.0,0.0,0.0,0.0,0.0,1,KAGGLE_CASIA_2_0,splicing_or_copymove,Tp_D_NNN_M_N_nat00061_nat10123_11440.jpg
0.0,0.0,0.0,0.0,0.0,0.0,0.0,0.0,0.0,0.9220852851867676,0.8147470355033875,7.666666507720947,0.0,2.244044303894043,110.32730865478516,0.045857747395833336,0.0,0.0,0.0,41.090587594835995,0.0,0.0,0.0,0.0,0.0,0.0,0.0,0.0,0,KAGGLE_CASIA_2_0,none_authentic,Au_pla_30269.jpg
0.0,0.0,0.0,0.0,0.0,0.0,0.0,0.0,0.0,0.9290432929992676,1.1160473823547363,13.666666984558105,0.0,5.889298439025879,794.901611328125,0.09599812825520833,0.0,0.0,0.0,0.0,0.0,0.0,0.0,0.0,0.0,0.0,0.0,0.0,0,KAGGLE_CASIA_2_0,none_authentic,Au_pla_30505.jpg
0.0,0.0,0.0,0.0,0.0,0.0,0.0,0.0,0.0,0.9705111384391785,1.4877070188522339,18.0,0.0,6.155048370361328,770.3512573242188,0.15781851851851852,0.0,0.0,0.0,13.390833931961613,0.0,0.0,0.0,0.0,0.0,0.0,0.0,0.0,1,KAGGLE_CASIA_2_0,splicing_or_copymove,Tp_S_NNN_S_N_ani20002_ani20002_01451.tif
0.0,0.0,0.0,0.0,0.0,0.0,0.0,0.0,0.0,0.5857306718826294,0.7220929265022278,8.333333015441895,0.0,8.025162696838379,1958.2327880859375,0.058837890625,0.0,0.0,0.0,0.0,0.0,0.0,0.0,0.0,0.0,0.0,0.0,0.0,0,KAGGLE_CASIA_2_0,none_authentic,Au_txt_00073.jpg
0.0,0.0,0.0,0.0,0.0,0.0,0.0,0.0,0.0,1.1148343086242676,1.1679531335830688,11.0,0.0,10.292891502380371,2117.623779296875,0.14778645833333334,0.0,0.0,0.0,0.9354335407828225,0.0,0.0,0.0,0.0,0.0,0.0,0.0,0.0,1,KAGGLE_CASIA_2_0,splicing_or_copymove,Tp_S_CRN_M_B_arc00100_arc00100_11192.jpg
0.0,0.0,0.0,0.0,0.0,0.0,0.0,0.0,0.0,2.891657590866089,2.6068575382232666,34.66666793823242,0.001780821917808219,8.159087181091309,1407.713623046875,0.12193150684931507,0.0,0.0,0.0,32.26498901190899,0.0,0.0,0.0,0.0,0.0,0.0,0.0,0.0,1,KAGGLE_CASIA_2_0,splicing_or_copymove,Tp_S_NNN_S_B_ind20005_ind20005_02265.tif
0.0,0.0,0.0,0.0,0.0,0.0,0.0,0.0,0.0,1.6286789178848267,1.3561718463897705,13.333333015441895,0.0,10.041963577270508,2197.219970703125,0.18813069661458334,0.0,0.0,0.0,0.0,0.0,0.0,0.0,0.0,0.0,0.0,0.0,0.0,0,KAGGLE_CASIA_2_0,none_authentic,Au_sec_30432.jpg
0.0,0.0,0.0,0.0,0.0,0.0,0.0,0.0,0.0,1.5144246816635132,1.2677077054977417,14.333333015441895,0.0,11.434683799743652,2704.156982421875,0.17891438802083334,0.0,0.0,0.0,15.14040388939235,0.0,0.0,0.0,0.0,0.0,0.0,0.0,0.0,0,KAGGLE_CASIA_2_0,none_authentic,Au_sec_30332.jpg
0.0,0.0,0.0,0.0,0.0,0.0,0.0,0.0,0.0,0.0435791015625,0.21353046596050262,3.6666667461395264,0.0,12.48259449005127,3346.7333984375,0.16156005859375,0.0,0.0,0.0,6.075339188180507,0.0,0.0,0.0,0.0,0.0,0.0,0.0,0.0,0,KAGGLE_CASIA_2_0,none_authentic,Au_art_30569.jpg
0.0,0.0,0.0,0.0,0.0,0.0,0.0,0.0,0.0,2.6627345085144043,1.8375500440597534,21.66666603088379,2.594397139936593e-06,9.236198425292969,2073.21484375,0.24348936037732913,0.0,0.0,0.0,43.51091098793496,0.0,0.0,0.0,0.0,0.0,0.0,0.0,0.0,0,KAGGLE_CASIA_2_0,none_authentic,Au_art_20068.jpg
0.0,0.0,0.0,0.0,0.0,0.0,0.0,0.0,0.0,2.0484261512756348,1.7543145418167114,25.33333396911621,7.111935683364254e-05,7.554877281188965,1277.03662109375,0.12670995670995672,0.0,0.0,0.0,7.400208605960786,0.0,0.0,0.0,0.0,0.0,0.0,0.0,0.0,1,KAGGLE_CASIA_2_0,splicing_or_copymove,Tp_S_NNN_S_N_pla20032_pla20032_01932.tif
0.0,0.0,0.0,0.0,0.0,0.0,0.0,0.0,0.0,2.2212588787078857,1.8491603136062622,34.66666793823242,0.00028182200313347854,8.983123779296875,1922.95068359375,0.18048072146432803,0.0,0.0,0.0,27.01868510795113,0.0,0.0,0.0,0.0,0.0,0.0,0.0,0.0,1,KAGGLE_CASIA_2_0,splicing_or_copymove,Tp_S_NRN_S_N_ani10207_ani10207_12418.jpg
0.0,0.0,0.0,0.0,0.0,0.0,0.0,0.0,0.0,2.4917500019073486,1.4983397722244263,13.666666984558105,0.0,21.488325119018555,11110.3740234375,0.301849365234375,0.0,0.0,0.0,15.984349630390845,0.0,0.0,0.0,0.0,0.0,0.0,0.0,0.0,1,KAGGLE_CASIA_2_0,splicing_or_copymove,Tp_S_CNN_M_N_txt00042_txt00042_10830.jpg
0.0,0.0,0.0,0.0,0.0,0.0,0.0,0.0,0.0,0.8970268368721008,1.3450812101364136,18.33333396911621,1.0172526041666666e-05,4.167957782745361,406.5372314453125,0.0576171875,0.0,0.0,0.0,0.0,0.0,0.0,0.0,0.0,0.0,0.0,0.0,0.0,1,KAGGLE_CASIA_2_0,splicing_or_copymove,Tp_S_NRN_S_N_art00019_art00019_10275.tif
0.0,0.0,0.0,0.0,0.0,0.0,0.0,0.0,0.0,0.671342670917511,1.2098082304000854,14.666666984558105,0.0,7.45440673828125,1143.84423828125,0.147308349609375,0.0,0.0,0.0,6.291849508865777,0.0,0.0,0.0,0.0,0.0,0.0,0.0,0.0,1,KAGGLE_CASIA_2_0,splicing_or_copymove,Tp_D_NNN_S_B_ind00070_cha00089_00471.tif
0.0,0.0,0.0,0.0,0.0,0.0,0.0,0.0,0.0,0.6118999719619751,0.6441105604171753,11.666666984558105,0.0,6.027853012084961,677.5848388671875,0.20322222222222222,0.0,0.0,0.0,1.3020460774658973,0.0,0.0,0.0,0.0,0.0,0.0,0.0,0.0,1,KAGGLE_CASIA_2_0,splicing_or_copymove,Tp_S_CNN_S_N_cha10140_cha10140_12197.jpg
0.0,0.0,0.0,0.0,0.0,0.0,0.0,0.0,0.0,1.0456690788269043,1.064029335975647,11.0,0.0,7.690195083618164,1200.8914794921875,0.14601437165775402,0.0,0.0,0.0,9.686262874827403,0.0,0.0,0.0,0.0,0.0,0.0,0.0,0.0,1,KAGGLE_CASIA_2_0,splicing_or_copymove,Tp_S_NNN_S_N_ind20062_ind20062_02304.tif
0.0,0.0,0.0,0.0,0.0,0.0,0.0,0.0,0.0,1.3792554140090942,1.507043719291687,16.33333396911621,0.0,11.711590766906738,3089.283935546875,0.16363525390625,0.0,0.0,0.0,3.749527559053244,0.0,0.0,0.0,0.0,0.0,0.0,0.0,0.0,0,KAGGLE_CASIA_2_0,none_authentic,Au_sec_30396.jpg
0.0,0.0,0.0,0.0,0.0,0.0,0.0,0.0,0.0,0.8936259150505066,0.9990612864494324,15.0,0.0,5.682168960571289,794.5372924804688,0.08626302083333333,0.0,0.0,0.0,8.484439705697664,0.0,0.0,0.0,0.0,0.0,0.0,0.0,0.0,0,KAGGLE_CASIA_2_0,none_authentic,Au_ani_30641.jpg
0.0,0.0,0.0,0.0,0.0,0.0,0.0,0.0,0.0,1.8292169570922852,1.961118221282959,23.66666603088379,0.0003865559895833333,8.209102630615234,1569.193359375,0.180938720703125,0.0,0.0,0.0,15.579238461142744,0.0,0.0,0.0,0.0,0.0,0.0,0.0,0.0,1,KAGGLE_CASIA_2_0,splicing_or_copymove,Tp_D_CNN_M_N_art00052_arc00030_11853.jpg
0.0,0.0,0.0,0.0,0.0,0.0,0.0,0.0,0.0,0.3193257749080658,0.5406948924064636,7.666666507720947,0.0,7.060448169708252,947.83544921875,0.08260091145833333,0.0,0.0,0.0,6.8235294117647065,0.0,0.0,0.0,0.0,0.0,0.0,0.0,0.0,0,KAGGLE_CASIA_2_0,none_authentic,Au_art_00025.jpg
0.0,0.0,0.0,0.0,0.0,0.0,0.0,0.0,0.0,1.4287288188934326,1.508786916732788,23.0,1.0666666666666667e-05,7.861234664916992,1352.8349609375,0.14374933333333334,0.0,0.0,0.0,0.0,0.0,0.0,0.0,0.0,0.0,0.0,0.0,0.0,1,KAGGLE_CASIA_2_0,splicing_or_copymove,Tp_S_CNN_S_N_pla20068_pla20068_01968.tif
0.0,0.0,0.0,0.0,0.0,0.0,0.0,0.0,0.0,0.4081319272518158,0.6582887172698975,12.333333015441895,0.0,3.125563383102417,207.19183349609375,0.025258382161458332,0.0,0.0,0.0,0.0,0.0,0.0,0.0,0.0,0.0,0.0,0.0,0.0,0,KAGGLE_CASIA_2_0,none_authentic,Au_ani_30177.jpg
0.0,0.0,0.0,0.0,0.0,0.0,0.0,0.0,0.0,0.9842528700828552,1.2368569374084473,14.666666984558105,0.0,9.022308349609375,1875.2032470703125,0.08729044596354167,0.0,0.0,0.0,0.13733516208736252,0.0,0.0,0.0,0.0,0.0,0.0,0.0,0.0,0,KAGGLE_CASIA_2_0,none_authentic,Au_arc_30013.jpg
0.0,0.0,0.0,0.0,0.0,0.0,0.0,0.0,0.0,0.7594627141952515,0.9689526557922363,16.33333396911621,0.0,7.229375839233398,990.2047119140625,0.06127151799687011,0.0,0.0,0.0,24.32049717519288,0.0,0.0,0.0,0.0,0.0,0.0,0.0,0.0,1,KAGGLE_CASIA_2_0,splicing_or_copymove,Tp_S_NNN_S_N_ind20033_ind20033_02287.tif
0.0,0.0,0.0,0.0,0.0,0.0,0.0,0.0,0.0,1.416259765625,1.2554595470428467,13.0,0.0,8.823426246643066,1766.7135009765625,0.19749959309895834,0.0,0.0,0.0,2.1367160680716464,0.0,0.0,0.0,0.0,0.0,0.0,0.0,0.0,0,KAGGLE_CASIA_2_0,none_authentic,Au_arc_30841.jpg
0.0,0.0,0.0,0.0,0.0,0.0,0.0,0.0,0.0,2.1115314960479736,1.3635386228561401,21.33333396911621,2.0345052083333332e-05,10.184179306030273,2407.095703125,0.3045756022135417,0.0,0.0,0.0,0.0,0.0,0.0,0.0,0.0,0.0,0.0,0.0,0.0,1,KAGGLE_CASIA_2_0,splicing_or_copymove,Tp_D_CRN_M_N_ani10120_ani00100_11639.jpg
0.0,0.0,0.0,0.0,0.0,0.0,0.0,0.0,0.0,0.7930839657783508,0.976685643196106,11.0,0.0,4.5460205078125,469.141845703125,0.07442220052083333,0.0,0.0,0.0,0.0,0.0,0.0,0.0,0.0,0.0,0.0,0.0,0.0,0,KAGGLE_CASIA_2_0,none_authentic,Au_ani_30404.jpg
0.0,0.0,0.0,0.0,0.0,0.0,0.0,0.0,0.0,1.2740377187728882,1.2168762683868408,13.333333015441895,0.0,7.51837158203125,1408.185546875,0.19569905598958334,0.0,0.0,0.0,1.2307692307692308,0.0,0.0,0.0,0.0,0.0,0.0,0.0,0.0,0,KAGGLE_CASIA_2_0,none_authentic,Au_ani_30725.jpg
0.0,0.0,0.0,0.0,0.0,0.0,0.0,0.0,0.0,0.745269775390625,0.9870917797088623,12.666666984558105,0.0,5.105458736419678,611.8840942382812,0.024241129557291668,0.0,0.0,0.0,0.0,0.0,0.0,0.0,0.0,0.0,0.0,0.0,0.0,0,KAGGLE_CASIA_2_0,none_authentic,Au_pla_30648.jpg
0.0,0.0,0.0,0.0,0.0,0.0,0.0,0.0,0.0,1.0326164960861206,1.098218560218811,16.0,0.0,7.470942974090576,1249.245361328125,0.153594970703125,0.0,0.0,0.0,0.0,0.0,0.0,0.0,0.0,0.0,0.0,0.0,0.0,0,KAGGLE_CASIA_2_0,none_authentic,Au_ani_30272.jpg
0.0,0.0,0.0,0.0,0.0,0.0,0.0,0.0,0.0,2.1467556953430176,1.6901493072509766,19.66666603088379,1.0172526041666666e-05,11.537245750427246,2526.648681640625,0.14085896809895834,0.0,0.0,0.0,0.0,0.0,0.0,0.0,0.0,0.0,0.0,0.0,0.0,1,KAGGLE_CASIA_2_0,splicing_or_copymove,Tp_S_CND_S_N_art00094_art00094_10403.tif
0.0,0.0,0.0,0.0,0.0,0.0,0.0,0.0,0.0,2.332227945327759,1.7668015956878662,31.33333396911621,0.00030517578125,5.608404636383057,642.5174560546875,0.16547648111979166,0.0,0.0,0.0,8.779001177696955,0.0,0.0,0.0,0.0,0.0,0.0,0.0,0.0,0,KAGGLE_CASIA_2_0,none_authentic,Au_pla_10125.JPG
0.0,0.0,0.0,0.0,0.0,0.0,0.0,0.0,0.0,0.7572394013404846,0.9648786783218384,24.0,3.0517578125e-05,7.419106960296631,1052.65380859375,0.087493896484375,0.0,0.0,0.0,7.948056217285839,0.0,0.0,0.0,0.0,0.0,0.0,0.0,0.0,1,KAGGLE_CASIA_2_0,splicing_or_copymove,Tp_D_NRN_M_N_art00025_cha00028_11683.jpg
0.0,0.0,0.0,0.0,0.0,0.0,0.0,0.0,0.0,2.5721418857574463,2.5551953315734863,42.33333206176758,0.0017644661776691118,4.265763759613037,372.9829406738281,0.056703341483292584,0.0,0.0,0.0,0.0,0.0,0.0,0.0,0.0,0.0,0.0,0.0,0.0,0,KAGGLE_CASIA_2_0,none_authentic,Au_pla_20053.jpg
0.0,0.0,0.0,0.0,0.0,0.0,0.0,0.0,0.0,0.071363665163517,0.26919710636138916,3.3333332538604736,0.0,7.340787887573242,1259.8818359375,0.102691650390625,0.0,0.0,0.0,25.59680987741005,0.0,0.0,0.0,0.0,0.0,0.0,0.0,0.0,0,KAGGLE_CASIA_2_0,none_authentic,Au_sec_30122.jpg
0.0,0.0,0.0,0.0,0.0,0.0,0.0,0.0,0.0,1.0395134687423706,1.117209553718567,18.66666603088379,1.0172526041666666e-05,7.193474292755127,1233.9921875,0.12766520182291666,0.0,0.0,0.0,0.0,0.0,0.0,0.0,0.0,0.0,0.0,0.0,0.0,0,KAGGLE_CASIA_2_0,none_authentic,Au_nat_30158.jpg
0.0,0.0,0.0,0.0,0.0,0.0,0.0,0.0,0.0,2.7877094745635986,1.868040919303894,19.0,2.0345052083333332e-05,11.610884666442871,3341.627197265625,0.273834228515625,0.0,0.0,0.0,8.93958051438895,0.0,0.0,0.0,0.0,0.0,0.0,0.0,0.0,1,KAGGLE_CASIA_2_0,splicing_or_copymove,Tp_S_NNN_S_N_ani00100_ani00100_00805.tif
0.0,0.0,0.0,0.0,0.0,0.0,0.0,0.0,0.0,0.4689161479473114,0.7806965112686157,13.666666984558105,0.0,8.232735633850098,1446.64013671875,0.13623046875,0.0,0.0,0.0,0.9298938492316241,0.0,0.0,0.0,0.0,0.0,0.0,0.0,0.0,1,KAGGLE_CASIA_2_0,splicing_or_copymove,Tp_S_NRN_S_N_ind00040_ind00040_00451.tif
0.0,0.0,0.0,0.0,0.0,0.0,0.0,0.0,0.0,0.8947076201438904,1.3361318111419678,30.0,3.0517578125e-05,8.251956939697266,1515.18310546875,0.15885416666666666,0.0,0.0,0.0,0.12801909579781015,0.0,0.0,0.0,0.0,0.0,0.0,0.0,0.0,1,KAGGLE_CASIA_2_0,splicing_or_copymove,Tp_D_NRN_S_N_art00091_cha00063_00535.tif
0.0,0.0,0.0,0.0,0.0,0.0,0.0,0.0,0.0,1.399375557899475,1.0852359533309937,12.666666984558105,0.0,5.919163227081299,735.6466064453125,0.16024535809018567,0.0,0.0,0.0,30.76377661024473,0.0,0.0,0.0,0.0,0.0,0.0,0.0,0.0,1,KAGGLE_CASIA_2_0,splicing_or_copymove,Tp_S_CNN_S_N_ani20032_ani20032_02075.tif
0.0,0.0,0.0,0.0,0.0,0.0,0.0,0.0,0.0,2.0225963592529297,1.5155949592590332,14.0,0.0,16.630840301513672,6632.32861328125,0.35966796875,0.0,0.0,0.0,0.7887614245061909,0.0,0.0,0.0,0.0,0.0,0.0,0.0,0.0,0,KAGGLE_CASIA_2_0,none_authentic,Au_art_10010.jpg
0.0,0.0,0.0,0.0,0.0,0.0,0.0,0.0,0.0,2.5767340660095215,1.89720618724823,20.33333396911621,1.0416666666666666e-05,11.439620971679688,2889.037841796875,0.14330208333333333,0.0,0.0,0.0,15.290094252440719,0.0,0.0,0.0,0.0,0.0,0.0,0.0,0.0,1,KAGGLE_CASIA_2_0,splicing_or_copymove,Tp_S_NNN_S_N_arc20031_arc20031_02171.tif
0.0,0.0,0.0,0.0,0.0,0.0,0.0,0.0,0.0,1.5004949569702148,1.2353771924972534,11.666666984558105,0.0,6.097609519958496,777.4078979492188,0.24521891276041666,0.0,0.0,0.0,16.912623033786684,0.0,0.0,0.0,0.0,0.0,0.0,0.0,0.0,0,KAGGLE_CASIA_2_0,none_authentic,Au_art_00043.jpg
0.0,0.0,0.0,0.0,0.0,0.0,0.0,0.0,0.0,1.8228319883346558,1.8642505407333374,16.33333396911621,0.0,16.49995231628418,6826.078125,0.22300211588541666,0.0,0.0,0.0,0.0,0.0,0.0,0.0,0.0,0.0,0.0,0.0,0.0,0,KAGGLE_CASIA_2_0,none_authentic,Au_nat_30202.jpg
0.0,0.0,0.0,0.0,0.0,0.0,0.0,0.0,0.0,1.7576971054077148,1.7060500383377075,16.0,0.0,18.14066505432129,7043.38916015625,0.22081502278645834,0.0,0.0,0.0,16.150553939787436,0.0,0.0,0.0,0.0,0.0,0.0,0.0,0.0,0,KAGGLE_CASIA_2_0,none_authentic,Au_arc_30303.jpg
0.0,0.0,0.0,0.0,0.0,0.0,0.0,0.0,0.0,0.1610785722732544,0.36728349328041077,3.3333332538604736,0.0,7.046219825744629,1133.7442626953125,0.142333984375,0.0,0.0,0.0,5.670245193249198,0.0,0.0,0.0,0.0,0.0,0.0,0.0,0.0,0,KAGGLE_CASIA_2_0,none_authentic,Au_ani_30694.jpg
0.0,0.0,0.0,0.0,0.0,0.0,0.0,0.0,0.0,1.0321451425552368,1.0277948379516602,12.0,0.0,7.3401007652282715,1216.09765625,0.13599650065104166,0.0,0.0,0.0,0.0,0.0,0.0,0.0,0.0,0.0,0.0,0.0,0.0,1,KAGGLE_CASIA_2_0,splicing_or_copymove,Tp_S_NRN_S_N_ind00022_ind00022_10707.jpg
0.0,0.0,0.0,0.0,0.0,0.0,0.0,0.0,0.0,1.1538017988204956,1.1230006217956543,15.0,0.0,7.902849197387695,1456.7498779296875,0.16367594401041666,0.0,0.0,0.0,39.577371897147486,0.0,0.0,0.0,0.0,0.0,0.0,0.0,0.0,0,KAGGLE_CASIA_2_0,none_authentic,Au_ani_30542.jpg
0.0,0.0,0.0,0.0,0.0,0.0,0.0,0.0,0.0,0.7806973457336426,1.2966444492340088,17.33333396911621,0.0,12.07247257232666,3747.390625,0.193756103515625,0.0,0.0,0.0,21.49724911408718,0.0,0.0,0.0,0.0,0.0,0.0,0.0,0.0,1,KAGGLE_CASIA_2_0,splicing_or_copymove,Tp_S_NRN_S_N_txt00061_txt00061_01283.tif
0.0,0.0,0.0,0.0,0.0,0.0,0.0,0.0,0.0,0.9758528470993042,1.068827509880066,20.33333396911621,4.6948356807511736e-06,10.916407585144043,2553.634765625,0.15015023474178404,0.0,0.0,0.0,2.8301943396169813,0.0,0.0,0.0,0.0,0.0,0.0,0.0,0.0,0,KAGGLE_CASIA_2_0,none_authentic,Au_arc_20083.jpg
0.0,0.0,0.0,0.0,0.0,0.0,0.0,0.0,0.0,2.170135259628296,1.9467231035232544,25.0,0.00027793862188766645,11.702190399169922,3020.55615234375,0.22002316155182397,0.0,0.0,0.0,5.744562646538029,0.0,0.0,0.0,0.0,0.0,0.0,0.0,0.0,1,KAGGLE_CASIA_2_0,splicing_or_copymove,Tp_S_NNN_S_N_art20011_art20011_02339.tif
0.0,0.0,0.0,0.0,0.0,0.0,0.0,0.0,0.0,0.8702392578125,0.9483345150947571,10.333333015441895,0.0,6.527667045593262,876.4703979492188,0.10343424479166667,0.0,0.0,0.0,0.0,0.0,0.0,0.0,0.0,0.0,0.0,0.0,0.0,0,KAGGLE_CASIA_2_0,none_authentic,Au_art_30188.jpg
0.0,0.0,0.0,0.0,0.0,0.0,0.0,0.0,0.0,0.2929551899433136,0.4939795136451721,5.0,0.0,15.480210304260254,5900.99951171875,0.2844340006510417,0.0,0.0,0.0,15.520967202924684,0.0,0.0,0.0,0.0,0.0,0.0,0.0,0.0,0,KAGGLE_CASIA_2_0,none_authentic,Au_art_30048.jpg
0.0,0.0,0.0,0.0,0.0,0.0,0.0,0.0,0.0,1.1906872987747192,0.9662380218505859,12.666666984558105,0.0,10.704375267028809,2180.205810546875,0.137847900390625,0.0,0.0,0.0,7.789916897424445,0.0,0.0,0.0,0.0,0.0,0.0,0.0,0.0,1,KAGGLE_CASIA_2_0,splicing_or_copymove,Tp_S_NNN_S_N_sec00007_sec00007_10788.jpg
0.0,0.0,0.0,0.0,0.0,0.0,0.0,0.0,0.0,0.8766513466835022,1.0841915607452393,17.66666603088379,0.0,5.309712886810303,541.8650512695312,0.07581583658854167,0.0,0.0,0.0,18.695720247039304,0.0,0.0,0.0,0.0,0.0,0.0,0.0,0.0,1,KAGGLE_CASIA_2_0,splicing_or_copymove,Tp_S_CNN_M_N_art00031_art00031_10472.tif
0.0,0.0,0.0,0.0,0.0,0.0,0.0,0.0,0.0,4.959115028381348,5.9775285720825195,54.33333206176758,0.04978426395939086,8.735970497131348,1696.7647705078125,0.16588832487309646,0.0,0.0,0.0,0.11469767022723504,0.0,0.0,0.0,0.0,0.0,0.0,0.0,0.0,0,KAGGLE_CASIA_2_0,none_authentic,Au_cha_10158.jpg
0.0,0.0,0.0,0.0,0.0,0.0,0.0,0.0,0.0,1.895172119140625,2.2166295051574707,30.0,0.00115966796875,7.558526039123535,1174.5113525390625,0.15273030598958334,0.0,0.0,0.0,1.901739080733981,0.0,0.0,0.0,0.0,0.0,0.0,0.0,0.0,1,KAGGLE_CASIA_2_0,splicing_or_copymove,Tp_D_NRN_S_N_arc00071_art10102_11178.jpg
0.0,0.0,0.0,0.0,0.0,0.0,0.0,0.0,0.0,1.529541015625,1.7091788053512573,27.0,2.0345052083333332e-05,6.55682897567749,879.7863159179688,0.10715738932291667,0.0,0.0,0.0,3.7974656113510386,0.0,0.0,0.0,0.0,0.0,0.0,0.0,0.0,1,KAGGLE_CASIA_2_0,splicing_or_copymove,Tp_S_CRN_M_N_arc00072_arc00072_10265.tif
0.0,0.0,0.0,0.0,0.0,0.0,0.0,0.0,0.0,1.9031049013137817,2.143195390701294,50.33333206176758,0.000925,8.034478187561035,1536.4923095703125,0.06422291666666667,0.0,0.0,0.0,0.0,0.0,0.0,0.0,0.0,0.0,0.0,0.0,0.0,1,KAGGLE_CASIA_2_0,splicing_or_copymove,Tp_S_NNN_S_N_art20080_art20080_02315.tif
0.0,0.0,0.0,0.0,0.0,0.0,0.0,0.0,0.0,0.7844136357307434,0.6897967457771301,6.666666507720947,0.0,11.97982406616211,3191.208251953125,0.3071492513020833,0.0,0.0,0.0,0.0,0.0,0.0,0.0,0.0,0.0,0.0,0.0,0.0,0,KAGGLE_CASIA_2_0,none_authentic,Au_sec_00097.jpg
0.0,0.0,0.0,0.0,0.0,0.0,0.0,0.0,0.0,2.0022921562194824,1.835860252380371,35.66666793823242,0.0002950032552083333,13.15617847442627,4282.24658203125,0.2548726399739583,0.0,0.0,0.0,0.7233201995174399,0.0,0.0,0.0,0.0,0.0,0.0,0.0,0.0,1,KAGGLE_CASIA_2_0,splicing_or_copymove,Tp_D_NRN_S_B_sec00012_sec00017_00032.tif
0.0,0.0,0.0,0.0,0.0,0.0,0.0,0.0,0.0,0.0485127754509449,0.2187933623790741,2.6666667461395264,0.0,6.298580646514893,938.47705078125,0.06385294596354167,0.0,0.0,0.0,38.80035790347171,0.0,0.0,0.0,0.0,0.0,0.0,0.0,0.0,0,KAGGLE_CASIA_2_0,none_authentic,Au_art_30577.jpg
0.0,0.0,0.0,0.0,0.0,0.0,0.0,0.0,0.0,0.454193115234375,0.5454943180084229,4.666666507720947,0.0,9.282489776611328,1866.6676025390625,0.166015625,0.0,0.0,0.0,0.0,0.0,0.0,0.0,0.0,0.0,0.0,0.0,0.0,0,KAGGLE_CASIA_2_0,none_authentic,Au_ind_30143.jpg
0.0,0.0,0.0,0.0,0.0,0.0,0.0,0.0,0.0,1.1262749433517456,1.0451691150665283,12.666666984558105,0.0,6.380791664123535,840.0271606445312,0.12511189778645834,0.0,0.0,0.0,3.050642654828433,0.0,0.0,0.0,0.0,0.0,0.0,0.0,0.0,0,KAGGLE_CASIA_2_0,none_authentic,Au_sec_30444.jpg
0.0,0.0,0.0,0.0,0.0,0.0,0.0,0.0,0.0,0.6723259091377258,0.7346155643463135,6.0,0.0,1.5639288425445557,48.89085006713867,0.021474202473958332,0.0,0.0,0.0,25.64340316807479,0.0,0.0,0.0,0.0,0.0,0.0,0.0,0.0,0,KAGGLE_CASIA_2_0,none_authentic,Au_pla_30650.jpg
0.0,0.0,0.0,0.0,0.0,0.0,0.0,0.0,0.0,1.6867403984069824,1.5322481393814087,16.0,0.0,13.527647018432617,4024.8125,0.21695963541666666,0.0,0.0,0.0,8.989596181485174,0.0,0.0,0.0,0.0,0.0,0.0,0.0,0.0,0,KAGGLE_CASIA_2_0,none_authentic,Au_arc_30403.jpg
0.0,0.0,0.0,0.0,0.0,0.0,0.0,0.0,0.0,2.875859022140503,2.1638824939727783,25.66666603088379,0.00011756238003838772,7.351205825805664,1217.077880859375,0.1175383877159309,0.0,0.0,0.0,17.387669934745063,0.0,0.0,0.0,0.0,0.0,0.0,0.0,0.0,0,KAGGLE_CASIA_2_0,none_authentic,Au_nat_20018.jpg
0.0,0.0,0.0,0.0,0.0,0.0,0.0,0.0,0.0,0.2000766396522522,0.4377458989620209,5.0,0.0,11.4707612991333,3240.518798828125,0.18500773111979166,0.0,0.0,0.0,18.58999045803351,0.0,0.0,0.0,0.0,0.0,0.0,0.0,0.0,0,KAGGLE_CASIA_2_0,none_authentic,Au_sec_30223.jpg
0.0,0.0,0.0,0.0,0.0,0.0,0.0,0.0,0.0,0.943864643573761,1.5457065105438232,27.0,0.000152587890625,8.948216438293457,1657.93994140625,0.13117472330729166,0.0,0.0,0.0,2.799619307685908,0.0,0.0,0.0,0.0,0.0,0.0,0.0,0.0,1,KAGGLE_CASIA_2_0,splicing_or_copymove,Tp_S_NNN_S_N_sec00084_sec00084_10353.tif
0.0,0.0,0.0,0.0,0.0,0.0,0.0,0.0,0.0,2.28952693939209,1.7446177005767822,22.0,9.1552734375e-05,15.253448486328125,5801.16650390625,0.297393798828125,0.0,0.0,0.0,23.744291592295493,0.0,0.0,0.0,0.0,0.0,0.0,0.0,0.0,1,KAGGLE_CASIA_2_0,splicing_or_copymove,Tp_S_CNN_S_N_pla00032_pla00032_10993.jpg
0.0,0.0,0.0,0.0,0.0,0.0,0.0,0.0,0.0,0.014756944961845875,0.11122634261846542,2.0,0.0,8.212125778198242,1352.2593994140625,0.12892659505208334,0.0,0.0,0.0,45.95476036277417,0.0,0.0,0.0,0.0,0.0,0.0,0.0,0.0,0,KAGGLE_CASIA_2_0,none_authentic,Au_sec_30184.jpg
0.0,0.0,0.0,0.0,0.0,0.0,0.0,0.0,0.0,1.2406481504440308,1.372388243675232,16.33333396911621,0.0,9.472237586975098,1894.4891357421875,0.16349283854166666,0.0,0.0,0.0,27.753718445767305,0.0,0.0,0.0,0.0,0.0,0.0,0.0,0.0,1,KAGGLE_CASIA_2_0,splicing_or_copymove,Tp_D_NND_S_B_ind00003_cha00040_00423.tif
0.0,0.0,0.0,0.0,0.0,0.0,0.0,0.0,0.0,0.8353678584098816,1.022918462753296,13.333333015441895,0.0,11.894004821777344,3142.339111328125,0.12467447916666667,0.0,0.0,0.0,0.0,0.0,0.0,0.0,0.0,0.0,0.0,0.0,0.0,1,KAGGLE_CASIA_2_0,splicing_or_copymove,Tp_S_NRD_S_B_ind00051_ind00051_00902.tif
0.0,0.0,0.0,0.0,0.0,0.0,0.0,0.0,0.0,0.1709086149930954,0.4338342547416687,9.0,0.0,4.897784233093262,557.6353149414062,0.092041015625,0.0,0.0,0.0,0.0,0.0,0.0,0.0,0.0,0.0,0.0,0.0,0.0,0,KAGGLE_CASIA_2_0,none_authentic,Au_pla_30073.jpg
0.0,0.0,0.0,0.0,0.0,0.0,0.0,0.0,0.0,2.347578287124634,2.1276779174804688,32.66666793823242,0.0006205240885416666,10.261579513549805,2500.693603515625,0.26544189453125,0.0,0.0,0.0,1.1392032011533348,0.0,0.0,0.0,0.0,0.0,0.0,0.0,0.0,1,KAGGLE_CASIA_2_0,splicing_or_copymove,Tp_S_NND_S_N_pla00079_pla00079_01182.tif
0.0,0.0,0.0,0.0,0.0,0.0,0.0,0.0,0.0,1.5349832773208618,1.3536078929901123,15.0,0.0,13.616705894470215,4574.6171875,0.18681844075520834,0.0,0.0,0.0,24.312551410483618,0.0,0.0,0.0,0.0,0.0,0.0,0.0,0.0,1,KAGGLE_CASIA_2_0,splicing_or_copymove,Tp_D_NRD_S_N_art00005_art00076_11791.jpg
0.0,0.0,0.0,0.0,0.0,0.0,0.0,0.0,0.0,1.2497118711471558,0.9842225313186646,13.0,0.0,6.919715404510498,1039.0733642578125,0.17960611979166666,0.0,0.0,0.0,30.46090650666992,0.0,0.0,0.0,0.0,0.0,0.0,0.0,0.0,0,KAGGLE_CASIA_2_0,none_authentic,Au_ani_30284.jpg
0.0,0.0,0.0,0.0,0.0,0.0,0.0,0.0,0.0,2.2041049003601074,1.6931737661361694,20.0,2.0345052083333332e-05,12.236776351928711,3589.484130859375,0.2714131673177083,0.0,0.0,0.0,1.3987841942995431,0.0,0.0,0.0,0.0,0.0,0.0,0.0,0.0,1,KAGGLE_CASIA_2_0,splicing_or_copymove,Tp_D_NRN_S_N_pla00048_pla00033_10989.jpg
0.0,0.0,0.0,0.0,0.0,0.0,0.0,0.0,0.0,0.02779134176671505,0.1567291021347046,4.0,0.0,4.939584732055664,498.149658203125,0.105133056640625,0.0,0.0,0.0,14.434127800758178,0.0,0.0,0.0,0.0,0.0,0.0,0.0,0.0,0,KAGGLE_CASIA_2_0,none_authentic,Au_cha_30374.jpg
0.0,0.0,0.0,0.0,0.0,0.0,0.0,0.0,0.0,1.9803466796875,1.7721338272094727,25.33333396911621,0.0001220703125,8.272135734558105,1479.3807373046875,0.201019287109375,0.0,0.0,0.0,5.65285907268176,0.0,0.0,0.0,0.0,0.0,0.0,0.0,0.0,1,KAGGLE_CASIA_2_0,splicing_or_copymove,Tp_S_NRN_S_B_cha10111_cha10111_11690.jpg
0.0,0.0,0.0,0.0,0.0,0.0,0.0,0.0,0.0,0.002841525711119175,0.052309148013591766,1.0,0.0,6.941105842590332,1001.5071411132812,0.10695393880208333,0.0,0.0,0.0,0.10910102576069176,0.0,0.0,0.0,0.0,0.0,0.0,0.0,0.0,0,KAGGLE_CASIA_2_0,none_authentic,Au_nat_00060.jpg
0.0,0.0,0.0,0.0,0.0,0.0,0.0,0.0,0.0,2.0867412090301514,1.631101131439209,16.0,0.0,12.729230880737305,4222.48681640625,0.27001953125,0.0,0.0,0.0,25.951135154677274,0.0,0.0,0.0,0.0,0.0,0.0,0.0,0.0,0,KAGGLE_CASIA_2_0,none_authentic,Au_txt_00025.jpg
0.0,0.0,0.0,0.0,0.0,0.0,0.0,0.0,0.0,1.5988906621932983,1.3535964488983154,15.666666984558105,0.0,12.986845970153809,3577.342041015625,0.21570841471354166,0.0,0.0,0.0,30.80028565406305,0.0,0.0,0.0,0.0,0.0,0.0,0.0,0.0,1,KAGGLE_CASIA_2_0,splicing_or_copymove,Tp_S_NNN_S_N_arc00015_arc00015_01113.tif
0.0,0.0,0.0,0.0,0.0,0.0,0.0,0.0,0.0,2.7049286365509033,1.89313805103302,24.66666603088379,0.00011189778645833333,20.184959411621094,9861.6240234375,0.3147379557291667,0.0,0.0,0.0,1.5497096502248415,0.0,0.0,0.0,0.0,0.0,0.0,0.0,0.0,1,KAGGLE_CASIA_2_0,splicing_or_copymove,Tp_D_CRN_S_N_pla00100_sec00097_11289.jpg
0.0,0.0,0.0,0.0,0.0,0.0,0.0,0.0,0.0,1.6897492408752441,1.8642888069152832,25.33333396911621,7.910649217092935e-05,5.648576736450195,777.2319946289062,0.07621910520669044,0.0,0.0,0.0,1.9178082191780819,0.0,0.0,0.0,0.0,0.0,0.0,0.0,0.0,0,KAGGLE_CASIA_2_0,none_authentic,Au_cha_10203.jpg
0.0,0.0,0.0,0.0,0.0,0.0,0.0,0.0,0.0,1.2798632383346558,1.2643979787826538,16.66666603088379,0.0,14.85006332397461,4852.76953125,0.18511962890625,0.0,0.0,0.0,21.15239733560899,0.0,0.0,0.0,0.0,0.0,0.0,0.0,0.0,1,KAGGLE_CASIA_2_0,splicing_or_copymove,Tp_S_CRN_S_B_arc00001_arc00001_11183.jpg
0.0,0.0,0.0,0.0,0.0,0.0,0.0,0.0,0.0,2.432100534439087,1.9281593561172485,21.66666603088379,1.0416666666666666e-05,10.596370697021484,2543.302978515625,0.19935833333333333,0.0,0.0,0.0,4.122165513502588,0.0,0.0,0.0,0.0,0.0,0.0,0.0,0.0,0,KAGGLE_CASIA_2_0,none_authentic,Au_arc_20028.jpg
0.0,0.0,0.0,0.0,0.0,0.0,0.0,0.0,0.0,2.8222813606262207,2.151310443878174,26.0,4.5673076923076925e-05,10.4900484085083,2528.313232421875,0.2176826923076923,0.0,0.0,0.0,0.899687597083358,0.0,0.0,0.0,0.0,0.0,0.0,0.0,0.0,1,KAGGLE_CASIA_2_0,splicing_or_copymove,Tp_S_NRN_S_B_nat20014_nat20014_01518.tif
0.0,0.0,0.0,0.0,0.0,0.0,0.0,0.0,0.0,1.4993659257888794,2.1640353202819824,25.33333396911621,0.0003662109375,12.818203926086426,3568.16796875,0.107269287109375,0.0,0.0,0.0,6.787327660849205,0.0,0.0,0.0,0.0,0.0,0.0,0.0,0.0,1,KAGGLE_CASIA_2_0,splicing_or_copymove,Tp_S_CNN_M_N_art00057_art00057_10292.tif
0.0,0.0,0.0,0.0,0.0,0.0,0.0,0.0,0.0,1.3483411073684692,1.4709196090698242,18.0,0.0,10.72942066192627,2297.615966796875,0.1571044921875,0.0,0.0,0.0,5.849563343049447,0.0,0.0,0.0,0.0,0.0,0.0,0.0,0.0,1,KAGGLE_CASIA_2_0,splicing_or_copymove,Tp_S_NNN_S_N_art00076_art00076_00530.tif
0.0,0.0,0.0,0.0,0.0,0.0,0.0,0.0,0.0,0.7627156376838684,0.703652024269104,5.666666507720947,0.0,11.246432304382324,3150.716552734375,0.2712504069010417,0.0,0.0,0.0,15.118384687378327,0.0,0.0,0.0,0.0,0.0,0.0,0.0,0.0,0,KAGGLE_CASIA_2_0,none_authentic,Au_pla_30099.jpg
0.0,0.0,0.0,0.0,0.0,0.0,0.0,0.0,0.0,2.1076319217681885,1.5057400465011597,13.666666984558105,0.0,13.88731575012207,4798.58984375,0.2919108072916667,0.0,0.0,0.0,0.0,0.0,0.0,0.0,0.0,0.0,0.0,0.0,0.0,1,KAGGLE_CASIA_2_0,splicing_or_copymove,Tp_S_CNN_M_N_sec00019_sec00019_10796.jpg
0.0,0.0,0.0,0.0,0.0,0.0,0.0,0.0,0.0,0.7932468056678772,1.1634585857391357,26.0,5.0862630208333336e-05,7.839465618133545,1434.6912841796875,0.09186808268229167,0.0,0.0,0.0,21.327789475076045,0.0,0.0,0.0,0.0,0.0,0.0,0.0,0.0,1,KAGGLE_CASIA_2_0,splicing_or_copymove,Tp_S_NND_S_N_art00092_art00092_00006.tif
0.0,0.0,0.0,0.0,0.0,0.0,0.0,0.0,0.0,1.4817334413528442,1.4910330772399902,14.0,0.0,10.274389266967773,2632.1767578125,0.17598470052083334,0.0,0.0,0.0,2.0057882264960187,0.0,0.0,0.0,0.0,0.0,0.0,0.0,0.0,0,KAGGLE_CASIA_2_0,none_authentic,Au_ani_30227.jpg
0.0,0.0,0.0,0.0,0.0,0.0,0.0,0.0,0.0,1.670193076133728,1.6649659872055054,20.0,3.0517578125e-05,18.500690460205078,7785.81640625,0.232635498046875,0.0,0.0,0.0,8.091816854081658,0.0,0.0,0.0,0.0,0.0,0.0,0.0,0.0,1,KAGGLE_CASIA_2_0,splicing_or_copymove,Tp_S_NNN_S_N_sec00001_sec00001_00768.tif
0.0,0.0,0.0,0.0,0.0,0.0,0.0,0.0,0.0,0.8723178505897522,1.3544976711273193,31.0,0.000274658203125,7.721826553344727,1280.1728515625,0.17527262369791666,0.0,0.0,0.0,0.267217062849074,0.0,0.0,0.0,0.0,0.0,0.0,0.0,0.0,1,KAGGLE_CASIA_2_0,splicing_or_copymove,Tp_D_NRN_S_B_ind00063_ani00069_00466.tif
0.0,0.0,0.0,0.0,0.0,0.0,0.0,0.0,0.0,0.1478644609451294,0.3661474883556366,4.0,0.0,10.415887832641602,2628.512451171875,0.196380615234375,0.0,0.0,0.0,34.751922659919025,0.0,0.0,0.0,0.0,0.0,0.0,0.0,0.0,0,KAGGLE_CASIA_2_0,none_authentic,Au_ind_30112.jpg
0.0,0.0,0.0,0.0,0.0,0.0,0.0,0.0,0.0,0.7956339716911316,1.106726050376892,13.333333015441895,0.0,6.659835338592529,907.5128784179688,0.10033162434895833,0.0,0.0,0.0,0.5048700766062442,0.0,0.0,0.0,0.0,0.0,0.0,0.0,0.0,1,KAGGLE_CASIA_2_0,splicing_or_copymove,Tp_S_CRN_M_N_art00063_art00063_10525.tif
0.0,0.0,0.0,0.0,0.0,0.0,0.0,0.0,0.0,2.1101441383361816,2.026550769805908,27.0,9.133282942806753e-05,8.875527381896973,1661.4420166015625,0.18604812295288486,0.0,0.0,0.0,20.527850668329226,0.0,0.0,0.0,0.0,0.0,0.0,0.0,0.0,1,KAGGLE_CASIA_2_0,splicing_or_copymove,Tp_S_CRN_S_N_art20075_art20075_02318.tif
0.0,0.0,0.0,0.0,0.0,0.0,0.0,0.0,0.0,1.997348427772522,1.8610332012176514,32.66666793823242,0.00013224283854166666,6.0230183601379395,784.9690551757812,0.15535481770833334,0.0,0.0,0.0,0.41659779045053097,0.0,0.0,0.0,0.0,0.0,0.0,0.0,0.0,1,KAGGLE_CASIA_2_0,splicing_or_copymove,Tp_D_NRN_M_N_nat10114_cha00052_11365.jpg
0.0,0.0,0.0,0.0,0.0,0.0,0.0,0.0,0.0,1.0783963203430176,0.9977688789367676,9.0,0.0,8.261006355285645,1535.498046875,0.156494140625,0.0,0.0,0.0,0.9975932576417644,0.0,0.0,0.0,0.0,0.0,0.0,0.0,0.0,1,KAGGLE_CASIA_2_0,splicing_or_copymove,Tp_S_NRN_M_N_sec00061_sec00061_11263.jpg
0.0,0.0,0.0,0.0,0.0,0.0,0.0,0.0,0.0,1.9350519180297852,1.5649042129516602,15.0,0.0,14.198272705078125,4814.986328125,0.3061726888020833,0.0,0.0,0.0,2.669050270120981,0.0,0.0,0.0,0.0,0.0,0.0,0.0,0.0,0,KAGGLE_CASIA_2_0,none_authentic,Au_arc_30503.jpg
0.0,0.0,0.0,0.0,0.0,0.0,0.0,0.0,0.0,2.139695882797241,1.7844611406326294,19.33333396911621,4.0690104166666664e-05,12.546557426452637,3950.052001953125,0.2592671712239583,0.0,0.0,0.0,11.63658673716792,0.0,0.0,0.0,0.0,0.0,0.0,0.0,0.0,1,KAGGLE_CASIA_2_0,splicing_or_copymove,Tp_D_NRN_S_B_arc00090_ani00096_00310.tif
0.0,0.0,0.0,0.0,0.0,0.0,0.0,0.0,0.0,2.6941394805908203,2.0517523288726807,24.0,0.0001220703125,20.594005584716797,10266.25390625,0.3310750325520833,0.0,0.0,0.0,6.9812447155058095,0.0,0.0,0.0,0.0,0.0,0.0,0.0,0.0,1,KAGGLE_CASIA_2_0,splicing_or_copymove,Tp_S_CNN_M_N_pla00080_pla00080_10458.tif
0.0,0.0,0.0,0.0,0.0,0.0,0.0,0.0,0.0,1.4547390937805176,1.5111877918243408,15.0,0.0,11.829062461853027,3161.473876953125,0.18599446614583334,0.0,0.0,0.0,7.846343165459602,0.0,0.0,0.0,0.0,0.0,0.0,0.0,0.0,0,KAGGLE_CASIA_2_0,none_authentic,Au_arc_30466.jpg
0.0,0.0,0.0,0.0,0.0,0.0,0.0,0.0,0.0,1.928252935409546,1.637506365776062,17.33333396911621,0.0,7.5807695388793945,1233.7734375,0.12471098265895954,0.0,0.0,0.0,0.0,0.0,0.0,0.0,0.0,0.0,0.0,0.0,0.0,1,KAGGLE_CASIA_2_0,splicing_or_copymove,Tp_S_NNN_S_N_sec20011_sec20011_02120.tif
0.0,0.0,0.0,0.0,0.0,0.0,0.0,0.0,0.0,2.021470785140991,1.7098201513290405,25.33333396911621,5.0862630208333336e-05,15.2190523147583,5727.87744140625,0.22252400716145834,0.0,0.0,0.0,0.7080854761617741,0.0,0.0,0.0,0.0,0.0,0.0,0.0,0.0,1,KAGGLE_CASIA_2_0,splicing_or_copymove,Tp_S_NRN_S_N_pla00056_pla00056_01165.tif
0.0,0.0,0.0,0.0,0.0,0.0,0.0,0.0,0.0,2.513688802719116,1.6932919025421143,16.33333396911621,0.0,18.186786651611328,7642.333984375,0.3306070963541667,0.0,0.0,0.0,9.060704785369321,0.0,0.0,0.0,0.0,0.0,0.0,0.0,0.0,0,KAGGLE_CASIA_2_0,none_authentic,Au_txt_30015.jpg
0.0,0.0,0.0,0.0,0.0,0.0,0.0,0.0,0.0,0.1317681223154068,0.4035540819168091,7.333333492279053,0.0,10.922914505004883,2830.122314453125,0.08729044596354167,0.0,0.0,0.0,2.339504290537589,0.0,0.0,0.0,0.0,0.0,0.0,0.0,0.0,0,KAGGLE_CASIA_2_0,none_authentic,Au_ind_30160.jpg
0.0,0.0,0.0,0.0,0.0,0.0,0.0,0.0,0.0,2.7421255111694336,1.787292242050171,20.33333396911621,2.603759829193355e-06,10.930280685424805,2583.837158203125,0.28893141696609903,0.0,0.0,0.0,1.0268483667303883,0.0,0.0,0.0,0.0,0.0,0.0,0.0,0.0,1,KAGGLE_CASIA_2_0,splicing_or_copymove,Tp_S_CNN_S_N_pla20059_pla20059_01959.tif
0.0,0.0,0.0,0.0,0.0,0.0,0.0,0.0,0.0,1.138214111328125,0.9971452355384827,13.666666984558105,0.0,7.027472019195557,943.41015625,0.17090861002604166,0.0,0.0,0.0,9.643055553514316,0.0,0.0,0.0,0.0,0.0,0.0,0.0,0.0,1,KAGGLE_CASIA_2_0,splicing_or_copymove,Tp_D_CRN_S_O_cha00030_ani00068_10042.tif
0.0,0.0,0.0,0.0,0.0,0.0,0.0,0.0,0.0,0.6526692509651184,1.2489454746246338,26.66666603088379,0.00011189778645833333,7.620144367218018,1133.5174560546875,0.081756591796875,0.0,0.0,0.0,6.8235294117647065,0.0,0.0,0.0,0.0,0.0,0.0,0.0,0.0,1,KAGGLE_CASIA_2_0,splicing_or_copymove,Tp_S_NRN_M_N_art00025_art00025_10550.tif
0.0,0.0,0.0,0.0,0.0,0.0,0.0,0.0,0.0,0.9287754893302917,1.2881444692611694,26.33333396911621,0.0003255208333333333,11.789793968200684,3006.9208984375,0.16103108723958334,0.0,0.0,0.0,2.2857142857142856,0.0,0.0,0.0,0.0,0.0,0.0,0.0,0.0,1,KAGGLE_CASIA_2_0,splicing_or_copymove,Tp_S_NRD_S_B_sec00089_sec00089_01435.tif
0.0,0.0,0.0,0.0,0.0,0.0,0.0,0.0,0.0,0.8038126826286316,0.9242731332778931,19.33333396911621,1.0172526041666666e-05,9.001226425170898,1641.7640380859375,0.206207275390625,0.0,0.0,0.0,20.817285485864865,0.0,0.0,0.0,0.0,0.0,0.0,0.0,0.0,1,KAGGLE_CASIA_2_0,splicing_or_copymove,Tp_D_NRN_S_O_arc00052_cha00023_00272.tif
0.0,0.0,0.0,0.0,0.0,0.0,0.0,0.0,0.0,1.0923055410385132,1.081182837486267,14.666666984558105,0.0,6.681951999664307,969.6194458007812,0.09619140625,0.0,0.0,0.0,0.0,0.0,0.0,0.0,0.0,0.0,0.0,0.0,0.0,0,KAGGLE_CASIA_2_0,none_authentic,Au_cha_00019.jpg
0.0,0.0,0.0,0.0,0.0,0.0,0.0,0.0,0.0,1.5927530527114868,1.6330556869506836,18.66666603088379,1.0172526041666666e-05,15.535694122314453,5141.52197265625,0.208892822265625,0.0,0.0,0.0,0.0,0.0,0.0,0.0,0.0,0.0,0.0,0.0,0.0,0,KAGGLE_CASIA_2_0,none_authentic,Au_arc_30304.jpg
0.0,0.0,0.0,0.0,0.0,0.0,0.0,0.0,0.0,2.235931396484375,1.7415090799331665,18.0,0.0,19.375431060791016,9024.3837890625,0.2855122884114583,0.0,0.0,0.0,6.213225142119563,0.0,0.0,0.0,0.0,0.0,0.0,0.0,0.0,0,KAGGLE_CASIA_2_0,none_authentic,Au_txt_00010.jpg
0.0,0.0,0.0,0.0,0.0,0.0,0.0,0.0,0.0,1.5867547988891602,1.2566092014312744,20.33333396911621,1.0172526041666666e-05,10.507157325744629,2239.422119140625,0.21795654296875,0.0,0.0,0.0,2.120643794238159,0.0,0.0,0.0,0.0,0.0,0.0,0.0,0.0,1,KAGGLE_CASIA_2_0,splicing_or_copymove,Tp_D_CRN_S_N_sec00054_sec00055_11235.jpg
0.0,0.0,0.0,0.0,0.0,0.0,0.0,0.0,0.0,0.2193162888288498,0.4263383746147156,3.3333332538604736,0.0,8.251824378967285,1583.3062744140625,0.167510986328125,0.0,0.0,0.0,1.441064421414486,0.0,0.0,0.0,0.0,0.0,0.0,0.0,0.0,0,KAGGLE_CASIA_2_0,none_authentic,Au_art_30123.jpg
0.0,0.0,0.0,0.0,0.0,0.0,0.0,0.0,0.0,1.5638529062271118,1.4764143228530884,14.0,0.0,10.366576194763184,2642.3515625,0.2392578125,0.0,0.0,0.0,1.118033988749895,0.0,0.0,0.0,0.0,0.0,0.0,0.0,0.0,0,KAGGLE_CASIA_2_0,none_authentic,Au_nat_30109.jpg
0.0,0.0,0.0,0.0,0.0,0.0,0.0,0.0,0.0,1.1655408143997192,1.089000940322876,13.666666984558105,0.0,6.929771423339844,1046.7523193359375,0.12085978190104167,0.0,0.0,0.0,25.994672371271587,0.0,0.0,0.0,0.0,0.0,0.0,0.0,0.0,0,KAGGLE_CASIA_2_0,none_authentic,Au_ind_00028.jpg
0.0,0.0,0.0,0.0,0.0,0.0,0.0,0.0,0.0,0.8911404609680176,0.8498920798301697,9.666666984558105,0.0,3.839444637298584,333.3489074707031,0.060750325520833336,0.0,0.0,0.0,24.312551410483618,0.0,0.0,0.0,0.0,0.0,0.0,0.0,0.0,0,KAGGLE_CASIA_2_0,none_authentic,Au_pla_30686.jpg
0.0,0.0,0.0,0.0,0.0,0.0,0.0,0.0,0.0,2.0406153202056885,1.4849332571029663,49.0,0.00014241536458333334,5.3804545402526855,610.7135009765625,0.121185302734375,0.0,0.0,0.0,0.0,0.0,0.0,0.0,0.0,0.0,0.0,0.0,0.0,1,KAGGLE_CASIA_2_0,splicing_or_copymove,Tp_D_NRN_S_N_cha00084_ani00081_00404.tif
0.0,0.0,0.0,0.0,0.0,0.0,0.0,0.0,0.0,1.241902232170105,1.6685360670089722,25.66666603088379,0.0001720676799541153,6.960679531097412,970.00146484375,0.12197877831947232,0.0,0.0,0.0,0.0,0.0,0.0,0.0,0.0,0.0,0.0,0.0,0.0,1,KAGGLE_CASIA_2_0,splicing_or_copymove,Tp_D_NRD_M_B_arc20061_arc20061_02481.tif
0.0,0.0,0.0,0.0,0.0,0.0,0.0,0.0,0.0,1.3685674667358398,1.2355769872665405,13.666666984558105,0.0,9.28994369506836,1903.5633544921875,0.17073567708333334,0.0,0.0,0.0,32.755234968085766,0.0,0.0,0.0,0.0,0.0,0.0,0.0,0.0,0,KAGGLE_CASIA_2_0,none_authentic,Au_arc_30515.jpg
0.0,0.0,0.0,0.0,0.0,0.0,0.0,0.0,0.0,0.2096049040555954,0.47054633498191833,6.0,0.0,15.283468246459961,4759.20654296875,0.23949178059895834,0.0,0.0,0.0,13.272104593114785,0.0,0.0,0.0,0.0,0.0,0.0,0.0,0.0,0,KAGGLE_CASIA_2_0,none_authentic,Au_sec_30582.jpg
0.0,0.0,0.0,0.0,0.0,0.0,0.0,0.0,0.0,1.0056322813034058,1.229426383972168,13.0,0.0,7.505066871643066,1358.087890625,0.09736124674479167,0.0,0.0,0.0,0.0,0.0,0.0,0.0,0.0,0.0,0.0,0.0,0.0,0,KAGGLE_CASIA_2_0,none_authentic,Au_arc_30550.jpg
0.0,0.0,0.0,0.0,0.0,0.0,0.0,0.0,0.0,0.9354281425476074,0.923405110836029,10.333333015441895,0.0,5.682947158813477,703.717041015625,0.13720703125,0.0,0.0,0.0,16.368363795240295,0.0,0.0,0.0,0.0,0.0,0.0,0.0,0.0,0,KAGGLE_CASIA_2_0,none_authentic,Au_ani_30078.jpg
0.0,0.0,0.0,0.0,0.0,0.0,0.0,0.0,0.0,2.408937931060791,2.855164051055908,30.33333396911621,0.0011695075757575757,9.2100191116333,1809.12548828125,0.1534375,0.0,0.0,0.0,1.53316207150451,0.0,0.0,0.0,0.0,0.0,0.0,0.0,0.0,1,KAGGLE_CASIA_2_0,splicing_or_copymove,Tp_S_NNN_S_N_nat20063_nat20063_01567.tif
0.0,0.0,0.0,0.0,0.0,0.0,0.0,0.0,0.0,3.8951053619384766,2.372709274291992,36.0,0.000552662037037037,11.710742950439453,2987.5205078125,0.2707407407407407,0.0,0.0,0.0,37.25740323077361,0.0,0.0,0.0,0.0,0.0,0.0,0.0,0.0,0,KAGGLE_CASIA_2_0,none_authentic,Au_ani_10169.jpg
0.0,0.0,0.0,0.0,0.0,0.0,0.0,0.0,0.0,0.1328192800283432,0.3614579737186432,6.0,0.0,11.242181777954102,3299.4375,0.15697224934895834,0.0,0.0,0.0,0.11110243021644485,0.0,0.0,0.0,0.0,0.0,0.0,0.0,0.0,0,KAGGLE_CASIA_2_0,none_authentic,Au_cha_30639.jpg
0.0,0.0,0.0,0.0,0.0,0.0,0.0,0.0,0.0,1.0404222011566162,1.2440229654312134,14.0,0.0,9.650751113891602,1935.6934814453125,0.13710530598958334,0.0,0.0,0.0,9.699826210400204,0.0,0.0,0.0,0.0,0.0,0.0,0.0,0.0,1,KAGGLE_CASIA_2_0,splicing_or_copymove,Tp_S_NNN_S_N_arc00022_arc00022_01120.tif
0.0,0.0,0.0,0.0,0.0,0.0,0.0,0.0,0.0,1.202457070350647,1.207034707069397,14.333333015441895,0.0,13.325984954833984,4009.272216796875,0.20826212565104166,0.0,0.0,0.0,0.8539463547151553,0.0,0.0,0.0,0.0,0.0,0.0,0.0,0.0,1,KAGGLE_CASIA_2_0,splicing_or_copymove,Tp_S_NND_S_N_ind00035_ind00035_01326.tif
0.0,0.0,0.0,0.0,0.0,0.0,0.0,0.0,0.0,1.5270894765853882,1.5131025314331055,17.33333396911621,0.0,6.496082782745361,921.6755981445312,0.139373779296875,0.0,0.0,0.0,1.3459696686888865,0.0,0.0,0.0,0.0,0.0,0.0,0.0,0.0,0,KAGGLE_CASIA_2_0,none_authentic,Au_nat_10127.JPG
0.0,0.0,0.0,0.0,0.0,0.0,0.0,0.0,0.0,0.415825754404068,0.6647815108299255,6.666666507720947,0.0,13.270763397216797,4102.17724609375,0.1998291015625,0.0,0.0,0.0,28.42210981842502,0.0,0.0,0.0,0.0,0.0,0.0,0.0,0.0,0,KAGGLE_CASIA_2_0,none_authentic,Au_cha_30551.jpg
0.0,0.0,0.0,0.0,0.0,0.0,0.0,0.0,0.0,0.0854932963848114,0.27830970287323,3.3333332538604736,0.0,3.6694774627685547,300.889404296875,0.05364990234375,0.0,0.0,0.0,20.549966720491163,0.0,0.0,0.0,0.0,0.0,0.0,0.0,0.0,0,KAGGLE_CASIA_2_0,none_authentic,Au_pla_30005.jpg
0.0,0.0,0.0,0.0,0.0,0.0,0.0,0.0,0.0,3.006413698196411,2.1764419078826904,30.33333396911621,0.00011516314779270633,7.643509864807129,1337.6851806640625,0.13987523992322456,0.0,0.0,0.0,8.014839631645017,0.0,0.0,0.0,0.0,0.0,0.0,0.0,0.0,1,KAGGLE_CASIA_2_0,splicing_or_copymove,Tp_D_NRN_S_B_nat20017_nat20016_01521.tif
0.0,0.0,0.0,0.0,0.0,0.0,0.0,0.0,0.0,1.6045397520065308,1.3059910535812378,14.333333015441895,0.0,9.885941505432129,2126.4462890625,0.171112060546875,0.0,0.0,0.0,20.12509814080442,0.0,0.0,0.0,0.0,0.0,0.0,0.0,0.0,1,KAGGLE_CASIA_2_0,splicing_or_copymove,Tp_D_CRN_M_N_txt00002_txt00032_10300.tif
0.0,0.0,0.0,0.0,0.0,0.0,0.0,0.0,0.0,4.077410697937012,3.4321277141571045,45.0,0.005846491228070175,10.359375953674316,2478.773681640625,0.16090350877192983,0.0,0.0,0.0,53.023098519696205,0.0,0.0,0.0,0.0,0.0,0.0,0.0,0.0,0,KAGGLE_CASIA_2_0,none_authentic,Au_ind_20007.jpg
0.0,0.0,0.0,0.0,0.0,0.0,0.0,0.0,0.0,1.9290432929992676,2.1482043266296387,25.66666603088379,0.0001220703125,21.11372184753418,11155.0263671875,0.3608601888020833,0.0,0.0,0.0,23.20496904189476,0.0,0.0,0.0,0.0,0.0,0.0,0.0,0.0,1,KAGGLE_CASIA_2_0,splicing_or_copymove,Tp_D_CNN_M_N_txt00049_txt00050_10374.tif
0.0,0.0,0.0,0.0,0.0,0.0,0.0,0.0,0.0,3.08803653717041,2.5420682430267334,29.66666603088379,0.000579833984375,9.622660636901855,1977.18896484375,0.24181111653645834,0.0,0.0,0.0,10.693826513136477,0.0,0.0,0.0,0.0,0.0,0.0,0.0,0.0,1,KAGGLE_CASIA_2_0,splicing_or_copymove,Tp_S_CRD_S_N_art00048_art00048_01021.tif
0.0,0.0,0.0,0.0,0.0,0.0,0.0,0.0,0.0,3.125739336013794,2.782240152359009,34.33333206176758,0.0026957194010416665,12.233067512512207,3319.639404296875,0.2537943522135417,0.0,0.0,0.0,2.1496223271239705,0.0,0.0,0.0,0.0,0.0,0.0,0.0,0.0,1,KAGGLE_CASIA_2_0,splicing_or_copymove,Tp_D_NRN_M_N_nat10126_cha10110_11535.jpg
0.0,0.0,0.0,0.0,0.0,0.0,0.0,0.0,0.0,0.7626546025276184,0.8821710348129272,15.666666984558105,0.0,5.584610939025879,595.1478881835938,0.07902018229166667,0.0,0.0,0.0,0.5257270098529168,0.0,0.0,0.0,0.0,0.0,0.0,0.0,0.0,1,KAGGLE_CASIA_2_0,splicing_or_copymove,Tp_D_NNN_S_B_nat00027_nat00030_11094.jpg
0.0,0.0,0.0,0.0,0.0,0.0,0.0,0.0,0.0,0.9927965402603149,1.8772766590118408,40.0,0.0017440097057931452,6.120530128479004,767.2200317382812,0.05312910726923466,0.0,0.0,0.0,0.895023277164715,0.0,0.0,0.0,0.0,0.0,0.0,0.0,0.0,1,KAGGLE_CASIA_2_0,splicing_or_copymove,Tp_D_NRD_L_B_arc20050_arc20001_02477.tif
0.0,0.0,0.0,0.0,0.0,0.0,0.0,0.0,0.0,1.6462056636810303,1.3824372291564941,30.33333396911621,3.472222222222222e-05,6.628281116485596,869.3368530273438,0.16629050925925926,0.0,0.0,0.0,0.0,0.0,0.0,0.0,0.0,0.0,0.0,0.0,0.0,1,KAGGLE_CASIA_2_0,splicing_or_copymove,Tp_S_NND_S_N_ani20029_ani20029_02072.tif
0.0,0.0,0.0,0.0,0.0,0.0,0.0,0.0,0.0,1.2151014804840088,2.0801267623901367,31.0,0.0011698404947916667,6.152789115905762,907.509521484375,0.13521321614583334,0.0,0.0,0.0,4.571062510661007,0.0,0.0,0.0,0.0,0.0,0.0,0.0,0.0,1,KAGGLE_CASIA_2_0,splicing_or_copymove,Tp_S_NRD_S_O_art00052_art00052_00927.tif
0.0,0.0,0.0,0.0,0.0,0.0,0.0,0.0,0.0,1.8120862245559692,1.3122358322143555,20.66666603088379,0.00018310546875,2.866631507873535,149.7361602783203,0.040049235026041664,0.0,0.0,0.0,25.523813707481242,0.0,0.0,0.0,0.0,0.0,0.0,0.0,0.0,1,KAGGLE_CASIA_2_0,splicing_or_copymove,Tp_S_NNN_S_N_art00095_art00095_10438.tif
0.0,0.0,0.0,0.0,0.0,0.0,0.0,0.0,0.0,0.3771565854549408,0.8030542731285095,16.0,0.0,7.454124927520752,1375.46142578125,0.18639119466145834,0.0,0.0,0.0,5.188370488240668,0.0,0.0,0.0,0.0,0.0,0.0,0.0,0.0,1,KAGGLE_CASIA_2_0,splicing_or_copymove,Tp_S_NNN_S_N_ind00064_ind00064_00910.tif
0.0,0.0,0.0,0.0,0.0,0.0,0.0,0.0,0.0,0.154327392578125,0.3581830561161041,4.0,0.0,10.613274574279785,2446.111328125,0.150115966796875,0.0,0.0,0.0,4.0985364257239745,0.0,0.0,0.0,0.0,0.0,0.0,0.0,0.0,0,KAGGLE_CASIA_2_0,none_authentic,Au_sec_30569.jpg
0.0,0.0,0.0,0.0,0.0,0.0,0.0,0.0,0.0,1.0313957929611206,1.232521653175354,21.66666603088379,1.0172526041666666e-05,7.997828006744385,1263.0684814453125,0.140289306640625,0.0,0.0,0.0,2.882287766630688,0.0,0.0,0.0,0.0,0.0,0.0,0.0,0.0,1,KAGGLE_CASIA_2_0,splicing_or_copymove,Tp_D_NNN_S_N_arc00066_cha00096_00416.tif
0.0,0.0,0.0,0.0,0.0,0.0,0.0,0.0,0.0,0.3831888735294342,0.8040438294410706,10.333333015441895,0.0,3.167527437210083,230.80662536621094,0.016082763671875,0.0,0.0,0.0,4.2596697032798145,0.0,0.0,0.0,0.0,0.0,0.0,0.0,0.0,0,KAGGLE_CASIA_2_0,none_authentic,Au_ani_30161.jpg
0.0,0.0,0.0,0.0,0.0,0.0,0.0,0.0,0.0,1.054989218711853,1.0410945415496826,11.0,0.0,5.942967414855957,801.109375,0.12688191731770834,0.0,0.0,0.0,0.0,0.0,0.0,0.0,0.0,0.0,0.0,0.0,0.0,0,KAGGLE_CASIA_2_0,none_authentic,Au_arc_30027.jpg
0.0,0.0,0.0,0.0,0.0,0.0,0.0,0.0,0.0,2.6708507537841797,2.8540754318237305,43.0,0.00453125,11.589865684509277,2586.700927734375,0.12614583333333335,0.0,0.0,0.0,17.260276931825675,0.0,0.0,0.0,0.0,0.0,0.0,0.0,0.0,1,KAGGLE_CASIA_2_0,splicing_or_copymove,Tp_S_CRN_M_N_arc10111_arc10111_10732.jpg
0.0,0.0,0.0,0.0,0.0,0.0,0.0,0.0,0.0,1.0731234550476074,1.3217090368270874,14.0,0.0,8.953211784362793,1950.6654052734375,0.1180419921875,0.0,0.0,0.0,1.2902790181190804,0.0,0.0,0.0,0.0,0.0,0.0,0.0,0.0,0,KAGGLE_CASIA_2_0,none_authentic,Au_ani_30462.jpg
0.0,0.0,0.0,0.0,0.0,0.0,0.0,0.0,0.0,0.5209757685661316,0.7168909311294556,12.333333015441895,0.0,5.067724704742432,506.6105041503906,0.07585652669270833,0.0,0.0,0.0,0.3049106779729928,0.0,0.0,0.0,0.0,0.0,0.0,0.0,0.0,1,KAGGLE_CASIA_2_0,splicing_or_copymove,Tp_S_NNN_S_N_art00021_art00021_00922.tif
0.0,0.0,0.0,0.0,0.0,0.0,0.0,0.0,0.0,1.479339599609375,1.1408957242965698,18.0,0.0,11.395962715148926,2921.177001953125,0.182159423828125,0.0,0.0,0.0,19.131317377585354,0.0,0.0,0.0,0.0,0.0,0.0,0.0,0.0,1,KAGGLE_CASIA_2_0,splicing_or_copymove,Tp_D_NRN_M_B_sec00002_nat10123_11396.jpg
0.0,0.0,0.0,0.0,0.0,0.0,0.0,0.0,0.0,0.1433207243680954,0.3581143915653229,3.6666667461395264,0.0,4.337357044219971,464.4513244628906,0.060902913411458336,0.0,0.0,0.0,25.228412608964636,0.0,0.0,0.0,0.0,0.0,0.0,0.0,0.0,0,KAGGLE_CASIA_2_0,none_authentic,Au_cha_30492.jpg
0.0,0.0,0.0,0.0,0.0,0.0,0.0,0.0,0.0,0.720994770526886,0.9597373604774475,15.333333015441895,0.0,4.875082969665527,579.5546264648438,0.029378255208333332,0.0,0.0,0.0,0.0,0.0,0.0,0.0,0.0,0.0,0.0,0.0,0.0,0,KAGGLE_CASIA_2_0,none_authentic,Au_pla_30732.jpg
0.0,0.0,0.0,0.0,0.0,0.0,0.0,0.0,0.0,1.3450113534927368,1.3573551177978516,20.33333396911621,1.0172526041666666e-05,9.488719940185547,2213.900634765625,0.09980265299479167,0.0,0.0,0.0,0.13128622409733126,0.0,0.0,0.0,0.0,0.0,0.0,0.0,0.0,1,KAGGLE_CASIA_2_0,splicing_or_copymove,Tp_D_NRN_M_B_arc00094_nat00097_11203.jpg
0.0,0.0,0.0,0.0,0.0,0.0,0.0,0.0,0.0,0.9076606631278992,0.8996206521987915,11.666666984558105,0.0,4.760417461395264,482.6337890625,0.07319132486979167,0.0,0.0,0.0,0.0,0.0,0.0,0.0,0.0,0.0,0.0,0.0,0.0,0,KAGGLE_CASIA_2_0,none_authentic,Au_pla_30327.jpg
0.0,0.0,0.0,0.0,0.0,0.0,0.0,0.0,0.0,0.9201558232307434,1.0489333868026733,13.666666984558105,0.0,6.38840389251709,931.5471801757812,0.08185831705729167,0.0,0.0,0.0,5.547689564506313,0.0,0.0,0.0,0.0,0.0,0.0,0.0,0.0,0,KAGGLE_CASIA_2_0,none_authentic,Au_arc_30681.jpg
0.0,0.0,0.0,0.0,0.0,0.0,0.0,0.0,0.0,0.6202086806297302,0.9379901885986328,13.0,0.0,5.100011348724365,608.7241821289062,0.049041748046875,0.0,0.0,0.0,0.0,0.0,0.0,0.0,0.0,0.0,0.0,0.0,0.0,0,KAGGLE_CASIA_2_0,none_authentic,Au_nat_00008.jpg
0.0,0.0,0.0,0.0,0.0,0.0,0.0,0.0,0.0,1.3828226327896118,1.2723115682601929,12.0,0.0,8.098388671875,1543.2203369140625,0.14434814453125,0.0,0.0,0.0,0.0,0.0,0.0,0.0,0.0,0.0,0.0,0.0,0.0,0,KAGGLE_CASIA_2_0,none_authentic,Au_pla_30627.jpg
0.0,0.0,0.0,0.0,0.0,0.0,0.0,0.0,0.0,2.2051618099212646,2.099165201187134,27.0,0.00010078105316200554,9.015594482421875,1717.056396484375,0.1871252204585538,0.0,0.0,0.0,22.19950709440133,0.0,0.0,0.0,0.0,0.0,0.0,0.0,0.0,1,KAGGLE_CASIA_2_0,splicing_or_copymove,Tp_S_CRN_S_N_art20075_art20075_01881.tif
0.0,0.0,0.0,0.0,0.0,0.0,0.0,0.0,0.0,1.4027811288833618,1.3982821702957153,14.333333015441895,0.0,10.406437873840332,2555.619384765625,0.12150065104166667,0.0,0.0,0.0,13.246639767898825,0.0,0.0,0.0,0.0,0.0,0.0,0.0,0.0,1,KAGGLE_CASIA_2_0,splicing_or_copymove,Tp_S_NNN_S_N_ind00017_ind00017_01315.tif
0.0,0.0,0.0,0.0,0.0,0.0,0.0,0.0,0.0,1.0916069746017456,0.8736953139305115,9.666666984558105,0.0,6.161743640899658,881.3861694335938,0.13022867838541666,0.0,0.0,0.0,0.39385867229199395,0.0,0.0,0.0,0.0,0.0,0.0,0.0,0.0,1,KAGGLE_CASIA_2_0,splicing_or_copymove,Tp_S_NRN_S_N_sec00065_sec00065_11280.jpg
0.0,0.0,0.0,0.0,0.0,0.0,0.0,0.0,0.0,1.1331787109375,1.1385152339935303,14.333333015441895,0.0,7.131894588470459,1134.7708740234375,0.093292236328125,0.0,0.0,0.0,0.0,0.0,0.0,0.0,0.0,0.0,0.0,0.0,0.0,0,KAGGLE_CASIA_2_0,none_authentic,Au_cha_30219.jpg
0.0,0.0,0.0,0.0,0.0,0.0,0.0,0.0,0.0,0.981306254863739,0.899817705154419,11.0,0.0,7.067882061004639,983.580322265625,0.12150065104166667,0.0,0.0,0.0,5.118593556827891,0.0,0.0,0.0,0.0,0.0,0.0,0.0,0.0,1,KAGGLE_CASIA_2_0,splicing_or_copymove,Tp_S_NNN_S_N_sec00035_sec00035_11249.jpg
0.0,0.0,0.0,0.0,0.0,0.0,0.0,0.0,0.0,1.5437179803848267,1.587856650352478,17.0,0.0,11.442975997924805,3181.694091796875,0.21996053059895834,0.0,0.0,0.0,3.4916409316702635,0.0,0.0,0.0,0.0,0.0,0.0,0.0,0.0,1,KAGGLE_CASIA_2_0,splicing_or_copymove,Tp_S_NNN_S_B_arc00098_arc00098_01032.tif
0.0,0.0,0.0,0.0,0.0,0.0,0.0,0.0,0.0,1.7631456851959229,1.5801328420639038,25.0,3.657978966620942e-05,11.482877731323242,2707.964599609375,0.16903063557384546,0.0,0.0,0.0,0.16545549471085538,0.0,0.0,0.0,0.0,0.0,0.0,0.0,0.0,1,KAGGLE_CASIA_2_0,splicing_or_copymove,Tp_D_NRN_M_N_ani10144_nat10156_12472.jpg
0.0,0.0,0.0,0.0,0.0,0.0,0.0,0.0,0.0,0.9578755497932434,0.9124419093132019,12.0,0.0,5.694076061248779,711.330078125,0.11072794596354167,0.0,0.0,0.0,0.0,0.0,0.0,0.0,0.0,0.0,0.0,0.0,0.0,0,KAGGLE_CASIA_2_0,none_authentic,Au_art_30566.jpg
0.0,0.0,0.0,0.0,0.0,0.0,0.0,0.0,0.0,0.3422749936580658,0.6951175928115845,13.333333015441895,0.0,5.649977207183838,635.9479370117188,0.09541829427083333,0.0,0.0,0.0,3.328496490743064,0.0,0.0,0.0,0.0,0.0,0.0,0.0,0.0,1,KAGGLE_CASIA_2_0,splicing_or_copymove,Tp_S_NRN_S_B_art00084_art00084_00929.tif
0.0,0.0,0.0,0.0,0.0,0.0,0.0,0.0,0.0,1.4160494804382324,1.0997369289398193,14.333333015441895,0.0,8.435233116149902,1570.0631103515625,0.22953287760416666,0.0,0.0,0.0,31.471739704058308,0.0,0.0,0.0,0.0,0.0,0.0,0.0,0.0,0,KAGGLE_CASIA_2_0,none_authentic,Au_ani_30733.jpg
