path,label,tamper_type,provenance,filename,format
C:\Users\kongeshwaran\AI GOVERNMENT SCHEME LEAKAGE DETECTOR\dataset\casia\CASIA2\Au\Au_arc_30007.jpg,ORIGINAL,none_authentic,KAGGLE_CASIA_2_0,Au_arc_30007.jpg,jpg
C:\Users\kongeshwaran\AI GOVERNMENT SCHEME LEAKAGE DETECTOR\dataset\casia\CASIA2\Au\Au_arc_30076.jpg,ORIGINAL,none_authentic,KAGGLE_CASIA_2_0,Au_arc_30076.jpg,jpg
C:\Users\kongeshwaran\AI GOVERNMENT SCHEME LEAKAGE DETECTOR\dataset\casia\CASIA2\Tp\Tp_S_NNN_S_N_art00099_art00099_01002.tif,TAMPERED,splicing_or_copymove,KAGGLE_CASIA_2_0,Tp_S_NNN_S_N_art00099_art00099_01002.tif,tif
C:\Users\kongeshwaran\AI GOVERNMENT SCHEME LEAKAGE DETECTOR\dataset\casia\CASIA2\Au\Au_sec_30536.jpg,ORIGINAL,none_authentic,KAGGLE_CASIA_2_0,Au_sec_30536.jpg,jpg
C:\Users\kongeshwaran\AI GOVERNMENT SCHEME LEAKAGE DETECTOR\dataset\casia\CASIA2\Tp\Tp_S_NRN_S_N_sec20037_sec20037_01627.tif,TAMPERED,splicing_or_copymove,KAGGLE_CASIA_2_0,Tp_S_NRN_S_N_sec20037_sec20037_01627.tif,tif
C:\Users\kongeshwaran\AI GOVERNMENT SCHEME LEAKAGE DETECTOR\dataset\casia\CASIA2\Au\Au_art_00019.jpg,ORIGINAL,none_authentic,KAGGLE_CASIA_2_0,Au_art_00019.jpg,jpg
C:\Users\kongeshwaran\AI GOVERNMENT SCHEME LEAKAGE DETECTOR\dataset\casia\CASIA2\Au\Au_nat_30528.jpg,ORIGINAL,none_authentic,KAGGLE_CASIA_2_0,Au_nat_30528.jpg,jpg
C:\Users\kongeshwaran\AI GOVERNMENT SCHEME LEAKAGE DETECTOR\dataset\casia\CASIA2\Tp\Tp_D_NNN_S_B_cha00081_cha00065_00401.tif,TAMPERED,splicing_or_copymove,KAGGLE_CASIA_2_0,Tp_D_NNN_S_B_cha00081_cha00065_00401.tif,tif
C:\Users\kongeshwaran\AI GOVERNMENT SCHEME LEAKAGE DETECTOR\dataset\casia\CASIA2\Tp\Tp_D_NRN_S_B_cha00036_cha00070_11738.jpg,TAMPERED,splicing_or_copymove,KAGGLE_CASIA_2_0,Tp_D_NRN_S_B_cha00036_cha00070_11738.jpg,jpg
C:\Users\kongeshwaran\AI GOVERNMENT SCHEME LEAKAGE DETECTOR\dataset\casia\CASIA2\Au\Au_ani_30255.jpg,ORIGINAL,none_authentic,KAGGLE_CASIA_2_0,Au_ani_30255.jpg,jpg
C:\Users\kongeshwaran\AI GOVERNMENT SCHEME LEAKAGE DETECTOR\dataset\casia\CASIA2\Au\Au_ani_30447.jpg,ORIGINAL,none_authentic,KAGGLE_CASIA_2_0,Au_ani_30447.jpg,jpg
C:\Users\kongeshwaran\AI GOVERNMENT SCHEME LEAKAGE DETECTOR\dataset\casia\CASIA2\Au\Au_nat_30050.jpg,ORIGINAL,none_authentic,KAGGLE_CASIA_2_0,Au_nat_30050.jpg,jpg
C:\Users\kongeshwaran\AI GOVERNMENT SCHEME LEAKAGE DETECTOR\dataset\casia\CASIA2\Au\Au_ani_30530.jpg,ORIGINAL,none_authentic,KAGGLE_CASIA_2_0,Au_ani_30530.jpg,jpg
C:\Users\kongeshwaran\AI GOVERNMENT SCHEME LEAKAGE DETECTOR\dataset\casia\CASIA2\Au\Au_art_10008.jpg,ORIGINAL,none_authentic,KAGGLE_CASIA_2_0,Au_art_10008.jpg,jpg
C:\Users\kongeshwaran\AI GOVERNMENT SCHEME LEAKAGE DETECTOR\dataset\casia\CASIA2\Au\Au_ind_30090.jpg,ORIGINAL,none_authentic,KAGGLE_CASIA_2_0,Au_ind_30090.jpg,jpg
C:\Users\kongeshwaran\AI GOVERNMENT SCHEME LEAKAGE DETECTOR\dataset\casia\CASIA2\Au\Au_art_00017.jpg,ORIGINAL,none_authentic,KAGGLE_CASIA_2_0,Au_art_00017.jpg,jpg
C:\Users\kongeshwaran\AI GOVERNMENT SCHEME LEAKAGE DETECTOR\dataset\casia\CASIA2\Tp\Tp_S_NRN_M_N_nat00075_nat00075_11101.jpg,TAMPERED,splicing_or_copymove,KAGGLE_CASIA_2_0,Tp_S_NRN_M_N_nat00075_nat00075_11101.jpg,jpg
C:\Users\kongeshwaran\AI GOVERNMENT SCHEME LEAKAGE DETECTOR\dataset\casia\CASIA2\Tp\Tp_S_CNN_M_N_cha00017_cha00017_10313.tif,TAMPERED,splicing_or_copymove,KAGGLE_CASIA_2_0,Tp_S_CNN_M_N_cha00017_cha00017_10313.tif,tif
C:\Users\kongeshwaran\AI GOVERNMENT SCHEME LEAKAGE DETECTOR\dataset\casia\CASIA2\Tp\Tp_S_NNN_S_N_ani20013_ani20013_02056.tif,TAMPERED,splicing_or_copymove,KAGGLE_CASIA_2_0,Tp_S_NNN_S_N_ani20013_ani20013_02056.tif,tif
C:\Users\kongeshwaran\AI GOVERNMENT SCHEME LEAKAGE DETECTOR\dataset\casia\CASIA2\Au\Au_nat_30443.jpg,ORIGINAL,none_authentic,KAGGLE_CASIA_2_0,Au_nat_30443.jpg,jpg
C:\Users\kongeshwaran\AI GOVERNMENT SCHEME LEAKAGE DETECTOR\dataset\casia\CASIA2\Tp\Tp_S_CNN_S_N_art00032_art00032_10467.tif,TAMPERED,splicing_or_copymove,KAGGLE_CASIA_2_0,Tp_S_CNN_S_N_art00032_art00032_10467.tif,tif
C:\Users\kongeshwaran\AI GOVERNMENT SCHEME LEAKAGE DETECTOR\dataset\casia\CASIA2\Au\Au_sec_30488.jpg,ORIGINAL,none_authentic,KAGGLE_CASIA_2_0,Au_sec_30488.jpg,jpg
C:\Users\kongeshwaran\AI GOVERNMENT SCHEME LEAKAGE DETECTOR\dataset\casia\CASIA2\Tp\Tp_S_CRN_S_N_art00016_art00016_10274.tif,TAMPERED,splicing_or_copymove,KAGGLE_CASIA_2_0,Tp_S_CRN_S_N_art00016_art00016_10274.tif,tif
C:\Users\kongeshwaran\AI GOVERNMENT SCHEME LEAKAGE DETECTOR\dataset\casia\CASIA2\Tp\Tp_D_NNN_M_B_sec00036_nat00035_20123.tif,TAMPERED,splicing_or_copymove,KAGGLE_CASIA_2_0,Tp_D_NNN_M_B_sec00036_nat00035_20123.tif,tif
C:\Users\kongeshwaran\AI GOVERNMENT SCHEME LEAKAGE DETECTOR\dataset\casia\CASIA2\Au\Au_nat_00010.jpg,ORIGINAL,none_authentic,KAGGLE_CASIA_2_0,Au_nat_00010.jpg,jpg
C:\Users\kongeshwaran\AI GOVERNMENT SCHEME LEAKAGE DETECTOR\dataset\casia\CASIA2\Au\Au_art_00085.jpg,ORIGINAL,none_authentic,KAGGLE_CASIA_2_0,Au_art_00085.jpg,jpg
C:\Users\kongeshwaran\AI GOVERNMENT SCHEME LEAKAGE DETECTOR\dataset\casia\CASIA2\Au\Au_ani_30283.jpg,ORIGINAL,none_authentic,KAGGLE_CASIA_2_0,Au_ani_30283.jpg,jpg
C:\Users\kongeshwaran\AI GOVERNMENT SCHEME LEAKAGE DETECTOR\dataset\casia\CASIA2\Au\Au_ani_30574.jpg,ORIGINAL,none_authentic,KAGGLE_CASIA_2_0,Au_ani_30574.jpg,jpg
C:\Users\kongeshwaran\AI GOVERNMENT SCHEME LEAKAGE DETECTOR\dataset\casia\CASIA2\Tp\Tp_S_CNN_M_N_cha00073_cha00073_11026.jpg,TAMPERED,splicing_or_copymove,KAGGLE_CASIA_2_0,Tp_S_CNN_M_N_cha00073_cha00073_11026.jpg,jpg
C:\Users\kongeshwaran\AI GOVERNMENT SCHEME LEAKAGE DETECTOR\dataset\casia\CASIA2\Tp\Tp_D_NNN_M_N_nat00073_nat00097_11103.jpg,TAMPERED,splicing_or_copymove,KAGGLE_CASIA_2_0,Tp_D_NNN_M_N_nat00073_nat00097_11103.jpg,jpg
C:\Users\kongeshwaran\AI GOVERNMENT SCHEME LEAKAGE DETECTOR\dataset\casia\CASIA2\Au\Au_nat_30101.jpg,ORIGINAL,none_authentic,KAGGLE_CASIA_2_0,Au_nat_30101.jpg,jpg
C:\Users\kongeshwaran\AI GOVERNMENT SCHEME LEAKAGE DETECTOR\dataset\casia\CASIA2\Tp\Tp_S_NNN_S_N_ani10219_ani10219_12385.jpg,TAMPERED,splicing_or_copymove,KAGGLE_CASIA_2_0,Tp_S_NNN_S_N_ani10219_ani10219_12385.jpg,jpg
C:\Users\kongeshwaran\AI GOVERNMENT SCHEME LEAKAGE DETECTOR\dataset\casia\CASIA2\Tp\Tp_S_NNN_S_B_pla00049_pla00049_01158.tif,TAMPERED,splicing_or_copymove,KAGGLE_CASIA_2_0,Tp_S_NNN_S_B_pla00049_pla00049_01158.tif,tif
C:\Users\kongeshwaran\AI GOVERNMENT SCHEME LEAKAGE DETECTOR\dataset\casia\CASIA2\Au\Au_nat_10152.bmp,ORIGINAL,none_authentic,KAGGLE_CASIA_2_0,Au_nat_10152.bmp,bmp
C:\Users\kongeshwaran\AI GOVERNMENT SCHEME LEAKAGE DETECTOR\dataset\casia\CASIA2\Au\Au_nat_30522.jpg,ORIGINAL,none_authentic,KAGGLE_CASIA_2_0,Au_nat_30522.jpg,jpg
C:\Users\kongeshwaran\AI GOVERNMENT SCHEME LEAKAGE DETECTOR\dataset\casia\CASIA2\Au\Au_arc_30480.jpg,ORIGINAL,none_authentic,KAGGLE_CASIA_2_0,Au_arc_30480.jpg,jpg
C:\Users\kongeshwaran\AI GOVERNMENT SCHEME LEAKAGE DETECTOR\dataset\casia\CASIA2\Au\Au_nat_30490.jpg,ORIGINAL,none_authentic,KAGGLE_CASIA_2_0,Au_nat_30490.jpg,jpg
C:\Users\kongeshwaran\AI GOVERNMENT SCHEME LEAKAGE DETECTOR\dataset\casia\CASIA2\Au\Au_arc_30832.jpg,ORIGINAL,none_authentic,KAGGLE_CASIA_2_0,Au_arc_30832.jpg,jpg
C:\Users\kongeshwaran\AI GOVERNMENT SCHEME LEAKAGE DETECTOR\dataset\casia\CASIA2\Au\Au_arc_30541.jpg,ORIGINAL,none_authentic,KAGGLE_CASIA_2_0,Au_arc_30541.jpg,jpg
C:\Users\kongeshwaran\AI GOVERNMENT SCHEME LEAKAGE DETECTOR\dataset\casia\CASIA2\Au\Au_nat_10122.JPG,ORIGINAL,none_authentic,KAGGLE_CASIA_2_0,Au_nat_10122.JPG,jpg
C:\Users\kongeshwaran\AI GOVERNMENT SCHEME LEAKAGE DETECTOR\dataset\casia\CASIA2\Tp\Tp_S_NNN_M_N_cha00043_cha00043_11009.jpg,TAMPERED,splicing_or_copymove,KAGGLE_CASIA_2_0,Tp_S_NNN_M_N_cha00043_cha00043_11009.jpg,jpg
C:\Users\kongeshwaran\AI GOVERNMENT SCHEME LEAKAGE DETECTOR\dataset\casia\CASIA2\Tp\Tp_S_NNN_S_N_ind00042_ind00042_01332.tif,TAMPERED,splicing_or_copymove,KAGGLE_CASIA_2_0,Tp_S_NNN_S_N_ind00042_ind00042_01332.tif,tif
C:\Users\kongeshwaran\AI GOVERNMENT SCHEME LEAKAGE DETECTOR\dataset\casia\CASIA2\Au\Au_arc_30695.jpg,ORIGINAL,none_authentic,KAGGLE_CASIA_2_0,Au_arc_30695.jpg,jpg
C:\Users\kongeshwaran\AI GOVERNMENT SCHEME LEAKAGE DETECTOR\dataset\casia\CASIA2\Tp\Tp_D_NND_M_O_cha00097_txt00033_10171.tif,TAMPERED,splicing_or_copymove,KAGGLE_CASIA_2_0,Tp_D_NND_M_O_cha00097_txt00033_10171.tif,tif
C:\Users\kongeshwaran\AI GOVERNMENT SCHEME LEAKAGE DETECTOR\dataset\casia\CASIA2\Au\Au_ani_10201.jpg,ORIGINAL,none_authentic,KAGGLE_CASIA_2_0,Au_ani_10201.jpg,jpg
C:\Users\kongeshwaran\AI GOVERNMENT SCHEME LEAKAGE DETECTOR\dataset\casia\CASIA2\Tp\Tp_S_NNN_S_O_art00019_art00019_20038.jpg,TAMPERED,splicing_or_copymove,KAGGLE_CASIA_2_0,Tp_S_NNN_S_O_art00019_art00019_20038.jpg,jpg
C:\Users\kongeshwaran\AI GOVERNMENT SCHEME LEAKAGE DETECTOR\dataset\casia\CASIA2\Tp\Tp_D_NRN_S_N_nat00044_ani00005_11435.jpg,TAMPERED,splicing_or_copymove,KAGGLE_CASIA_2_0,Tp_D_NRN_S_N_nat00044_ani00005_11435.jpg,jpg
C:\Users\kongeshwaran\AI GOVERNMENT SCHEME LEAKAGE DETECTOR\dataset\casia\CASIA2\Au\Au_arc_30648.jpg,ORIGINAL,none_authentic,KAGGLE_CASIA_2_0,Au_arc_30648.jpg,jpg
C:\Users\kongeshwaran\AI GOVERNMENT SCHEME LEAKAGE DETECTOR\dataset\casia\CASIA2\Tp\Tp_D_NRN_M_N_art00034_nat10122_11872.jpg,TAMPERED,splicing_or_copymove,KAGGLE_CASIA_2_0,Tp_D_NRN_M_N_art00034_nat10122_11872.jpg,jpg
C:\Users\kongeshwaran\AI GOVERNMENT SCHEME LEAKAGE DETECTOR\dataset\casia\CASIA2\Au\Au_ani_20030.jpg,ORIGINAL,none_authentic,KAGGLE_CASIA_2_0,Au_ani_20030.jpg,jpg
C:\Users\kongeshwaran\AI GOVERNMENT SCHEME LEAKAGE DETECTOR\dataset\casia\CASIA2\Au\Au_arc_30138.jpg,ORIGINAL,none_authentic,KAGGLE_CASIA_2_0,Au_arc_30138.jpg,jpg
C:\Users\kongeshwaran\AI GOVERNMENT SCHEME LEAKAGE DETECTOR\dataset\casia\CASIA2\Au\Au_sec_30698.jpg,ORIGINAL,none_authentic,KAGGLE_CASIA_2_0,Au_sec_30698.jpg,jpg
C:\Users\kongeshwaran\AI GOVERNMENT SCHEME LEAKAGE DETECTOR\dataset\casia\CASIA2\Tp\Tp_D_NRN_S_N_cha00054_cha00086_11719.jpg,TAMPERED,splicing_or_copymove,KAGGLE_CASIA_2_0,Tp_D_NRN_S_N_cha00054_cha00086_11719.jpg,jpg
C:\Users\kongeshwaran\AI GOVERNMENT SCHEME LEAKAGE DETECTOR\dataset\casia\CASIA2\Tp\Tp_S_NNN_S_N_cha20004_cha20004_02003.tif,TAMPERED,splicing_or_copymove,KAGGLE_CASIA_2_0,Tp_S_NNN_S_N_cha20004_cha20004_02003.tif,tif
C:\Users\kongeshwaran\AI GOVERNMENT SCHEME LEAKAGE DETECTOR\dataset\casia\CASIA2\Tp\Tp_S_NRN_M_N_nat00020_nat00020_11045.jpg,TAMPERED,splicing_or_copymove,KAGGLE_CASIA_2_0,Tp_S_NRN_M_N_nat00020_nat00020_11045.jpg,jpg
C:\Users\kongeshwaran\AI GOVERNMENT SCHEME LEAKAGE DETECTOR\dataset\casia\CASIA2\Tp\Tp_S_NNN_S_N_ind20064_ind20064_01805.tif,TAMPERED,splicing_or_copymove,KAGGLE_CASIA_2_0,Tp_S_NNN_S_N_ind20064_ind20064_01805.tif,tif
C:\Users\kongeshwaran\AI GOVERNMENT SCHEME LEAKAGE DETECTOR\dataset\casia\CASIA2\Au\Au_pla_30608.jpg,ORIGINAL,none_authentic,KAGGLE_CASIA_2_0,Au_pla_30608.jpg,jpg
C:\Users\kongeshwaran\AI GOVERNMENT SCHEME LEAKAGE DETECTOR\dataset\casia\CASIA2\Au\Au_nat_30309.jpg,ORIGINAL,none_authentic,KAGGLE_CASIA_2_0,Au_nat_30309.jpg,jpg
C:\Users\kongeshwaran\AI GOVERNMENT SCHEME LEAKAGE DETECTOR\dataset\casia\CASIA2\Tp\Tp_D_NNN_S_N_ani10114_ani10112_11627.jpg,TAMPERED,splicing_or_copymove,KAGGLE_CASIA_2_0,Tp_D_NNN_S_N_ani10114_ani10112_11627.jpg,jpg
C:\Users\kongeshwaran\AI GOVERNMENT SCHEME LEAKAGE DETECTOR\dataset\casia\CASIA2\Tp\Tp_S_CNN_S_N_sec00087_sec00087_11122.jpg,TAMPERED,splicing_or_copymove,KAGGLE_CASIA_2_0,Tp_S_CNN_S_N_sec00087_sec00087_11122.jpg,jpg
C:\Users\kongeshwaran\AI GOVERNMENT SCHEME LEAKAGE DETECTOR\dataset\casia\CASIA2\Tp\Tp_S_NNN_S_N_pla20077_pla20077_02360.tif,TAMPERED,splicing_or_copymove,KAGGLE_CASIA_2_0,Tp_S_NNN_S_N_pla20077_pla20077_02360.tif,tif
C:\Users\kongeshwaran\AI GOVERNMENT SCHEME LEAKAGE DETECTOR\dataset\casia\CASIA2\Au\Au_cha_30700.jpg,ORIGINAL,none_authentic,KAGGLE_CASIA_2_0,Au_cha_30700.jpg,jpg
C:\Users\kongeshwaran\AI GOVERNMENT SCHEME LEAKAGE DETECTOR\dataset\casia\CASIA2\Tp\Tp_S_NRN_S_N_art20016_art20016_01822.tif,TAMPERED,splicing_or_copymove,KAGGLE_CASIA_2_0,Tp_S_NRN_S_N_art20016_art20016_01822.tif,tif
C:\Users\kongeshwaran\AI GOVERNMENT SCHEME LEAKAGE DETECTOR\dataset\casia\CASIA2\Au\Au_pla_20028.jpg,ORIGINAL,none_authentic,KAGGLE_CASIA_2_0,Au_pla_20028.jpg,jpg
C:\Users\kongeshwaran\AI GOVERNMENT SCHEME LEAKAGE DETECTOR\dataset\casia\CASIA2\Au\Au_nat_30725.jpg,ORIGINAL,none_authentic,KAGGLE_CASIA_2_0,Au_nat_30725.jpg,jpg
C:\Users\kongeshwaran\AI GOVERNMENT SCHEME LEAKAGE DETECTOR\dataset\casia\CASIA2\Tp\Tp_S_CNN_M_N_art00024_art00024_10553.tif,TAMPERED,splicing_or_copymove,KAGGLE_CASIA_2_0,Tp_S_CNN_M_N_art00024_art00024_10553.tif,tif
C:\Users\kongeshwaran\AI GOVERNMENT SCHEME LEAKAGE DETECTOR\dataset\casia\CASIA2\Tp\Tp_D_NRN_M_N_nat10110_cha00031_11367.jpg,TAMPERED,splicing_or_copymove,KAGGLE_CASIA_2_0,Tp_D_NRN_M_N_nat10110_cha00031_11367.jpg,jpg
C:\Users\kongeshwaran\AI GOVERNMENT SCHEME LEAKAGE DETECTOR\dataset\casia\CASIA2\Tp\Tp_D_CRN_M_N_pla00010_pla00020_10001.tif,TAMPERED,splicing_or_copymove,KAGGLE_CASIA_2_0,Tp_D_CRN_M_N_pla00010_pla00020_10001.tif,tif
C:\Users\kongeshwaran\AI GOVERNMENT SCHEME LEAKAGE DETECTOR\dataset\casia\CASIA2\Tp\Tp_S_NNN_S_N_arc20021_arc20021_02166.tif,TAMPERED,splicing_or_copymove,KAGGLE_CASIA_2_0,Tp_S_NNN_S_N_arc20021_arc20021_02166.tif,tif
C:\Users\kongeshwaran\AI GOVERNMENT SCHEME LEAKAGE DETECTOR\dataset\casia\CASIA2\Au\Au_txt_30019.jpg,ORIGINAL,none_authentic,KAGGLE_CASIA_2_0,Au_txt_30019.jpg,jpg
C:\Users\kongeshwaran\AI GOVERNMENT SCHEME LEAKAGE DETECTOR\dataset\casia\CASIA2\Au\Au_pla_30541.jpg,ORIGINAL,none_authentic,KAGGLE_CASIA_2_0,Au_pla_30541.jpg,jpg
C:\Users\kongeshwaran\AI GOVERNMENT SCHEME LEAKAGE DETECTOR\dataset\casia\CASIA2\Tp\Tp_D_NRN_S_B_sec00083_ani00070_00722.tif,TAMPERED,splicing_or_copymove,KAGGLE_CASIA_2_0,Tp_D_NRN_S_B_sec00083_ani00070_00722.tif,tif
C:\Users\kongeshwaran\AI GOVERNMENT SCHEME LEAKAGE DETECTOR\dataset\casia\CASIA2\Tp\Tp_D_NRN_S_N_nat00076_nat00086_10081.tif,TAMPERED,splicing_or_copymove,KAGGLE_CASIA_2_0,Tp_D_NRN_S_N_nat00076_nat00086_10081.tif,tif
C:\Users\kongeshwaran\AI GOVERNMENT SCHEME LEAKAGE DETECTOR\dataset\casia\CASIA2\Tp\Tp_D_NRN_M_N_cha00024_txt00098_10324.tif,TAMPERED,splicing_or_copymove,KAGGLE_CASIA_2_0,Tp_D_NRN_M_N_cha00024_txt00098_10324.tif,tif
C:\Users\kongeshwaran\AI GOVERNMENT SCHEME LEAKAGE DETECTOR\dataset\casia\CASIA2\Au\Au_ani_20033.jpg,ORIGINAL,none_authentic,KAGGLE_CASIA_2_0,Au_ani_20033.jpg,jpg
C:\Users\kongeshwaran\AI GOVERNMENT SCHEME LEAKAGE DETECTOR\dataset\casia\CASIA2\Au\Au_arc_30582.jpg,ORIGINAL,none_authentic,KAGGLE_CASIA_2_0,Au_arc_30582.jpg,jpg
C:\Users\kongeshwaran\AI GOVERNMENT SCHEME LEAKAGE DETECTOR\dataset\casia\CASIA2\Tp\Tp_S_NND_M_N_ani00002_ani00002_00122.tif,TAMPERED,splicing_or_copymove,KAGGLE_CASIA_2_0,Tp_S_NND_M_N_ani00002_ani00002_00122.tif,tif
C:\Users\kongeshwaran\AI GOVERNMENT SCHEME LEAKAGE DETECTOR\dataset\casia\CASIA2\Au\Au_art_30361.jpg,ORIGINAL,none_authentic,KAGGLE_CASIA_2_0,Au_art_30361.jpg,jpg
C:\Users\kongeshwaran\AI GOVERNMENT SCHEME LEAKAGE DETECTOR\dataset\casia\CASIA2\Au\Au_art_30390.jpg,ORIGINAL,none_authentic,KAGGLE_CASIA_2_0,Au_art_30390.jpg,jpg
C:\Users\kongeshwaran\AI GOVERNMENT SCHEME LEAKAGE DETECTOR\dataset\casia\CASIA2\Tp\Tp_S_CNN_M_N_nat00068_nat00068_10568.jpg,TAMPERED,splicing_or_copymove,KAGGLE_CASIA_2_0,Tp_S_CNN_M_N_nat00068_nat00068_10568.jpg,jpg
C:\Users\kongeshwaran\AI GOVERNMENT SCHEME LEAKAGE DETECTOR\dataset\casia\CASIA2\Tp\Tp_S_NRN_S_N_sec20020_sec20020_01610.tif,TAMPERED,splicing_or_copymove,KAGGLE_CASIA_2_0,Tp_S_NRN_S_N_sec20020_sec20020_01610.tif,tif
C:\Users\kongeshwaran\AI GOVERNMENT SCHEME LEAKAGE DETECTOR\dataset\casia\CASIA2\Au\Au_pla_30258.jpg,ORIGINAL,none_authentic,KAGGLE_CASIA_2_0,Au_pla_30258.jpg,jpg
C:\Users\kongeshwaran\AI GOVERNMENT SCHEME LEAKAGE DETECTOR\dataset\casia\CASIA2\Au\Au_arc_30410.jpg,ORIGINAL,none_authentic,KAGGLE_CASIA_2_0,Au_arc_30410.jpg,jpg
C:\Users\kongeshwaran\AI GOVERNMENT SCHEME LEAKAGE DETECTOR\dataset\casia\CASIA2\Au\Au_sec_30203.jpg,ORIGINAL,none_authentic,KAGGLE_CASIA_2_0,Au_sec_30203.jpg,jpg
C:\Users\kongeshwaran\AI GOVERNMENT SCHEME LEAKAGE DETECTOR\dataset\casia\CASIA2\Au\Au_nat_20068.jpg,ORIGINAL,none_authentic,KAGGLE_CASIA_2_0,Au_nat_20068.jpg,jpg
C:\Users\kongeshwaran\AI GOVERNMENT SCHEME LEAKAGE DETECTOR\dataset\casia\CASIA2\Au\Au_nat_30227.jpg,ORIGINAL,none_authentic,KAGGLE_CASIA_2_0,Au_nat_30227.jpg,jpg
C:\Users\kongeshwaran\AI GOVERNMENT SCHEME LEAKAGE DETECTOR\dataset\casia\CASIA2\Tp\Tp_S_CNN_S_B_arc00092_arc00092_01042.tif,TAMPERED,splicing_or_copymove,KAGGLE_CASIA_2_0,Tp_S_CNN_S_B_arc00092_arc00092_01042.tif,tif
C:\Users\kongeshwaran\AI GOVERNMENT SCHEME LEAKAGE DETECTOR\dataset\casia\CASIA2\Tp\Tp_S_NNN_S_N_nat20036_nat20036_01540.tif,TAMPERED,splicing_or_copymove,KAGGLE_CASIA_2_0,Tp_S_NNN_S_N_nat20036_nat20036_01540.tif,tif
C:\Users\kongeshwaran\AI GOVERNMENT SCHEME LEAKAGE DETECTOR\dataset\casia\CASIA2\Au\Au_sec_30294.jpg,ORIGINAL,none_authentic,KAGGLE_CASIA_2_0,Au_sec_30294.jpg,jpg
C:\Users\kongeshwaran\AI GOVERNMENT SCHEME LEAKAGE DETECTOR\dataset\casia\CASIA2\Au\Au_ani_30619.jpg,ORIGINAL,none_authentic,KAGGLE_CASIA_2_0,Au_ani_30619.jpg,jpg
C:\Users\kongeshwaran\AI GOVERNMENT SCHEME LEAKAGE DETECTOR\dataset\casia\CASIA2\Tp\Tp_S_NNN_S_N_arc00029_arc00029_00249.tif,TAMPERED,splicing_or_copymove,KAGGLE_CASIA_2_0,Tp_S_NNN_S_N_arc00029_arc00029_00249.tif,tif
C:\Users\kongeshwaran\AI GOVERNMENT SCHEME LEAKAGE DETECTOR\dataset\casia\CASIA2\Au\Au_sec_30564.jpg,ORIGINAL,none_authentic,KAGGLE_CASIA_2_0,Au_sec_30564.jpg,jpg
C:\Users\kongeshwaran\AI GOVERNMENT SCHEME LEAKAGE DETECTOR\dataset\casia\CASIA2\Au\Au_cha_30124.jpg,ORIGINAL,none_authentic,KAGGLE_CASIA_2_0,Au_cha_30124.jpg,jpg
C:\Users\kongeshwaran\AI GOVERNMENT SCHEME LEAKAGE DETECTOR\dataset\casia\CASIA2\Tp\Tp_S_NNN_S_N_nat20044_nat20044_01548.tif,TAMPERED,splicing_or_copymove,KAGGLE_CASIA_2_0,Tp_S_NNN_S_N_nat20044_nat20044_01548.tif,tif
C:\Users\kongeshwaran\AI GOVERNMENT SCHEME LEAKAGE DETECTOR\dataset\casia\CASIA2\Au\Au_nat_30644.jpg,ORIGINAL,none_authentic,KAGGLE_CASIA_2_0,Au_nat_30644.jpg,jpg
C:\Users\kongeshwaran\AI GOVERNMENT SCHEME LEAKAGE DETECTOR\dataset\casia\CASIA2\Au\Au_pla_30421.jpg,ORIGINAL,none_authentic,KAGGLE_CASIA_2_0,Au_pla_30421.jpg,jpg
C:\Users\kongeshwaran\AI GOVERNMENT SCHEME LEAKAGE DETECTOR\dataset\casia\CASIA2\Au\Au_ani_00059.jpg,ORIGINAL,none_authentic,KAGGLE_CASIA_2_0,Au_ani_00059.jpg,jpg
C:\Users\kongeshwaran\AI GOVERNMENT SCHEME LEAKAGE DETECTOR\dataset\casia\CASIA2\Au\Au_ind_20044.jpg,ORIGINAL,none_authentic,KAGGLE_CASIA_2_0,Au_ind_20044.jpg,jpg
C:\Users\kongeshwaran\AI GOVERNMENT SCHEME LEAKAGE DETECTOR\dataset\casia\CASIA2\Au\Au_ani_30615.jpg,ORIGINAL,none_authentic,KAGGLE_CASIA_2_0,Au_ani_30615.jpg,jpg
C:\Users\kongeshwaran\AI GOVERNMENT SCHEME LEAKAGE DETECTOR\dataset\casia\CASIA2\Tp\Tp_S_NRD_S_N_ind20060_ind20060_01801.tif,TAMPERED,splicing_or_copymove,KAGGLE_CASIA_2_0,Tp_S_NRD_S_N_ind20060_ind20060_01801.tif,tif
C:\Users\kongeshwaran\AI GOVERNMENT SCHEME LEAKAGE DETECTOR\dataset\casia\CASIA2\Au\Au_pla_30570.jpg,ORIGINAL,none_authentic,KAGGLE_CASIA_2_0,Au_pla_30570.jpg,jpg
C:\Users\kongeshwaran\AI GOVERNMENT SCHEME LEAKAGE DETECTOR\dataset\casia\CASIA2\Tp\Tp_D_NRN_S_N_nat10159_ani00070_12052.jpg,TAMPERED,splicing_or_copymove,KAGGLE_CASIA_2_0,Tp_D_NRN_S_N_nat10159_ani00070_12052.jpg,jpg
C:\Users\kongeshwaran\AI GOVERNMENT SCHEME LEAKAGE DETECTOR\dataset\casia\CASIA2\Tp\Tp_S_NNN_S_N_arc20095_arc20095_01735.tif,TAMPERED,splicing_or_copymove,KAGGLE_CASIA_2_0,Tp_S_NNN_S_N_arc20095_arc20095_01735.tif,tif
C:\Users\kongeshwaran\AI GOVERNMENT SCHEME LEAKAGE DETECTOR\dataset\casia\CASIA2\Au\Au_nat_00057.jpg,ORIGINAL,none_authentic,KAGGLE_CASIA_2_0,Au_nat_00057.jpg,jpg
C:\Users\kongeshwaran\AI GOVERNMENT SCHEME LEAKAGE DETECTOR\dataset\casia\CASIA2\Au\Au_ind_00097.jpg,ORIGINAL,none_authentic,KAGGLE_CASIA_2_0,Au_ind_00097.jpg,jpg
C:\Users\kongeshwaran\AI GOVERNMENT SCHEME LEAKAGE DETECTOR\dataset\casia\CASIA2\Tp\Tp_D_CNN_S_O_nat10153_ani00097_12135.jpg,TAMPERED,splicing_or_copymove,KAGGLE_CASIA_2_0,Tp_D_CNN_S_O_nat10153_ani00097_12135.jpg,jpg
C:\Users\kongeshwaran\AI GOVERNMENT SCHEME LEAKAGE DETECTOR\dataset\casia\CASIA2\Au\Au_arc_20071.jpg,ORIGINAL,none_authentic,KAGGLE_CASIA_2_0,Au_arc_20071.jpg,jpg
C:\Users\kongeshwaran\AI GOVERNMENT SCHEME LEAKAGE DETECTOR\dataset\casia\CASIA2\Au\Au_pla_30428.jpg,ORIGINAL,none_authentic,KAGGLE_CASIA_2_0,Au_pla_30428.jpg,jpg
C:\Users\kongeshwaran\AI GOVERNMENT SCHEME LEAKAGE DETECTOR\dataset\casia\CASIA2\Tp\Tp_D_NRN_S_N_sec10115_pla00049_11534.jpg,TAMPERED,splicing_or_copymove,KAGGLE_CASIA_2_0,Tp_D_NRN_S_N_sec10115_pla00049_11534.jpg,jpg
C:\Users\kongeshwaran\AI GOVERNMENT SCHEME LEAKAGE DETECTOR\dataset\casia\CASIA2\Au\Au_cha_30421.jpg,ORIGINAL,none_authentic,KAGGLE_CASIA_2_0,Au_cha_30421.jpg,jpg
C:\Users\kongeshwaran\AI GOVERNMENT SCHEME LEAKAGE DETECTOR\dataset\casia\CASIA2\Au\Au_arc_20086.jpg,ORIGINAL,none_authentic,KAGGLE_CASIA_2_0,Au_arc_20086.jpg,jpg
C:\Users\kongeshwaran\AI GOVERNMENT SCHEME LEAKAGE DETECTOR\dataset\casia\CASIA2\Au\Au_pla_20026.jpg,ORIGINAL,none_authentic,KAGGLE_CASIA_2_0,Au_pla_20026.jpg,jpg
C:\Users\kongeshwaran\AI GOVERNMENT SCHEME LEAKAGE DETECTOR\dataset\casia\CASIA2\Au\Au_ani_30616.jpg,ORIGINAL,none_authentic,KAGGLE_CASIA_2_0,Au_ani_30616.jpg,jpg
C:\Users\kongeshwaran\AI GOVERNMENT SCHEME LEAKAGE DETECTOR\dataset\casia\CASIA2\Au\Au_cha_30114.jpg,ORIGINAL,none_authentic,KAGGLE_CASIA_2_0,Au_cha_30114.jpg,jpg
C:\Users\kongeshwaran\AI GOVERNMENT SCHEME LEAKAGE DETECTOR\dataset\casia\CASIA2\Au\Au_nat_30470.jpg,ORIGINAL,none_authentic,KAGGLE_CASIA_2_0,Au_nat_30470.jpg,jpg
C:\Users\kongeshwaran\AI GOVERNMENT SCHEME LEAKAGE DETECTOR\dataset\casia\CASIA2\Au\Au_nat_30148.jpg,ORIGINAL,none_authentic,KAGGLE_CASIA_2_0,Au_nat_30148.jpg,jpg
C:\Users\kongeshwaran\AI GOVERNMENT SCHEME LEAKAGE DETECTOR\dataset\casia\CASIA2\Au\Au_sec_30638.jpg,ORIGINAL,none_authentic,KAGGLE_CASIA_2_0,Au_sec_30638.jpg,jpg
C:\Users\kongeshwaran\AI GOVERNMENT SCHEME LEAKAGE DETECTOR\dataset\casia\CASIA2\Tp\Tp_D_NRN_S_N_ind00073_art00012_00473.tif,TAMPERED,splicing_or_copymove,KAGGLE_CASIA_2_0,Tp_D_NRN_S_N_ind00073_art00012_00473.tif,tif
C:\Users\kongeshwaran\AI GOVERNMENT SCHEME LEAKAGE DETECTOR\dataset\casia\CASIA2\Tp\Tp_S_NRD_S_N_cha00090_cha00090_00410.tif,TAMPERED,splicing_or_copymove,KAGGLE_CASIA_2_0,Tp_S_NRD_S_N_cha00090_cha00090_00410.tif,tif
C:\Users\kongeshwaran\AI GOVERNMENT SCHEME LEAKAGE DETECTOR\dataset\casia\CASIA2\Au\Au_art_30421.jpg,ORIGINAL,none_authentic,KAGGLE_CASIA_2_0,Au_art_30421.jpg,jpg
C:\Users\kongeshwaran\AI GOVERNMENT SCHEME LEAKAGE DETECTOR\dataset\casia\CASIA2\Au\Au_nat_20067.jpg,ORIGINAL,none_authentic,KAGGLE_CASIA_2_0,Au_nat_20067.jpg,jpg
C:\Users\kongeshwaran\AI GOVERNMENT SCHEME LEAKAGE DETECTOR\dataset\casia\CASIA2\Tp\Tp_S_NRN_S_N_nat00082_nat00082_00986.tif,TAMPERED,splicing_or_copymove,KAGGLE_CASIA_2_0,Tp_S_NRN_S_N_nat00082_nat00082_00986.tif,tif
C:\Users\kongeshwaran\AI GOVERNMENT SCHEME LEAKAGE DETECTOR\dataset\casia\CASIA2\Au\Au_art_30636.jpg,ORIGINAL,none_authentic,KAGGLE_CASIA_2_0,Au_art_30636.jpg,jpg
C:\Users\kongeshwaran\AI GOVERNMENT SCHEME LEAKAGE DETECTOR\dataset\casia\CASIA2\Tp\Tp_D_NRN_M_N_cha10175_cha10174_12279.jpg,TAMPERED,splicing_or_copymove,KAGGLE_CASIA_2_0,Tp_D_NRN_M_N_cha10175_cha10174_12279.jpg,jpg
C:\Users\kongeshwaran\AI GOVERNMENT SCHEME LEAKAGE DETECTOR\dataset\casia\CASIA2\Tp\Tp_S_NNN_S_N_nat20037_nat20037_02235.tif,TAMPERED,splicing_or_copymove,KAGGLE_CASIA_2_0,Tp_S_NNN_S_N_nat20037_nat20037_02235.tif,tif
C:\Users\kongeshwaran\AI GOVERNMENT SCHEME LEAKAGE DETECTOR\dataset\casia\CASIA2\Au\Au_ani_30348.jpg,ORIGINAL,none_authentic,KAGGLE_CASIA_2_0,Au_ani_30348.jpg,jpg
C:\Users\kongeshwaran\AI GOVERNMENT SCHEME LEAKAGE DETECTOR\dataset\casia\CASIA2\Au\Au_ani_10214.jpg,ORIGINAL,none_authentic,KAGGLE_CASIA_2_0,Au_ani_10214.jpg,jpg
C:\Users\kongeshwaran\AI GOVERNMENT SCHEME LEAKAGE DETECTOR\dataset\casia\CASIA2\Tp\Tp_S_NNN_S_N_txt00024_txt00024_20087.jpg,TAMPERED,splicing_or_copymove,KAGGLE_CASIA_2_0,Tp_S_NNN_S_N_txt00024_txt00024_20087.jpg,jpg
C:\Users\kongeshwaran\AI GOVERNMENT SCHEME LEAKAGE DETECTOR\dataset\casia\CASIA2\Tp\Tp_S_CRN_S_N_art00005_art00005_11793.jpg,TAMPERED,splicing_or_copymove,KAGGLE_CASIA_2_0,Tp_S_CRN_S_N_art00005_art00005_11793.jpg,jpg
C:\Users\kongeshwaran\AI GOVERNMENT SCHEME LEAKAGE DETECTOR\dataset\casia\CASIA2\Tp\Tp_D_NRD_S_B_sec20094_arc20064_02444.tif,TAMPERED,splicing_or_copymove,KAGGLE_CASIA_2_0,Tp_D_NRD_S_B_sec20094_arc20064_02444.tif,tif
C:\Users\kongeshwaran\AI GOVERNMENT SCHEME LEAKAGE DETECTOR\dataset\casia\CASIA2\Tp\Tp_D_NNN_S_N_arc00071_ind00001_00421.tif,TAMPERED,splicing_or_copymove,KAGGLE_CASIA_2_0,Tp_D_NNN_S_N_arc00071_ind00001_00421.tif,tif
C:\Users\kongeshwaran\AI GOVERNMENT SCHEME LEAKAGE DETECTOR\dataset\casia\CASIA2\Au\Au_arc_30734.jpg,ORIGINAL,none_authentic,KAGGLE_CASIA_2_0,Au_arc_30734.jpg,jpg
C:\Users\kongeshwaran\AI GOVERNMENT SCHEME LEAKAGE DETECTOR\dataset\casia\CASIA2\Tp\Tp_D_NRN_S_B_cha00076_ani00068_10044.tif,TAMPERED,splicing_or_copymove,KAGGLE_CASIA_2_0,Tp_D_NRN_S_B_cha00076_ani00068_10044.tif,tif
C:\Users\kongeshwaran\AI GOVERNMENT SCHEME LEAKAGE DETECTOR\dataset\casia\CASIA2\Au\Au_arc_00077.jpg,ORIGINAL,none_authentic,KAGGLE_CASIA_2_0,Au_arc_00077.jpg,jpg
C:\Users\kongeshwaran\AI GOVERNMENT SCHEME LEAKAGE DETECTOR\dataset\casia\CASIA2\Au\Au_nat_30461.jpg,ORIGINAL,none_authentic,KAGGLE_CASIA_2_0,Au_nat_30461.jpg,jpg
C:\Users\kongeshwaran\AI GOVERNMENT SCHEME LEAKAGE DETECTOR\dataset\casia\CASIA2\Au\Au_pla_00002.jpg,ORIGINAL,none_authentic,KAGGLE_CASIA_2_0,Au_pla_00002.jpg,jpg
C:\Users\kongeshwaran\AI GOVERNMENT SCHEME LEAKAGE DETECTOR\dataset\casia\CASIA2\Au\Au_ind_00078.jpg,ORIGINAL,none_authentic,KAGGLE_CASIA_2_0,Au_ind_00078.jpg,jpg
C:\Users\kongeshwaran\AI GOVERNMENT SCHEME LEAKAGE DETECTOR\dataset\casia\CASIA2\Au\Au_sec_30284.jpg,ORIGINAL,none_authentic,KAGGLE_CASIA_2_0,Au_sec_30284.jpg,jpg
C:\Users\kongeshwaran\AI GOVERNMENT SCHEME LEAKAGE DETECTOR\dataset\casia\CASIA2\Tp\Tp_D_NRN_M_N_txt00065_sec00077_10391.tif,TAMPERED,splicing_or_copymove,KAGGLE_CASIA_2_0,Tp_D_NRN_M_N_txt00065_sec00077_10391.tif,tif
C:\Users\kongeshwaran\AI GOVERNMENT SCHEME LEAKAGE DETECTOR\dataset\casia\CASIA2\Tp\Tp_D_NRN_M_N_nat00011_nat00012_11056.jpg,TAMPERED,splicing_or_copymove,KAGGLE_CASIA_2_0,Tp_D_NRN_M_N_nat00011_nat00012_11056.jpg,jpg
C:\Users\kongeshwaran\AI GOVERNMENT SCHEME LEAKAGE DETECTOR\dataset\casia\CASIA2\Au\Au_ani_30269.jpg,ORIGINAL,none_authentic,KAGGLE_CASIA_2_0,Au_ani_30269.jpg,jpg
C:\Users\kongeshwaran\AI GOVERNMENT SCHEME LEAKAGE DETECTOR\dataset\casia\CASIA2\Au\Au_cha_00045.jpg,ORIGINAL,none_authentic,KAGGLE_CASIA_2_0,Au_cha_00045.jpg,jpg
C:\Users\kongeshwaran\AI GOVERNMENT SCHEME LEAKAGE DETECTOR\dataset\casia\CASIA2\Au\Au_nat_30311.jpg,ORIGINAL,none_authentic,KAGGLE_CASIA_2_0,Au_nat_30311.jpg,jpg
C:\Users\kongeshwaran\AI GOVERNMENT SCHEME LEAKAGE DETECTOR\dataset\casia\CASIA2\Au\Au_ani_30356.jpg,ORIGINAL,none_authentic,KAGGLE_CASIA_2_0,Au_ani_30356.jpg,jpg
C:\Users\kongeshwaran\AI GOVERNMENT SCHEME LEAKAGE DETECTOR\dataset\casia\CASIA2\Tp\Tp_D_NRN_M_N_nat00013_cha00070_11393.jpg,TAMPERED,splicing_or_copymove,KAGGLE_CASIA_2_0,Tp_D_NRN_M_N_nat00013_cha00070_11393.jpg,jpg
C:\Users\kongeshwaran\AI GOVERNMENT SCHEME LEAKAGE DETECTOR\dataset\casia\CASIA2\Tp\Tp_D_NNN_S_N_ind00053_ind00020_01342.tif,TAMPERED,splicing_or_copymove,KAGGLE_CASIA_2_0,Tp_D_NNN_S_N_ind00053_ind00020_01342.tif,tif
C:\Users\kongeshwaran\AI GOVERNMENT SCHEME LEAKAGE DETECTOR\dataset\casia\CASIA2\Tp\Tp_S_NNN_M_B_arc10129_arc10129_11893.jpg,TAMPERED,splicing_or_copymove,KAGGLE_CASIA_2_0,Tp_S_NNN_M_B_arc10129_arc10129_11893.jpg,jpg
C:\Users\kongeshwaran\AI GOVERNMENT SCHEME LEAKAGE DETECTOR\dataset\casia\CASIA2\Tp\Tp_S_NNN_S_N_ani20036_ani20036_02079.tif,TAMPERED,splicing_or_copymove,KAGGLE_CASIA_2_0,Tp_S_NNN_S_N_ani20036_ani20036_02079.tif,tif
C:\Users\kongeshwaran\AI GOVERNMENT SCHEME LEAKAGE DETECTOR\dataset\casia\CASIA2\Au\Au_art_30259.jpg,ORIGINAL,none_authentic,KAGGLE_CASIA_2_0,Au_art_30259.jpg,jpg
C:\Users\kongeshwaran\AI GOVERNMENT SCHEME LEAKAGE DETECTOR\dataset\casia\CASIA2\Au\Au_cha_00032.jpg,ORIGINAL,none_authentic,KAGGLE_CASIA_2_0,Au_cha_00032.jpg,jpg
C:\Users\kongeshwaran\AI GOVERNMENT SCHEME LEAKAGE DETECTOR\dataset\casia\CASIA2\Tp\Tp_S_CRN_S_N_pla00034_pla00034_00569.tif,TAMPERED,splicing_or_copymove,KAGGLE_CASIA_2_0,Tp_S_CRN_S_N_pla00034_pla00034_00569.tif,tif
C:\Users\kongeshwaran\AI GOVERNMENT SCHEME LEAKAGE DETECTOR\dataset\casia\CASIA2\Au\Au_ani_30601.jpg,ORIGINAL,none_authentic,KAGGLE_CASIA_2_0,Au_ani_30601.jpg,jpg
C:\Users\kongeshwaran\AI GOVERNMENT SCHEME LEAKAGE DETECTOR\dataset\casia\CASIA2\Tp\Tp_D_NNN_M_B_nat10128_nat00099_11537.jpg,TAMPERED,splicing_or_copymove,KAGGLE_CASIA_2_0,Tp_D_NNN_M_B_nat10128_nat00099_11537.jpg,jpg
C:\Users\kongeshwaran\AI GOVERNMENT SCHEME LEAKAGE DETECTOR\dataset\casia\CASIA2\Tp\Tp_S_NNN_S_N_pla20020_pla20020_01920.tif,TAMPERED,splicing_or_copymove,KAGGLE_CASIA_2_0,Tp_S_NNN_S_N_pla20020_pla20020_01920.tif,tif
C:\Users\kongeshwaran\AI GOVERNMENT SCHEME LEAKAGE DETECTOR\dataset\casia\CASIA2\Au\Au_arc_30479.jpg,ORIGINAL,none_authentic,KAGGLE_CASIA_2_0,Au_arc_30479.jpg,jpg
C:\Users\kongeshwaran\AI GOVERNMENT SCHEME LEAKAGE DETECTOR\dataset\casia\CASIA2\Au\Au_arc_20049.jpg,ORIGINAL,none_authentic,KAGGLE_CASIA_2_0,Au_arc_20049.jpg,jpg
C:\Users\kongeshwaran\AI GOVERNMENT SCHEME LEAKAGE DETECTOR\dataset\casia\CASIA2\Au\Au_nat_30387.jpg,ORIGINAL,none_authentic,KAGGLE_CASIA_2_0,Au_nat_30387.jpg,jpg
C:\Users\kongeshwaran\AI GOVERNMENT SCHEME LEAKAGE DETECTOR\dataset\casia\CASIA2\Tp\Tp_D_NRN_M_O_ani10105_ani10104_10022.tif,TAMPERED,splicing_or_copymove,KAGGLE_CASIA_2_0,Tp_D_NRN_M_O_ani10105_ani10104_10022.tif,tif
C:\Users\kongeshwaran\AI GOVERNMENT SCHEME LEAKAGE DETECTOR\dataset\casia\CASIA2\Tp\Tp_D_CNN_M_N_nat00013_cha00042_11093.jpg,TAMPERED,splicing_or_copymove,KAGGLE_CASIA_2_0,Tp_D_CNN_M_N_nat00013_cha00042_11093.jpg,jpg
C:\Users\kongeshwaran\AI GOVERNMENT SCHEME LEAKAGE DETECTOR\dataset\casia\CASIA2\Tp\Tp_S_NRD_S_B_ind00038_ind00038_01329.tif,TAMPERED,splicing_or_copymove,KAGGLE_CASIA_2_0,Tp_S_NRD_S_B_ind00038_ind00038_01329.tif,tif
C:\Users\kongeshwaran\AI GOVERNMENT SCHEME LEAKAGE DETECTOR\dataset\casia\CASIA2\Au\Au_sec_30588.jpg,ORIGINAL,none_authentic,KAGGLE_CASIA_2_0,Au_sec_30588.jpg,jpg
C:\Users\kongeshwaran\AI GOVERNMENT SCHEME LEAKAGE DETECTOR\dataset\casia\CASIA2\Au\Au_arc_30705.jpg,ORIGINAL,none_authentic,KAGGLE_CASIA_2_0,Au_arc_30705.jpg,jpg
C:\Users\kongeshwaran\AI GOVERNMENT SCHEME LEAKAGE DETECTOR\dataset\casia\CASIA2\Tp\Tp_S_NNN_S_N_arc20041_arc20041_01494.tif,TAMPERED,splicing_or_copymove,KAGGLE_CASIA_2_0,Tp_S_NNN_S_N_arc20041_arc20041_01494.tif,tif
C:\Users\kongeshwaran\AI GOVERNMENT SCHEME LEAKAGE DETECTOR\dataset\casia\CASIA2\Au\Au_art_30008.jpg,ORIGINAL,none_authentic,KAGGLE_CASIA_2_0,Au_art_30008.jpg,jpg
C:\Users\kongeshwaran\AI GOVERNMENT SCHEME LEAKAGE DETECTOR\dataset\casia\CASIA2\Tp\Tp_S_NNN_S_N_nat10142_nat10142_11960.jpg,TAMPERED,splicing_or_copymove,KAGGLE_CASIA_2_0,Tp_S_NNN_S_N_nat10142_nat10142_11960.jpg,jpg
C:\Users\kongeshwaran\AI GOVERNMENT SCHEME LEAKAGE DETECTOR\dataset\casia\CASIA2\Tp\Tp_D_NNN_S_B_nat00038_nat00002_00652.tif,TAMPERED,splicing_or_copymove,KAGGLE_CASIA_2_0,Tp_D_NNN_S_B_nat00038_nat00002_00652.tif,tif
C:\Users\kongeshwaran\AI GOVERNMENT SCHEME LEAKAGE DETECTOR\dataset\casia\CASIA2\Au\Au_art_00001.jpg,ORIGINAL,none_authentic,KAGGLE_CASIA_2_0,Au_art_00001.jpg,jpg
C:\Users\kongeshwaran\AI GOVERNMENT SCHEME LEAKAGE DETECTOR\dataset\casia\CASIA2\Tp\Tp_S_NNN_S_B_sec20013_sec20013_01448.tif,TAMPERED,splicing_or_copymove,KAGGLE_CASIA_2_0,Tp_S_NNN_S_B_sec20013_sec20013_01448.tif,tif
C:\Users\kongeshwaran\AI GOVERNMENT SCHEME LEAKAGE DETECTOR\dataset\casia\CASIA2\Tp\Tp_S_NRN_S_N_sec00064_sec00064_11258.jpg,TAMPERED,splicing_or_copymove,KAGGLE_CASIA_2_0,Tp_S_NRN_S_N_sec00064_sec00064_11258.jpg,jpg
C:\Users\kongeshwaran\AI GOVERNMENT SCHEME LEAKAGE DETECTOR\dataset\casia\CASIA2\Au\Au_nat_30140.jpg,ORIGINAL,none_authentic,KAGGLE_CASIA_2_0,Au_nat_30140.jpg,jpg
C:\Users\kongeshwaran\AI GOVERNMENT SCHEME LEAKAGE DETECTOR\dataset\casia\CASIA2\Au\Au_nat_30141.jpg,ORIGINAL,none_authentic,KAGGLE_CASIA_2_0,Au_nat_30141.jpg,jpg
C:\Users\kongeshwaran\AI GOVERNMENT SCHEME LEAKAGE DETECTOR\dataset\casia\CASIA2\Tp\Tp_S_CNN_S_N_arc00030_arc00030_00778.tif,TAMPERED,splicing_or_copymove,KAGGLE_CASIA_2_0,Tp_S_CNN_S_N_arc00030_arc00030_00778.tif,tif
C:\Users\kongeshwaran\AI GOVERNMENT SCHEME LEAKAGE DETECTOR\dataset\casia\CASIA2\Tp\Tp_S_NNN_S_B_ani00044_ani00044_00164.tif,TAMPERED,splicing_or_copymove,KAGGLE_CASIA_2_0,Tp_S_NNN_S_B_ani00044_ani00044_00164.tif,tif
C:\Users\kongeshwaran\AI GOVERNMENT SCHEME LEAKAGE DETECTOR\dataset\casia\CASIA2\Tp\Tp_S_NRN_S_N_ani20053_ani20053_02096.tif,TAMPERED,splicing_or_copymove,KAGGLE_CASIA_2_0,Tp_S_NRN_S_N_ani20053_ani20053_02096.tif,tif
C:\Users\kongeshwaran\AI GOVERNMENT SCHEME LEAKAGE DETECTOR\dataset\casia\CASIA2\Tp\Tp_D_NRN_M_N_nat10108_cha00052_11364.jpg,TAMPERED,splicing_or_copymove,KAGGLE_CASIA_2_0,Tp_D_NRN_M_N_nat10108_cha00052_11364.jpg,jpg
C:\Users\kongeshwaran\AI GOVERNMENT SCHEME LEAKAGE DETECTOR\dataset\casia\CASIA2\Au\Au_pla_30473.jpg,ORIGINAL,none_authentic,KAGGLE_CASIA_2_0,Au_pla_30473.jpg,jpg
C:\Users\kongeshwaran\AI GOVERNMENT SCHEME LEAKAGE DETECTOR\dataset\casia\CASIA2\Tp\Tp_S_CRN_S_N_txt00051_txt00051_01278.tif,TAMPERED,splicing_or_copymove,KAGGLE_CASIA_2_0,Tp_S_CRN_S_N_txt00051_txt00051_01278.tif,tif
C:\Users\kongeshwaran\AI GOVERNMENT SCHEME LEAKAGE DETECTOR\dataset\casia\CASIA2\Tp\Tp_S_NNN_S_N_art00044_art00044_10405.tif,TAMPERED,splicing_or_copymove,KAGGLE_CASIA_2_0,Tp_S_NNN_S_N_art00044_art00044_10405.tif,tif
C:\Users\kongeshwaran\AI GOVERNMENT SCHEME LEAKAGE DETECTOR\dataset\casia\CASIA2\Tp\Tp_S_NNN_S_N_art20074_art20074_01880.tif,TAMPERED,splicing_or_copymove,KAGGLE_CASIA_2_0,Tp_S_NNN_S_N_art20074_art20074_01880.tif,tif
C:\Users\kongeshwaran\AI GOVERNMENT SCHEME LEAKAGE DETECTOR\dataset\casia\CASIA2\Tp\Tp_S_NNN_S_N_arc20047_arc20047_02181.tif,TAMPERED,splicing_or_copymove,KAGGLE_CASIA_2_0,Tp_S_NNN_S_N_arc20047_arc20047_02181.tif,tif
C:\Users\kongeshwaran\AI GOVERNMENT SCHEME LEAKAGE DETECTOR\dataset\casia\CASIA2\Tp\Tp_D_NRN_S_N_art20006_art20005_01812.tif,TAMPERED,splicing_or_copymove,KAGGLE_CASIA_2_0,Tp_D_NRN_S_N_art20006_art20005_01812.tif,tif
C:\Users\kongeshwaran\AI GOVERNMENT SCHEME LEAKAGE DETECTOR\dataset\casia\CASIA2\Tp\Tp_S_NND_S_N_sec00052_sec00052_00073.tif,TAMPERED,splicing_or_copymove,KAGGLE_CASIA_2_0,Tp_S_NND_S_N_sec00052_sec00052_00073.tif,tif
C:\Users\kongeshwaran\AI GOVERNMENT SCHEME LEAKAGE DETECTOR\dataset\casia\CASIA2\Au\Au_nat_30629.jpg,ORIGINAL,none_authentic,KAGGLE_CASIA_2_0,Au_nat_30629.jpg,jpg
C:\Users\kongeshwaran\AI GOVERNMENT SCHEME LEAKAGE DETECTOR\dataset\casia\CASIA2\Tp\Tp_D_NNN_M_N_nat10149_nat10156_12001.jpg,TAMPERED,splicing_or_copymove,KAGGLE_CASIA_2_0,Tp_D_NNN_M_N_nat10149_nat10156_12001.jpg,jpg
C:\Users\kongeshwaran\AI GOVERNMENT SCHEME LEAKAGE DETECTOR\dataset\casia\CASIA2\Au\Au_arc_30322.jpg,ORIGINAL,none_authentic,KAGGLE_CASIA_2_0,Au_arc_30322.jpg,jpg
C:\Users\kongeshwaran\AI GOVERNMENT SCHEME LEAKAGE DETECTOR\dataset\casia\CASIA2\Au\Au_art_00003.jpg,ORIGINAL,none_authentic,KAGGLE_CASIA_2_0,Au_art_00003.jpg,jpg
C:\Users\kongeshwaran\AI GOVERNMENT SCHEME LEAKAGE DETECTOR\dataset\casia\CASIA2\Au\Au_pla_20062.jpg,ORIGINAL,none_authentic,KAGGLE_CASIA_2_0,Au_pla_20062.jpg,jpg
C:\Users\kongeshwaran\AI GOVERNMENT SCHEME LEAKAGE DETECTOR\dataset\casia\CASIA2\Au\Au_cha_30094.jpg,ORIGINAL,none_authentic,KAGGLE_CASIA_2_0,Au_cha_30094.jpg,jpg
C:\Users\kongeshwaran\AI GOVERNMENT SCHEME LEAKAGE DETECTOR\dataset\casia\CASIA2\Au\Au_cha_30444.jpg,ORIGINAL,none_authentic,KAGGLE_CASIA_2_0,Au_cha_30444.jpg,jpg
C:\Users\kongeshwaran\AI GOVERNMENT SCHEME LEAKAGE DETECTOR\dataset\casia\CASIA2\Au\Au_nat_00096.jpg,ORIGINAL,none_authentic,KAGGLE_CASIA_2_0,Au_nat_00096.jpg,jpg
C:\Users\kongeshwaran\AI GOVERNMENT SCHEME LEAKAGE DETECTOR\dataset\casia\CASIA2\Tp\Tp_S_CRD_S_N_cha20039_cha20039_02038.tif,TAMPERED,splicing_or_copymove,KAGGLE_CASIA_2_0,Tp_S_CRD_S_N_cha20039_cha20039_02038.tif,tif
C:\Users\kongeshwaran\AI GOVERNMENT SCHEME LEAKAGE DETECTOR\dataset\casia\CASIA2\Au\Au_ind_30166.jpg,ORIGINAL,none_authentic,KAGGLE_CASIA_2_0,Au_ind_30166.jpg,jpg
C:\Users\kongeshwaran\AI GOVERNMENT SCHEME LEAKAGE DETECTOR\dataset\casia\CASIA2\Tp\Tp_S_CRN_S_N_sec00048_sec00048_11247.jpg,TAMPERED,splicing_or_copymove,KAGGLE_CASIA_2_0,Tp_S_CRN_S_N_sec00048_sec00048_11247.jpg,jpg
C:\Users\kongeshwaran\AI GOVERNMENT SCHEME LEAKAGE DETECTOR\dataset\casia\CASIA2\Au\Au_cha_10185.jpg,ORIGINAL,none_authentic,KAGGLE_CASIA_2_0,Au_cha_10185.jpg,jpg
C:\Users\kongeshwaran\AI GOVERNMENT SCHEME LEAKAGE DETECTOR\dataset\casia\CASIA2\Tp\Tp_D_NRN_M_B_nat10155_nat10164_12115.jpg,TAMPERED,splicing_or_copymove,KAGGLE_CASIA_2_0,Tp_D_NRN_M_B_nat10155_nat10164_12115.jpg,jpg
C:\Users\kongeshwaran\AI GOVERNMENT SCHEME LEAKAGE DETECTOR\dataset\casia\CASIA2\Au\Au_ind_30131.jpg,ORIGINAL,none_authentic,KAGGLE_CASIA_2_0,Au_ind_30131.jpg,jpg
C:\Users\kongeshwaran\AI GOVERNMENT SCHEME LEAKAGE DETECTOR\dataset\casia\CASIA2\Tp\Tp_S_NRN_S_N_art20050_art20050_01856.tif,TAMPERED,splicing_or_copymove,KAGGLE_CASIA_2_0,Tp_S_NRN_S_N_art20050_art20050_01856.tif,tif
C:\Users\kongeshwaran\AI GOVERNMENT SCHEME LEAKAGE DETECTOR\dataset\casia\CASIA2\Au\Au_sec_30020.jpg,ORIGINAL,none_authentic,KAGGLE_CASIA_2_0,Au_sec_30020.jpg,jpg
C:\Users\kongeshwaran\AI GOVERNMENT SCHEME LEAKAGE DETECTOR\dataset\casia\CASIA2\Au\Au_art_30005.jpg,ORIGINAL,none_authentic,KAGGLE_CASIA_2_0,Au_art_30005.jpg,jpg
C:\Users\kongeshwaran\AI GOVERNMENT SCHEME LEAKAGE DETECTOR\dataset\casia\CASIA2\Tp\Tp_S_CNN_M_N_nat00082_nat00082_10604.jpg,TAMPERED,splicing_or_copymove,KAGGLE_CASIA_2_0,Tp_S_CNN_M_N_nat00082_nat00082_10604.jpg,jpg
C:\Users\kongeshwaran\AI GOVERNMENT SCHEME LEAKAGE DETECTOR\dataset\casia\CASIA2\Tp\Tp_S_NRN_S_N_art20066_art20066_01872.tif,TAMPERED,splicing_or_copymove,KAGGLE_CASIA_2_0,Tp_S_NRN_S_N_art20066_art20066_01872.tif,tif
C:\Users\kongeshwaran\AI GOVERNMENT SCHEME LEAKAGE DETECTOR\dataset\casia\CASIA2\Au\Au_nat_30266.jpg,ORIGINAL,none_authentic,KAGGLE_CASIA_2_0,Au_nat_30266.jpg,jpg
C:\Users\kongeshwaran\AI GOVERNMENT SCHEME LEAKAGE DETECTOR\dataset\casia\CASIA2\Au\Au_arc_30416.jpg,ORIGINAL,none_authentic,KAGGLE_CASIA_2_0,Au_arc_30416.jpg,jpg
C:\Users\kongeshwaran\AI GOVERNMENT SCHEME LEAKAGE DETECTOR\dataset\casia\CASIA2\Tp\Tp_S_CNN_S_N_nat00088_nat00088_10581.jpg,TAMPERED,splicing_or_copymove,KAGGLE_CASIA_2_0,Tp_S_CNN_S_N_nat00088_nat00088_10581.jpg,jpg
C:\Users\kongeshwaran\AI GOVERNMENT SCHEME LEAKAGE DETECTOR\dataset\casia\CASIA2\Tp\Tp_S_NRN_S_N_arc20057_arc20057_01697.tif,TAMPERED,splicing_or_copymove,KAGGLE_CASIA_2_0,Tp_S_NRN_S_N_arc20057_arc20057_01697.tif,tif
C:\Users\kongeshwaran\AI GOVERNMENT SCHEME LEAKAGE DETECTOR\dataset\casia\CASIA2\Au\Au_ani_30540.jpg,ORIGINAL,none_authentic,KAGGLE_CASIA_2_0,Au_ani_30540.jpg,jpg
C:\Users\kongeshwaran\AI GOVERNMENT SCHEME LEAKAGE DETECTOR\dataset\casia\CASIA2\Au\Au_pla_00087.jpg,ORIGINAL,none_authentic,KAGGLE_CASIA_2_0,Au_pla_00087.jpg,jpg
C:\Users\kongeshwaran\AI GOVERNMENT SCHEME LEAKAGE DETECTOR\dataset\casia\CASIA2\Tp\Tp_D_NRN_M_B_nat10122_nat00062_11335.jpg,TAMPERED,splicing_or_copymove,KAGGLE_CASIA_2_0,Tp_D_NRN_M_B_nat10122_nat00062_11335.jpg,jpg
C:\Users\kongeshwaran\AI GOVERNMENT SCHEME LEAKAGE DETECTOR\dataset\casia\CASIA2\Tp\Tp_S_NRN_S_N_art00043_art00043_01411.tif,TAMPERED,splicing_or_copymove,KAGGLE_CASIA_2_0,Tp_S_NRN_S_N_art00043_art00043_01411.tif,tif
C:\Users\kongeshwaran\AI GOVERNMENT SCHEME LEAKAGE DETECTOR\dataset\casia\CASIA2\Au\Au_art_30373.jpg,ORIGINAL,none_authentic,KAGGLE_CASIA_2_0,Au_art_30373.jpg,jpg
C:\Users\kongeshwaran\AI GOVERNMENT SCHEME LEAKAGE DETECTOR\dataset\casia\CASIA2\Au\Au_ani_00027.jpg,ORIGINAL,none_authentic,KAGGLE_CASIA_2_0,Au_ani_00027.jpg,jpg
C:\Users\kongeshwaran\AI GOVERNMENT SCHEME LEAKAGE DETECTOR\dataset\casia\CASIA2\Tp\Tp_D_NRN_S_N_ind00087_ani10123_11775.jpg,TAMPERED,splicing_or_copymove,KAGGLE_CASIA_2_0,Tp_D_NRN_S_N_ind00087_ani10123_11775.jpg,jpg
C:\Users\kongeshwaran\AI GOVERNMENT SCHEME LEAKAGE DETECTOR\dataset\casia\CASIA2\Tp\Tp_D_NNN_M_N_cha00074_txt00068_10192.tif,TAMPERED,splicing_or_copymove,KAGGLE_CASIA_2_0,Tp_D_NNN_M_N_cha00074_txt00068_10192.tif,tif
C:\Users\kongeshwaran\AI GOVERNMENT SCHEME LEAKAGE DETECTOR\dataset\casia\CASIA2\Tp\Tp_D_NRD_M_B_arc20062_arc20062_02482.tif,TAMPERED,splicing_or_copymove,KAGGLE_CASIA_2_0,Tp_D_NRD_M_B_arc20062_arc20062_02482.tif,tif
C:\Users\kongeshwaran\AI GOVERNMENT SCHEME LEAKAGE DETECTOR\dataset\casia\CASIA2\Au\Au_nat_30206.jpg,ORIGINAL,none_authentic,KAGGLE_CASIA_2_0,Au_nat_30206.jpg,jpg
C:\Users\kongeshwaran\AI GOVERNMENT SCHEME LEAKAGE DETECTOR\dataset\casia\CASIA2\Au\Au_ani_20017.jpg,ORIGINAL,none_authentic,KAGGLE_CASIA_2_0,Au_ani_20017.jpg,jpg
C:\Users\kongeshwaran\AI GOVERNMENT SCHEME LEAKAGE DETECTOR\dataset\casia\CASIA2\Tp\Tp_D_NRN_S_N_cha00062_art00092_11717.jpg,TAMPERED,splicing_or_copymove,KAGGLE_CASIA_2_0,Tp_D_NRN_S_N_cha00062_art00092_11717.jpg,jpg
C:\Users\kongeshwaran\AI GOVERNMENT SCHEME LEAKAGE DETECTOR\dataset\casia\CASIA2\Tp\Tp_D_CRN_S_N_nat10128_ani00070_11539.jpg,TAMPERED,splicing_or_copymove,KAGGLE_CASIA_2_0,Tp_D_CRN_S_N_nat10128_ani00070_11539.jpg,jpg
C:\Users\kongeshwaran\AI GOVERNMENT SCHEME LEAKAGE DETECTOR\dataset\casia\CASIA2\Au\Au_sec_30643.jpg,ORIGINAL,none_authentic,KAGGLE_CASIA_2_0,Au_sec_30643.jpg,jpg
C:\Users\kongeshwaran\AI GOVERNMENT SCHEME LEAKAGE DETECTOR\dataset\casia\CASIA2\Tp\Tp_S_NNN_S_N_ind00081_ind00081_01365.tif,TAMPERED,splicing_or_copymove,KAGGLE_CASIA_2_0,Tp_S_NNN_S_N_ind00081_ind00081_01365.tif,tif
C:\Users\kongeshwaran\AI GOVERNMENT SCHEME LEAKAGE DETECTOR\dataset\casia\CASIA2\Au\Au_sec_30449.jpg,ORIGINAL,none_authentic,KAGGLE_CASIA_2_0,Au_sec_30449.jpg,jpg
C:\Users\kongeshwaran\AI GOVERNMENT SCHEME LEAKAGE DETECTOR\dataset\casia\CASIA2\Au\Au_sec_30001.jpg,ORIGINAL,none_authentic,KAGGLE_CASIA_2_0,Au_sec_30001.jpg,jpg
C:\Users\kongeshwaran\AI GOVERNMENT SCHEME LEAKAGE DETECTOR\dataset\casia\CASIA2\Tp\Tp_S_CNN_M_N_sec00092_sec00092_10358.tif,TAMPERED,splicing_or_copymove,KAGGLE_CASIA_2_0,Tp_S_CNN_M_N_sec00092_sec00092_10358.tif,tif
C:\Users\kongeshwaran\AI GOVERNMENT SCHEME LEAKAGE DETECTOR\dataset\casia\CASIA2\Tp\Tp_D_NRN_M_N_sec10106_sec10109_10332.tif,TAMPERED,splicing_or_copymove,KAGGLE_CASIA_2_0,Tp_D_NRN_M_N_sec10106_sec10109_10332.tif,tif
C:\Users\kongeshwaran\AI GOVERNMENT SCHEME LEAKAGE DETECTOR\dataset\casia\CASIA2\Au\Au_art_30260.jpg,ORIGINAL,none_authentic,KAGGLE_CASIA_2_0,Au_art_30260.jpg,jpg
C:\Users\kongeshwaran\AI GOVERNMENT SCHEME LEAKAGE DETECTOR\dataset\casia\CASIA2\Tp\Tp_S_NRN_S_N_art00030_art00030_10469.tif,TAMPERED,splicing_or_copymove,KAGGLE_CASIA_2_0,Tp_S_NRN_S_N_art00030_art00030_10469.tif,tif
C:\Users\kongeshwaran\AI GOVERNMENT SCHEME LEAKAGE DETECTOR\dataset\casia\CASIA2\Tp\Tp_S_NNN_S_N_ani00094_ani00094_00214.tif,TAMPERED,splicing_or_copymove,KAGGLE_CASIA_2_0,Tp_S_NNN_S_N_ani00094_ani00094_00214.tif,tif
C:\Users\kongeshwaran\AI GOVERNMENT SCHEME LEAKAGE DETECTOR\dataset\casia\CASIA2\Tp\Tp_S_NNN_S_N_cha20030_cha20030_02485.tif,TAMPERED,splicing_or_copymove,KAGGLE_CASIA_2_0,Tp_S_NNN_S_N_cha20030_cha20030_02485.tif,tif
C:\Users\kongeshwaran\AI GOVERNMENT SCHEME LEAKAGE DETECTOR\dataset\casia\CASIA2\Au\Au_ani_30287.jpg,ORIGINAL,none_authentic,KAGGLE_CASIA_2_0,Au_ani_30287.jpg,jpg
C:\Users\kongeshwaran\AI GOVERNMENT SCHEME LEAKAGE DETECTOR\dataset\casia\CASIA2\Au\Au_nat_30559.jpg,ORIGINAL,none_authentic,KAGGLE_CASIA_2_0,Au_nat_30559.jpg,jpg
C:\Users\kongeshwaran\AI GOVERNMENT SCHEME LEAKAGE DETECTOR\dataset\casia\CASIA2\Tp\Tp_S_NRN_S_N_art00003_art00003_10755.jpg,TAMPERED,splicing_or_copymove,KAGGLE_CASIA_2_0,Tp_S_NRN_S_N_art00003_art00003_10755.jpg,jpg
C:\Users\kongeshwaran\AI GOVERNMENT SCHEME LEAKAGE DETECTOR\dataset\casia\CASIA2\Au\Au_ani_30470.jpg,ORIGINAL,none_authentic,KAGGLE_CASIA_2_0,Au_ani_30470.jpg,jpg
C:\Users\kongeshwaran\AI GOVERNMENT SCHEME LEAKAGE DETECTOR\dataset\casia\CASIA2\Tp\Tp_S_NRD_S_N_ani20011_ani20011_02054.tif,TAMPERED,splicing_or_copymove,KAGGLE_CASIA_2_0,Tp_S_NRD_S_N_ani20011_ani20011_02054.tif,tif
C:\Users\kongeshwaran\AI GOVERNMENT SCHEME LEAKAGE DETECTOR\dataset\casia\CASIA2\Tp\Tp_D_NNN_M_N_cha10166_nat10142_12271.jpg,TAMPERED,splicing_or_copymove,KAGGLE_CASIA_2_0,Tp_D_NNN_M_N_cha10166_nat10142_12271.jpg,jpg
C:\Users\kongeshwaran\AI GOVERNMENT SCHEME LEAKAGE DETECTOR\dataset\casia\CASIA2\Tp\Tp_D_NRN_S_B_art00022_ani00061_00504.tif,TAMPERED,splicing_or_copymove,KAGGLE_CASIA_2_0,Tp_D_NRN_S_B_art00022_ani00061_00504.tif,tif
C:\Users\kongeshwaran\AI GOVERNMENT SCHEME LEAKAGE DETECTOR\dataset\casia\CASIA2\Au\Au_sec_20091.jpg,ORIGINAL,none_authentic,KAGGLE_CASIA_2_0,Au_sec_20091.jpg,jpg
C:\Users\kongeshwaran\AI GOVERNMENT SCHEME LEAKAGE DETECTOR\dataset\casia\CASIA2\Tp\Tp_S_NND_S_B_art00010_art00010_01200.tif,TAMPERED,splicing_or_copymove,KAGGLE_CASIA_2_0,Tp_S_NND_S_B_art00010_art00010_01200.tif,tif
C:\Users\kongeshwaran\AI GOVERNMENT SCHEME LEAKAGE DETECTOR\dataset\casia\CASIA2\Tp\Tp_D_NNN_M_N_art00023_nat00059_11875.jpg,TAMPERED,splicing_or_copymove,KAGGLE_CASIA_2_0,Tp_D_NNN_M_N_art00023_nat00059_11875.jpg,jpg
C:\Users\kongeshwaran\AI GOVERNMENT SCHEME LEAKAGE DETECTOR\dataset\casia\CASIA2\Au\Au_nat_10112.JPG,ORIGINAL,none_authentic,KAGGLE_CASIA_2_0,Au_nat_10112.JPG,jpg
C:\Users\kongeshwaran\AI GOVERNMENT SCHEME LEAKAGE DETECTOR\dataset\casia\CASIA2\Tp\Tp_D_NNN_S_N_nat00012_nat00012_11055.jpg,TAMPERED,splicing_or_copymove,KAGGLE_CASIA_2_0,Tp_D_NNN_S_N_nat00012_nat00012_11055.jpg,jpg
C:\Users\kongeshwaran\AI GOVERNMENT SCHEME LEAKAGE DETECTOR\dataset\casia\CASIA2\Au\Au_arc_30471.jpg,ORIGINAL,none_authentic,KAGGLE_CASIA_2_0,Au_arc_30471.jpg,jpg
C:\Users\kongeshwaran\AI GOVERNMENT SCHEME LEAKAGE DETECTOR\dataset\casia\CASIA2\Au\Au_ani_30495.jpg,ORIGINAL,none_authentic,KAGGLE_CASIA_2_0,Au_ani_30495.jpg,jpg
C:\Users\kongeshwaran\AI GOVERNMENT SCHEME LEAKAGE DETECTOR\dataset\casia\CASIA2\Au\Au_nat_30571.jpg,ORIGINAL,none_authentic,KAGGLE_CASIA_2_0,Au_nat_30571.jpg,jpg
C:\Users\kongeshwaran\AI GOVERNMENT SCHEME LEAKAGE DETECTOR\dataset\casia\CASIA2\Tp\Tp_S_CNN_M_N_sec00043_sec00043_10492.tif,TAMPERED,splicing_or_copymove,KAGGLE_CASIA_2_0,Tp_S_CNN_M_N_sec00043_sec00043_10492.tif,tif
C:\Users\kongeshwaran\AI GOVERNMENT SCHEME LEAKAGE DETECTOR\dataset\casia\CASIA2\Tp\Tp_D_CRN_M_N_txt00063_txt00017_10835.jpg,TAMPERED,splicing_or_copymove,KAGGLE_CASIA_2_0,Tp_D_CRN_M_N_txt00063_txt00017_10835.jpg,jpg
C:\Users\kongeshwaran\AI GOVERNMENT SCHEME LEAKAGE DETECTOR\dataset\casia\CASIA2\Tp\Tp_S_CRN_S_N_art00040_art00040_10462.tif,TAMPERED,splicing_or_copymove,KAGGLE_CASIA_2_0,Tp_S_CRN_S_N_art00040_art00040_10462.tif,tif
C:\Users\kongeshwaran\AI GOVERNMENT SCHEME LEAKAGE DETECTOR\dataset\casia\CASIA2\Tp\Tp_S_NNN_S_N_ani00044_ani00044_00830.tif,TAMPERED,splicing_or_copymove,KAGGLE_CASIA_2_0,Tp_S_NNN_S_N_ani00044_ani00044_00830.tif,tif
C:\Users\kongeshwaran\AI GOVERNMENT SCHEME LEAKAGE DETECTOR\dataset\casia\CASIA2\Tp\Tp_S_NNN_M_N_ani00021_ani00021_00141.tif,TAMPERED,splicing_or_copymove,KAGGLE_CASIA_2_0,Tp_S_NNN_M_N_ani00021_ani00021_00141.tif,tif
C:\Users\kongeshwaran\AI GOVERNMENT SCHEME LEAKAGE DETECTOR\dataset\casia\CASIA2\Tp\Tp_S_NRN_M_N_art00093_art00093_10485.tif,TAMPERED,splicing_or_copymove,KAGGLE_CASIA_2_0,Tp_S_NRN_M_N_art00093_art00093_10485.tif,tif
C:\Users\kongeshwaran\AI GOVERNMENT SCHEME LEAKAGE DETECTOR\dataset\casia\CASIA2\Au\Au_cha_10188.jpg,ORIGINAL,none_authentic,KAGGLE_CASIA_2_0,Au_cha_10188.jpg,jpg
C:\Users\kongeshwaran\AI GOVERNMENT SCHEME LEAKAGE DETECTOR\dataset\casia\CASIA2\Tp\Tp_D_NRN_M_N_nat10116_cha00027_11675.jpg,TAMPERED,splicing_or_copymove,KAGGLE_CASIA_2_0,Tp_D_NRN_M_N_nat10116_cha00027_11675.jpg,jpg
C:\Users\kongeshwaran\AI GOVERNMENT SCHEME LEAKAGE DETECTOR\dataset\casia\CASIA2\Tp\Tp_S_NRN_S_N_ani10214_ani10214_12379.jpg,TAMPERED,splicing_or_copymove,KAGGLE_CASIA_2_0,Tp_S_NRN_S_N_ani10214_ani10214_12379.jpg,jpg
C:\Users\kongeshwaran\AI GOVERNMENT SCHEME LEAKAGE DETECTOR\dataset\casia\CASIA2\Tp\Tp_D_NRN_S_N_ani10130_ani00031_12498.jpg,TAMPERED,splicing_or_copymove,KAGGLE_CASIA_2_0,Tp_D_NRN_S_N_ani10130_ani00031_12498.jpg,jpg
C:\Users\kongeshwaran\AI GOVERNMENT SCHEME LEAKAGE DETECTOR\dataset\casia\CASIA2\Tp\Tp_S_NRN_M_N_cha00062_cha00062_11022.jpg,TAMPERED,splicing_or_copymove,KAGGLE_CASIA_2_0,Tp_S_NRN_M_N_cha00062_cha00062_11022.jpg,jpg
C:\Users\kongeshwaran\AI GOVERNMENT SCHEME LEAKAGE DETECTOR\dataset\casia\CASIA2\Au\Au_art_30667.jpg,ORIGINAL,none_authentic,KAGGLE_CASIA_2_0,Au_art_30667.jpg,jpg
C:\Users\kongeshwaran\AI GOVERNMENT SCHEME LEAKAGE DETECTOR\dataset\casia\CASIA2\Au\Au_arc_30827.jpg,ORIGINAL,none_authentic,KAGGLE_CASIA_2_0,Au_arc_30827.jpg,jpg
C:\Users\kongeshwaran\AI GOVERNMENT SCHEME LEAKAGE DETECTOR\dataset\casia\CASIA2\Au\Au_ani_00005.jpg,ORIGINAL,none_authentic,KAGGLE_CASIA_2_0,Au_ani_00005.jpg,jpg
C:\Users\kongeshwaran\AI GOVERNMENT SCHEME LEAKAGE DETECTOR\dataset\casia\CASIA2\Tp\Tp_D_NNN_M_N_nat10166_nat10169_12113.jpg,TAMPERED,splicing_or_copymove,KAGGLE_CASIA_2_0,Tp_D_NNN_M_N_nat10166_nat10169_12113.jpg,jpg
C:\Users\kongeshwaran\AI GOVERNMENT SCHEME LEAKAGE DETECTOR\dataset\casia\CASIA2\Tp\Tp_D_NRN_S_N_cha00050_ani10123_11688.jpg,TAMPERED,splicing_or_copymove,KAGGLE_CASIA_2_0,Tp_D_NRN_S_N_cha00050_ani10123_11688.jpg,jpg
C:\Users\kongeshwaran\AI GOVERNMENT SCHEME LEAKAGE DETECTOR\dataset\casia\CASIA2\Au\Au_nat_30563.jpg,ORIGINAL,none_authentic,KAGGLE_CASIA_2_0,Au_nat_30563.jpg,jpg
C:\Users\kongeshwaran\AI GOVERNMENT SCHEME LEAKAGE DETECTOR\dataset\casia\CASIA2\Au\Au_sec_30521.jpg,ORIGINAL,none_authentic,KAGGLE_CASIA_2_0,Au_sec_30521.jpg,jpg
C:\Users\kongeshwaran\AI GOVERNMENT SCHEME LEAKAGE DETECTOR\dataset\casia\CASIA2\Au\Au_ani_30058.jpg,ORIGINAL,none_authentic,KAGGLE_CASIA_2_0,Au_ani_30058.jpg,jpg
C:\Users\kongeshwaran\AI GOVERNMENT SCHEME LEAKAGE DETECTOR\dataset\casia\CASIA2\Au\Au_ani_20035.jpg,ORIGINAL,none_authentic,KAGGLE_CASIA_2_0,Au_ani_20035.jpg,jpg
C:\Users\kongeshwaran\AI GOVERNMENT SCHEME LEAKAGE DETECTOR\dataset\casia\CASIA2\Tp\Tp_D_NRN_S_N_ani00033_ani00034_10236.tif,TAMPERED,splicing_or_copymove,KAGGLE_CASIA_2_0,Tp_D_NRN_S_N_ani00033_ani00034_10236.tif,tif
C:\Users\kongeshwaran\AI GOVERNMENT SCHEME LEAKAGE DETECTOR\dataset\casia\CASIA2\Au\Au_cha_30167.jpg,ORIGINAL,none_authentic,KAGGLE_CASIA_2_0,Au_cha_30167.jpg,jpg
C:\Users\kongeshwaran\AI GOVERNMENT SCHEME LEAKAGE DETECTOR\dataset\casia\CASIA2\Au\Au_arc_30250.jpg,ORIGINAL,none_authentic,KAGGLE_CASIA_2_0,Au_arc_30250.jpg,jpg
C:\Users\kongeshwaran\AI GOVERNMENT SCHEME LEAKAGE DETECTOR\dataset\casia\CASIA2\Au\Au_pla_30125.jpg,ORIGINAL,none_authentic,KAGGLE_CASIA_2_0,Au_pla_30125.jpg,jpg
C:\Users\kongeshwaran\AI GOVERNMENT SCHEME LEAKAGE DETECTOR\dataset\casia\CASIA2\Tp\Tp_D_NRN_M_B_arc00030_cha00028_20106.jpg,TAMPERED,splicing_or_copymove,KAGGLE_CASIA_2_0,Tp_D_NRN_M_B_arc00030_cha00028_20106.jpg,jpg
C:\Users\kongeshwaran\AI GOVERNMENT SCHEME LEAKAGE DETECTOR\dataset\casia\CASIA2\Au\Au_sec_30511.jpg,ORIGINAL,none_authentic,KAGGLE_CASIA_2_0,Au_sec_30511.jpg,jpg
C:\Users\kongeshwaran\AI GOVERNMENT SCHEME LEAKAGE DETECTOR\dataset\casia\CASIA2\Tp\Tp_S_NRD_S_N_arc10121_arc10121_12106.jpg,TAMPERED,splicing_or_copymove,KAGGLE_CASIA_2_0,Tp_S_NRD_S_N_arc10121_arc10121_12106.jpg,jpg
C:\Users\kongeshwaran\AI GOVERNMENT SCHEME LEAKAGE DETECTOR\dataset\casia\CASIA2\Au\Au_pla_30249.jpg,ORIGINAL,none_authentic,KAGGLE_CASIA_2_0,Au_pla_30249.jpg,jpg
C:\Users\kongeshwaran\AI GOVERNMENT SCHEME LEAKAGE DETECTOR\dataset\casia\CASIA2\Au\Au_cha_30337.jpg,ORIGINAL,none_authentic,KAGGLE_CASIA_2_0,Au_cha_30337.jpg,jpg
C:\Users\kongeshwaran\AI GOVERNMENT SCHEME LEAKAGE DETECTOR\dataset\casia\CASIA2\Tp\Tp_D_NRN_M_N_art00025_cha00029_11680.jpg,TAMPERED,splicing_or_copymove,KAGGLE_CASIA_2_0,Tp_D_NRN_M_N_art00025_cha00029_11680.jpg,jpg
C:\Users\kongeshwaran\AI GOVERNMENT SCHEME LEAKAGE DETECTOR\dataset\casia\CASIA2\Tp\Tp_S_CRN_S_B_cha10114_cha10114_12176.jpg,TAMPERED,splicing_or_copymove,KAGGLE_CASIA_2_0,Tp_S_CRN_S_B_cha10114_cha10114_12176.jpg,jpg
C:\Users\kongeshwaran\AI GOVERNMENT SCHEME LEAKAGE DETECTOR\dataset\casia\CASIA2\Tp\Tp_D_NRN_S_N_cha10109_ani00017_11588.jpg,TAMPERED,splicing_or_copymove,KAGGLE_CASIA_2_0,Tp_D_NRN_S_N_cha10109_ani00017_11588.jpg,jpg
C:\Users\kongeshwaran\AI GOVERNMENT SCHEME LEAKAGE DETECTOR\dataset\casia\CASIA2\Tp\Tp_S_NNN_S_B_arc00096_arc00096_11198.jpg,TAMPERED,splicing_or_copymove,KAGGLE_CASIA_2_0,Tp_S_NNN_S_B_arc00096_arc00096_11198.jpg,jpg
C:\Users\kongeshwaran\AI GOVERNMENT SCHEME LEAKAGE DETECTOR\dataset\casia\CASIA2\Tp\Tp_S_NNN_S_N_ind20061_ind20061_01802.tif,TAMPERED,splicing_or_copymove,KAGGLE_CASIA_2_0,Tp_S_NNN_S_N_ind20061_ind20061_01802.tif,tif
C:\Users\kongeshwaran\AI GOVERNMENT SCHEME LEAKAGE DETECTOR\dataset\casia\CASIA2\Tp\Tp_S_NND_S_N_pla00001_pla00001_00541.tif,TAMPERED,splicing_or_copymove,KAGGLE_CASIA_2_0,Tp_S_NND_S_N_pla00001_pla00001_00541.tif,tif
C:\Users\kongeshwaran\AI GOVERNMENT SCHEME LEAKAGE DETECTOR\dataset\casia\CASIA2\Tp\Tp_D_CRN_S_B_pla00071_pla00070_11214.jpg,TAMPERED,splicing_or_copymove,KAGGLE_CASIA_2_0,Tp_D_CRN_S_B_pla00071_pla00070_11214.jpg,jpg
C:\Users\kongeshwaran\AI GOVERNMENT SCHEME LEAKAGE DETECTOR\dataset\casia\CASIA2\Au\Au_sec_30074.jpg,ORIGINAL,none_authentic,KAGGLE_CASIA_2_0,Au_sec_30074.jpg,jpg
C:\Users\kongeshwaran\AI GOVERNMENT SCHEME LEAKAGE DETECTOR\dataset\casia\CASIA2\Tp\Tp_S_CRN_M_N_cha10125_cha10125_12161.jpg,TAMPERED,splicing_or_copymove,KAGGLE_CASIA_2_0,Tp_S_CRN_M_N_cha10125_cha10125_12161.jpg,jpg
C:\Users\kongeshwaran\AI GOVERNMENT SCHEME LEAKAGE DETECTOR\dataset\casia\CASIA2\Au\Au_cha_30416.jpg,ORIGINAL,none_authentic,KAGGLE_CASIA_2_0,Au_cha_30416.jpg,jpg
C:\Users\kongeshwaran\AI GOVERNMENT SCHEME LEAKAGE DETECTOR\dataset\casia\CASIA2\Tp\Tp_S_NRN_S_B_sec20077_sec20077_01667.tif,TAMPERED,splicing_or_copymove,KAGGLE_CASIA_2_0,Tp_S_NRN_S_B_sec20077_sec20077_01667.tif,tif
C:\Users\kongeshwaran\AI GOVERNMENT SCHEME LEAKAGE DETECTOR\dataset\casia\CASIA2\Tp\Tp_D_NRN_S_N_pla00021_pla00014_10965.jpg,TAMPERED,splicing_or_copymove,KAGGLE_CASIA_2_0,Tp_D_NRN_S_N_pla00021_pla00014_10965.jpg,jpg
C:\Users\kongeshwaran\AI GOVERNMENT SCHEME LEAKAGE DETECTOR\dataset\casia\CASIA2\Tp\Tp_S_NNN_S_N_art20089_art20089_02308.tif,TAMPERED,splicing_or_copymove,KAGGLE_CASIA_2_0,Tp_S_NNN_S_N_art20089_art20089_02308.tif,tif
C:\Users\kongeshwaran\AI GOVERNMENT SCHEME LEAKAGE DETECTOR\dataset\casia\CASIA2\Tp\Tp_D_CRN_S_N_sec00058_art00002_00079.tif,TAMPERED,splicing_or_copymove,KAGGLE_CASIA_2_0,Tp_D_CRN_S_N_sec00058_art00002_00079.tif,tif
C:\Users\kongeshwaran\AI GOVERNMENT SCHEME LEAKAGE DETECTOR\dataset\casia\CASIA2\Au\Au_pla_30456.jpg,ORIGINAL,none_authentic,KAGGLE_CASIA_2_0,Au_pla_30456.jpg,jpg
C:\Users\kongeshwaran\AI GOVERNMENT SCHEME LEAKAGE DETECTOR\dataset\casia\CASIA2\Tp\Tp_S_NRN_S_N_ind00013_ind00013_20069.jpg,TAMPERED,splicing_or_copymove,KAGGLE_CASIA_2_0,Tp_S_NRN_S_N_ind00013_ind00013_20069.jpg,jpg
C:\Users\kongeshwaran\AI GOVERNMENT SCHEME LEAKAGE DETECTOR\dataset\casia\CASIA2\Au\Au_pla_30219.jpg,ORIGINAL,none_authentic,KAGGLE_CASIA_2_0,Au_pla_30219.jpg,jpg
C:\Users\kongeshwaran\AI GOVERNMENT SCHEME LEAKAGE DETECTOR\dataset\casia\CASIA2\Au\Au_nat_30252.jpg,ORIGINAL,none_authentic,KAGGLE_CASIA_2_0,Au_nat_30252.jpg,jpg
C:\Users\kongeshwaran\AI GOVERNMENT SCHEME LEAKAGE DETECTOR\dataset\casia\CASIA2\Au\Au_nat_30690.jpg,ORIGINAL,none_authentic,KAGGLE_CASIA_2_0,Au_nat_30690.jpg,jpg
C:\Users\kongeshwaran\AI GOVERNMENT SCHEME LEAKAGE DETECTOR\dataset\casia\CASIA2\Tp\Tp_S_CNN_S_N_ind20007_ind20007_01748.tif,TAMPERED,splicing_or_copymove,KAGGLE_CASIA_2_0,Tp_S_CNN_S_N_ind20007_ind20007_01748.tif,tif
C:\Users\kongeshwaran\AI GOVERNMENT SCHEME LEAKAGE DETECTOR\dataset\casia\CASIA2\Tp\Tp_S_CRN_M_N_nat10137_nat10137_11930.jpg,TAMPERED,splicing_or_copymove,KAGGLE_CASIA_2_0,Tp_S_CRN_M_N_nat10137_nat10137_11930.jpg,jpg
C:\Users\kongeshwaran\AI GOVERNMENT SCHEME LEAKAGE DETECTOR\dataset\casia\CASIA2\Au\Au_arc_00050.jpg,ORIGINAL,none_authentic,KAGGLE_CASIA_2_0,Au_arc_00050.jpg,jpg
C:\Users\kongeshwaran\AI GOVERNMENT SCHEME LEAKAGE DETECTOR\dataset\casia\CASIA2\Tp\Tp_D_NRD_S_N_ind00030_ind00031_01323.tif,TAMPERED,splicing_or_copymove,KAGGLE_CASIA_2_0,Tp_D_NRD_S_N_ind00030_ind00031_01323.tif,tif
C:\Users\kongeshwaran\AI GOVERNMENT SCHEME LEAKAGE DETECTOR\dataset\casia\CASIA2\Au\Au_cha_30372.jpg,ORIGINAL,none_authentic,KAGGLE_CASIA_2_0,Au_cha_30372.jpg,jpg
C:\Users\kongeshwaran\AI GOVERNMENT SCHEME LEAKAGE DETECTOR\dataset\casia\CASIA2\Au\Au_sec_30441.jpg,ORIGINAL,none_authentic,KAGGLE_CASIA_2_0,Au_sec_30441.jpg,jpg
C:\Users\kongeshwaran\AI GOVERNMENT SCHEME LEAKAGE DETECTOR\dataset\casia\CASIA2\Au\Au_pla_20091.jpg,ORIGINAL,none_authentic,KAGGLE_CASIA_2_0,Au_pla_20091.jpg,jpg
C:\Users\kongeshwaran\AI GOVERNMENT SCHEME LEAKAGE DETECTOR\dataset\casia\CASIA2\Tp\Tp_S_CNN_S_N_pla00069_pla00069_11215.jpg,TAMPERED,splicing_or_copymove,KAGGLE_CASIA_2_0,Tp_S_CNN_S_N_pla00069_pla00069_11215.jpg,jpg
C:\Users\kongeshwaran\AI GOVERNMENT SCHEME LEAKAGE DETECTOR\dataset\casia\CASIA2\Au\Au_pla_00075.jpg,ORIGINAL,none_authentic,KAGGLE_CASIA_2_0,Au_pla_00075.jpg,jpg
C:\Users\kongeshwaran\AI GOVERNMENT SCHEME LEAKAGE DETECTOR\dataset\casia\CASIA2\Tp\Tp_S_CRN_S_N_ind00048_ind00048_10896.jpg,TAMPERED,splicing_or_copymove,KAGGLE_CASIA_2_0,Tp_S_CRN_S_N_ind00048_ind00048_10896.jpg,jpg
C:\Users\kongeshwaran\AI GOVERNMENT SCHEME LEAKAGE DETECTOR\dataset\casia\CASIA2\Au\Au_nat_30587.jpg,ORIGINAL,none_authentic,KAGGLE_CASIA_2_0,Au_nat_30587.jpg,jpg
C:\Users\kongeshwaran\AI GOVERNMENT SCHEME LEAKAGE DETECTOR\dataset\casia\CASIA2\Au\Au_art_30157.jpg,ORIGINAL,none_authentic,KAGGLE_CASIA_2_0,Au_art_30157.jpg,jpg
C:\Users\kongeshwaran\AI GOVERNMENT SCHEME LEAKAGE DETECTOR\dataset\casia\CASIA2\Tp\Tp_S_CNN_S_N_nat00065_nat00065_00671.tif,TAMPERED,splicing_or_copymove,KAGGLE_CASIA_2_0,Tp_S_CNN_S_N_nat00065_nat00065_00671.tif,tif
C:\Users\kongeshwaran\AI GOVERNMENT SCHEME LEAKAGE DETECTOR\dataset\casia\CASIA2\Tp\Tp_S_CRN_S_N_pla20055_pla20055_01955.tif,TAMPERED,splicing_or_copymove,KAGGLE_CASIA_2_0,Tp_S_CRN_S_N_pla20055_pla20055_01955.tif,tif
C:\Users\kongeshwaran\AI GOVERNMENT SCHEME LEAKAGE DETECTOR\dataset\casia\CASIA2\Tp\Tp_S_NNN_S_N_pla20064_pla20064_02369.tif,TAMPERED,splicing_or_copymove,KAGGLE_CASIA_2_0,Tp_S_NNN_S_N_pla20064_pla20064_02369.tif,tif
C:\Users\kongeshwaran\AI GOVERNMENT SCHEME LEAKAGE DETECTOR\dataset\casia\CASIA2\Au\Au_arc_30680.jpg,ORIGINAL,none_authentic,KAGGLE_CASIA_2_0,Au_arc_30680.jpg,jpg
C:\Users\kongeshwaran\AI GOVERNMENT SCHEME LEAKAGE DETECTOR\dataset\casia\CASIA2\Tp\Tp_D_NRN_S_N_sec00016_ani00013_00702.tif,TAMPERED,splicing_or_copymove,KAGGLE_CASIA_2_0,Tp_D_NRN_S_N_sec00016_ani00013_00702.tif,tif
C:\Users\kongeshwaran\AI GOVERNMENT SCHEME LEAKAGE DETECTOR\dataset\casia\CASIA2\Au\Au_art_30592.jpg,ORIGINAL,none_authentic,KAGGLE_CASIA_2_0,Au_art_30592.jpg,jpg
C:\Users\kongeshwaran\AI GOVERNMENT SCHEME LEAKAGE DETECTOR\dataset\casia\CASIA2\Au\Au_ind_30007.jpg,ORIGINAL,none_authentic,KAGGLE_CASIA_2_0,Au_ind_30007.jpg,jpg
C:\Users\kongeshwaran\AI GOVERNMENT SCHEME LEAKAGE DETECTOR\dataset\casia\CASIA2\Tp\Tp_D_NRD_M_N_art00098_art00077_11711.jpg,TAMPERED,splicing_or_copymove,KAGGLE_CASIA_2_0,Tp_D_NRD_M_N_art00098_art00077_11711.jpg,jpg
C:\Users\kongeshwaran\AI GOVERNMENT SCHEME LEAKAGE DETECTOR\dataset\casia\CASIA2\Au\Au_arc_00040.jpg,ORIGINAL,none_authentic,KAGGLE_CASIA_2_0,Au_arc_00040.jpg,jpg
C:\Users\kongeshwaran\AI GOVERNMENT SCHEME LEAKAGE DETECTOR\dataset\casia\CASIA2\Au\Au_arc_30391.jpg,ORIGINAL,none_authentic,KAGGLE_CASIA_2_0,Au_arc_30391.jpg,jpg
C:\Users\kongeshwaran\AI GOVERNMENT SCHEME LEAKAGE DETECTOR\dataset\casia\CASIA2\Tp\Tp_D_CRD_S_B_ani00071_ani00064_00191.tif,TAMPERED,splicing_or_copymove,KAGGLE_CASIA_2_0,Tp_D_CRD_S_B_ani00071_ani00064_00191.tif,tif
C:\Users\kongeshwaran\AI GOVERNMENT SCHEME LEAKAGE DETECTOR\dataset\casia\CASIA2\Au\Au_arc_30474.jpg,ORIGINAL,none_authentic,KAGGLE_CASIA_2_0,Au_arc_30474.jpg,jpg
C:\Users\kongeshwaran\AI GOVERNMENT SCHEME LEAKAGE DETECTOR\dataset\casia\CASIA2\Au\Au_sec_20084.jpg,ORIGINAL,none_authentic,KAGGLE_CASIA_2_0,Au_sec_20084.jpg,jpg
C:\Users\kongeshwaran\AI GOVERNMENT SCHEME LEAKAGE DETECTOR\dataset\casia\CASIA2\Tp\Tp_S_CRN_S_N_sec20046_sec20046_02146.tif,TAMPERED,splicing_or_copymove,KAGGLE_CASIA_2_0,Tp_S_CRN_S_N_sec20046_sec20046_02146.tif,tif
C:\Users\kongeshwaran\AI GOVERNMENT SCHEME LEAKAGE DETECTOR\dataset\casia\CASIA2\Tp\Tp_S_NRN_M_N_cha10102_cha10102_10026.tif,TAMPERED,splicing_or_copymove,KAGGLE_CASIA_2_0,Tp_S_NRN_M_N_cha10102_cha10102_10026.tif,tif
C:\Users\kongeshwaran\AI GOVERNMENT SCHEME LEAKAGE DETECTOR\dataset\casia\CASIA2\Tp\Tp_D_CRN_S_N_pla00023_pla00024_10953.jpg,TAMPERED,splicing_or_copymove,KAGGLE_CASIA_2_0,Tp_D_CRN_S_N_pla00023_pla00024_10953.jpg,jpg
C:\Users\kongeshwaran\AI GOVERNMENT SCHEME LEAKAGE DETECTOR\dataset\casia\CASIA2\Tp\Tp_D_NRN_S_N_pla00026_pla00018_10957.jpg,TAMPERED,splicing_or_copymove,KAGGLE_CASIA_2_0,Tp_D_NRN_S_N_pla00026_pla00018_10957.jpg,jpg
C:\Users\kongeshwaran\AI GOVERNMENT SCHEME LEAKAGE DETECTOR\dataset\casia\CASIA2\Tp\Tp_S_NNN_S_N_ani00004_ani00004_00124.tif,TAMPERED,splicing_or_copymove,KAGGLE_CASIA_2_0,Tp_S_NNN_S_N_ani00004_ani00004_00124.tif,tif
C:\Users\kongeshwaran\AI GOVERNMENT SCHEME LEAKAGE DETECTOR\dataset\casia\CASIA2\Tp\Tp_S_NNN_S_N_pla20056_pla20056_01956.tif,TAMPERED,splicing_or_copymove,KAGGLE_CASIA_2_0,Tp_S_NNN_S_N_pla20056_pla20056_01956.tif,tif
C:\Users\kongeshwaran\AI GOVERNMENT SCHEME LEAKAGE DETECTOR\dataset\casia\CASIA2\Au\Au_nat_30555.jpg,ORIGINAL,none_authentic,KAGGLE_CASIA_2_0,Au_nat_30555.jpg,jpg
C:\Users\kongeshwaran\AI GOVERNMENT SCHEME LEAKAGE DETECTOR\dataset\casia\CASIA2\Au\Au_ani_30223.jpg,ORIGINAL,none_authentic,KAGGLE_CASIA_2_0,Au_ani_30223.jpg,jpg
C:\Users\kongeshwaran\AI GOVERNMENT SCHEME LEAKAGE DETECTOR\dataset\casia\CASIA2\Au\Au_art_30663.jpg,ORIGINAL,none_authentic,KAGGLE_CASIA_2_0,Au_art_30663.jpg,jpg
C:\Users\kongeshwaran\AI GOVERNMENT SCHEME LEAKAGE DETECTOR\dataset\casia\CASIA2\Tp\Tp_S_NNN_S_N_ani00090_ani00090_00812.tif,TAMPERED,splicing_or_copymove,KAGGLE_CASIA_2_0,Tp_S_NNN_S_N_ani00090_ani00090_00812.tif,tif
C:\Users\kongeshwaran\AI GOVERNMENT SCHEME LEAKAGE DETECTOR\dataset\casia\CASIA2\Tp\Tp_S_NRN_S_N_nat10105_nat10105_11347.jpg,TAMPERED,splicing_or_copymove,KAGGLE_CASIA_2_0,Tp_S_NRN_S_N_nat10105_nat10105_11347.jpg,jpg
C:\Users\kongeshwaran\AI GOVERNMENT SCHEME LEAKAGE DETECTOR\dataset\casia\CASIA2\Tp\Tp_S_NRN_S_N_nat00018_nat00018_10927.jpg,TAMPERED,splicing_or_copymove,KAGGLE_CASIA_2_0,Tp_S_NRN_S_N_nat00018_nat00018_10927.jpg,jpg
C:\Users\kongeshwaran\AI GOVERNMENT SCHEME LEAKAGE DETECTOR\dataset\casia\CASIA2\Au\Au_art_30310.jpg,ORIGINAL,none_authentic,KAGGLE_CASIA_2_0,Au_art_30310.jpg,jpg
C:\Users\kongeshwaran\AI GOVERNMENT SCHEME LEAKAGE DETECTOR\dataset\casia\CASIA2\Tp\Tp_D_CND_S_N_ani00073_ani00068_00193.tif,TAMPERED,splicing_or_copymove,KAGGLE_CASIA_2_0,Tp_D_CND_S_N_ani00073_ani00068_00193.tif,tif
C:\Users\kongeshwaran\AI GOVERNMENT SCHEME LEAKAGE DETECTOR\dataset\casia\CASIA2\Tp\Tp_S_NRD_S_N_art20055_art20055_01861.tif,TAMPERED,splicing_or_copymove,KAGGLE_CASIA_2_0,Tp_S_NRD_S_N_art20055_art20055_01861.tif,tif
C:\Users\kongeshwaran\AI GOVERNMENT SCHEME LEAKAGE DETECTOR\dataset\casia\CASIA2\Au\Au_ind_00039.jpg,ORIGINAL,none_authentic,KAGGLE_CASIA_2_0,Au_ind_00039.jpg,jpg
C:\Users\kongeshwaran\AI GOVERNMENT SCHEME LEAKAGE DETECTOR\dataset\casia\CASIA2\Au\Au_cha_00027.jpg,ORIGINAL,none_authentic,KAGGLE_CASIA_2_0,Au_cha_00027.jpg,jpg
C:\Users\kongeshwaran\AI GOVERNMENT SCHEME LEAKAGE DETECTOR\dataset\casia\CASIA2\Au\Au_nat_20019.jpg,ORIGINAL,none_authentic,KAGGLE_CASIA_2_0,Au_nat_20019.jpg,jpg
C:\Users\kongeshwaran\AI GOVERNMENT SCHEME LEAKAGE DETECTOR\dataset\casia\CASIA2\Au\Au_arc_30438.jpg,ORIGINAL,none_authentic,KAGGLE_CASIA_2_0,Au_arc_30438.jpg,jpg
C:\Users\kongeshwaran\AI GOVERNMENT SCHEME LEAKAGE DETECTOR\dataset\casia\CASIA2\Au\Au_pla_30387.jpg,ORIGINAL,none_authentic,KAGGLE_CASIA_2_0,Au_pla_30387.jpg,jpg
C:\Users\kongeshwaran\AI GOVERNMENT SCHEME LEAKAGE DETECTOR\dataset\casia\CASIA2\Au\Au_cha_30660.jpg,ORIGINAL,none_authentic,KAGGLE_CASIA_2_0,Au_cha_30660.jpg,jpg
C:\Users\kongeshwaran\AI GOVERNMENT SCHEME LEAKAGE DETECTOR\dataset\casia\CASIA2\Au\Au_ani_30754.jpg,ORIGINAL,none_authentic,KAGGLE_CASIA_2_0,Au_ani_30754.jpg,jpg
C:\Users\kongeshwaran\AI GOVERNMENT SCHEME LEAKAGE DETECTOR\dataset\casia\CASIA2\Tp\Tp_S_NNN_S_N_cha00073_cha00073_00861.tif,TAMPERED,splicing_or_copymove,KAGGLE_CASIA_2_0,Tp_S_NNN_S_N_cha00073_cha00073_00861.tif,tif
C:\Users\kongeshwaran\AI GOVERNMENT SCHEME LEAKAGE DETECTOR\dataset\casia\CASIA2\Au\Au_pla_30349.jpg,ORIGINAL,none_authentic,KAGGLE_CASIA_2_0,Au_pla_30349.jpg,jpg
C:\Users\kongeshwaran\AI GOVERNMENT SCHEME LEAKAGE DETECTOR\dataset\casia\CASIA2\Tp\Tp_S_CNN_S_N_nat00073_nat00073_10590.jpg,TAMPERED,splicing_or_copymove,KAGGLE_CASIA_2_0,Tp_S_CNN_S_N_nat00073_nat00073_10590.jpg,jpg
C:\Users\kongeshwaran\AI GOVERNMENT SCHEME LEAKAGE DETECTOR\dataset\casia\CASIA2\Tp\Tp_D_NRN_S_N_pla00028_pla00027_10949.jpg,TAMPERED,splicing_or_copymove,KAGGLE_CASIA_2_0,Tp_D_NRN_S_N_pla00028_pla00027_10949.jpg,jpg
C:\Users\kongeshwaran\AI GOVERNMENT SCHEME LEAKAGE DETECTOR\dataset\casia\CASIA2\Tp\Tp_D_NNN_S_N_ani10179_ani10175_12487.jpg,TAMPERED,splicing_or_copymove,KAGGLE_CASIA_2_0,Tp_D_NNN_S_N_ani10179_ani10175_12487.jpg,jpg
C:\Users\kongeshwaran\AI GOVERNMENT SCHEME LEAKAGE DETECTOR\dataset\casia\CASIA2\Au\Au_pla_30595.jpg,ORIGINAL,none_authentic,KAGGLE_CASIA_2_0,Au_pla_30595.jpg,jpg
C:\Users\kongeshwaran\AI GOVERNMENT SCHEME LEAKAGE DETECTOR\dataset\casia\CASIA2\Au\Au_pla_30710.jpg,ORIGINAL,none_authentic,KAGGLE_CASIA_2_0,Au_pla_30710.jpg,jpg
C:\Users\kongeshwaran\AI GOVERNMENT SCHEME LEAKAGE DETECTOR\dataset\casia\CASIA2\Au\Au_cha_30120.jpg,ORIGINAL,none_authentic,KAGGLE_CASIA_2_0,Au_cha_30120.jpg,jpg
C:\Users\kongeshwaran\AI GOVERNMENT SCHEME LEAKAGE DETECTOR\dataset\casia\CASIA2\Au\Au_art_30514.jpg,ORIGINAL,none_authentic,KAGGLE_CASIA_2_0,Au_art_30514.jpg,jpg
C:\Users\kongeshwaran\AI GOVERNMENT SCHEME LEAKAGE DETECTOR\dataset\casia\CASIA2\Au\Au_pla_30333.jpg,ORIGINAL,none_authentic,KAGGLE_CASIA_2_0,Au_pla_30333.jpg,jpg
C:\Users\kongeshwaran\AI GOVERNMENT SCHEME LEAKAGE DETECTOR\dataset\casia\CASIA2\Tp\Tp_D_NNN_S_N_nat20018_nat20015_01522.tif,TAMPERED,splicing_or_copymove,KAGGLE_CASIA_2_0,Tp_D_NNN_S_N_nat20018_nat20015_01522.tif,tif
C:\Users\kongeshwaran\AI GOVERNMENT SCHEME LEAKAGE DETECTOR\dataset\casia\CASIA2\Au\Au_arc_30560.jpg,ORIGINAL,none_authentic,KAGGLE_CASIA_2_0,Au_arc_30560.jpg,jpg
C:\Users\kongeshwaran\AI GOVERNMENT SCHEME LEAKAGE DETECTOR\dataset\casia\CASIA2\Tp\Tp_D_NRN_S_N_ind00009_pla00050_10423.tif,TAMPERED,splicing_or_copymove,KAGGLE_CASIA_2_0,Tp_D_NRN_S_N_ind00009_pla00050_10423.tif,tif
C:\Users\kongeshwaran\AI GOVERNMENT SCHEME LEAKAGE DETECTOR\dataset\casia\CASIA2\Tp\Tp_D_NRN_S_N_art00003_ani00037_00496.tif,TAMPERED,splicing_or_copymove,KAGGLE_CASIA_2_0,Tp_D_NRN_S_N_art00003_ani00037_00496.tif,tif
C:\Users\kongeshwaran\AI GOVERNMENT SCHEME LEAKAGE DETECTOR\dataset\casia\CASIA2\Au\Au_sec_30637.jpg,ORIGINAL,none_authentic,KAGGLE_CASIA_2_0,Au_sec_30637.jpg,jpg
C:\Users\kongeshwaran\AI GOVERNMENT SCHEME LEAKAGE DETECTOR\dataset\casia\CASIA2\Tp\Tp_S_CNN_S_N_arc20100_arc20100_01740.tif,TAMPERED,splicing_or_copymove,KAGGLE_CASIA_2_0,Tp_S_CNN_S_N_arc20100_arc20100_01740.tif,tif
C:\Users\kongeshwaran\AI GOVERNMENT SCHEME LEAKAGE DETECTOR\dataset\casia\CASIA2\Au\Au_ani_30245.jpg,ORIGINAL,none_authentic,KAGGLE_CASIA_2_0,Au_ani_30245.jpg,jpg
C:\Users\kongeshwaran\AI GOVERNMENT SCHEME LEAKAGE DETECTOR\dataset\casia\CASIA2\Au\Au_ind_30102.jpg,ORIGINAL,none_authentic,KAGGLE_CASIA_2_0,Au_ind_30102.jpg,jpg
C:\Users\kongeshwaran\AI GOVERNMENT SCHEME LEAKAGE DETECTOR\dataset\casia\CASIA2\Tp\Tp_S_CNN_M_N_art00069_art00069_10853.jpg,TAMPERED,splicing_or_copymove,KAGGLE_CASIA_2_0,Tp_S_CNN_M_N_art00069_art00069_10853.jpg,jpg
C:\Users\kongeshwaran\AI GOVERNMENT SCHEME LEAKAGE DETECTOR\dataset\casia\CASIA2\Tp\Tp_S_CRN_S_N_ani00011_ani00011_00131.tif,TAMPERED,splicing_or_copymove,KAGGLE_CASIA_2_0,Tp_S_CRN_S_N_ani00011_ani00011_00131.tif,tif
C:\Users\kongeshwaran\AI GOVERNMENT SCHEME LEAKAGE DETECTOR\dataset\casia\CASIA2\Tp\Tp_D_NRN_S_N_art00021_ani00005_00503.tif,TAMPERED,splicing_or_copymove,KAGGLE_CASIA_2_0,Tp_D_NRN_S_N_art00021_ani00005_00503.tif,tif
C:\Users\kongeshwaran\AI GOVERNMENT SCHEME LEAKAGE DETECTOR\dataset\casia\CASIA2\Au\Au_ani_30088.jpg,ORIGINAL,none_authentic,KAGGLE_CASIA_2_0,Au_ani_30088.jpg,jpg
C:\Users\kongeshwaran\AI GOVERNMENT SCHEME LEAKAGE DETECTOR\dataset\casia\CASIA2\Tp\Tp_D_NRN_S_N_arc00013_arc00020_11702.jpg,TAMPERED,splicing_or_copymove,KAGGLE_CASIA_2_0,Tp_D_NRN_S_N_arc00013_arc00020_11702.jpg,jpg
C:\Users\kongeshwaran\AI GOVERNMENT SCHEME LEAKAGE DETECTOR\dataset\casia\CASIA2\Au\Au_ani_30415.jpg,ORIGINAL,none_authentic,KAGGLE_CASIA_2_0,Au_ani_30415.jpg,jpg
C:\Users\kongeshwaran\AI GOVERNMENT SCHEME LEAKAGE DETECTOR\dataset\casia\CASIA2\Tp\Tp_D_NRN_S_N_cha00086_ani10119_11609.jpg,TAMPERED,splicing_or_copymove,KAGGLE_CASIA_2_0,Tp_D_NRN_S_N_cha00086_ani10119_11609.jpg,jpg
C:\Users\kongeshwaran\AI GOVERNMENT SCHEME LEAKAGE DETECTOR\dataset\casia\CASIA2\Tp\Tp_S_CNN_M_N_sec00087_sec00087_10361.tif,TAMPERED,splicing_or_copymove,KAGGLE_CASIA_2_0,Tp_S_CNN_M_N_sec00087_sec00087_10361.tif,tif
C:\Users\kongeshwaran\AI GOVERNMENT SCHEME LEAKAGE DETECTOR\dataset\casia\CASIA2\Tp\Tp_D_NNN_M_B_txt00052_txt00051_10380.tif,TAMPERED,splicing_or_copymove,KAGGLE_CASIA_2_0,Tp_D_NNN_M_B_txt00052_txt00051_10380.tif,tif
C:\Users\kongeshwaran\AI GOVERNMENT SCHEME LEAKAGE DETECTOR\dataset\casia\CASIA2\Tp\Tp_D_NRN_S_N_cha00062_cha00062_00381.tif,TAMPERED,splicing_or_copymove,KAGGLE_CASIA_2_0,Tp_D_NRN_S_N_cha00062_cha00062_00381.tif,tif
C:\Users\kongeshwaran\AI GOVERNMENT SCHEME LEAKAGE DETECTOR\dataset\casia\CASIA2\Au\Au_ani_30185.jpg,ORIGINAL,none_authentic,KAGGLE_CASIA_2_0,Au_ani_30185.jpg,jpg
C:\Users\kongeshwaran\AI GOVERNMENT SCHEME LEAKAGE DETECTOR\dataset\casia\CASIA2\Au\Au_arc_30636.jpg,ORIGINAL,none_authentic,KAGGLE_CASIA_2_0,Au_arc_30636.jpg,jpg
C:\Users\kongeshwaran\AI GOVERNMENT SCHEME LEAKAGE DETECTOR\dataset\casia\CASIA2\Tp\Tp_S_NRN_S_N_pla20051_pla20051_01951.tif,TAMPERED,splicing_or_copymove,KAGGLE_CASIA_2_0,Tp_S_NRN_S_N_pla20051_pla20051_01951.tif,tif
C:\Users\kongeshwaran\AI GOVERNMENT SCHEME LEAKAGE DETECTOR\dataset\casia\CASIA2\Au\Au_ani_10156.jpg,ORIGINAL,none_authentic,KAGGLE_CASIA_2_0,Au_ani_10156.jpg,jpg
C:\Users\kongeshwaran\AI GOVERNMENT SCHEME LEAKAGE DETECTOR\dataset\casia\CASIA2\Tp\Tp_D_NRN_S_N_nat10156_pla00050_12008.jpg,TAMPERED,splicing_or_copymove,KAGGLE_CASIA_2_0,Tp_D_NRN_S_N_nat10156_pla00050_12008.jpg,jpg
C:\Users\kongeshwaran\AI GOVERNMENT SCHEME LEAKAGE DETECTOR\dataset\casia\CASIA2\Au\Au_art_30391.jpg,ORIGINAL,none_authentic,KAGGLE_CASIA_2_0,Au_art_30391.jpg,jpg
C:\Users\kongeshwaran\AI GOVERNMENT SCHEME LEAKAGE DETECTOR\dataset\casia\CASIA2\Au\Au_arc_30551.jpg,ORIGINAL,none_authentic,KAGGLE_CASIA_2_0,Au_arc_30551.jpg,jpg
C:\Users\kongeshwaran\AI GOVERNMENT SCHEME LEAKAGE DETECTOR\dataset\casia\CASIA2\Au\Au_pla_30545.jpg,ORIGINAL,none_authentic,KAGGLE_CASIA_2_0,Au_pla_30545.jpg,jpg
C:\Users\kongeshwaran\AI GOVERNMENT SCHEME LEAKAGE DETECTOR\dataset\casia\CASIA2\Au\Au_pla_30235.jpg,ORIGINAL,none_authentic,KAGGLE_CASIA_2_0,Au_pla_30235.jpg,jpg
C:\Users\kongeshwaran\AI GOVERNMENT SCHEME LEAKAGE DETECTOR\dataset\casia\CASIA2\Tp\Tp_D_NNN_S_B_nat00012_ani00031_00632.tif,TAMPERED,splicing_or_copymove,KAGGLE_CASIA_2_0,Tp_D_NNN_S_B_nat00012_ani00031_00632.tif,tif
C:\Users\kongeshwaran\AI GOVERNMENT SCHEME LEAKAGE DETECTOR\dataset\casia\CASIA2\Tp\Tp_S_NNN_S_N_nat00045_nat00045_00659.tif,TAMPERED,splicing_or_copymove,KAGGLE_CASIA_2_0,Tp_S_NNN_S_N_nat00045_nat00045_00659.tif,tif
C:\Users\kongeshwaran\AI GOVERNMENT SCHEME LEAKAGE DETECTOR\dataset\casia\CASIA2\Au\Au_nat_00011.jpg,ORIGINAL,none_authentic,KAGGLE_CASIA_2_0,Au_nat_00011.jpg,jpg
C:\Users\kongeshwaran\AI GOVERNMENT SCHEME LEAKAGE DETECTOR\dataset\casia\CASIA2\Tp\Tp_S_CNN_S_N_arc10104_arc10104_10861.jpg,TAMPERED,splicing_or_copymove,KAGGLE_CASIA_2_0,Tp_S_CNN_S_N_arc10104_arc10104_10861.jpg,jpg
C:\Users\kongeshwaran\AI GOVERNMENT SCHEME LEAKAGE DETECTOR\dataset\casia\CASIA2\Au\Au_pla_30584.jpg,ORIGINAL,none_authentic,KAGGLE_CASIA_2_0,Au_pla_30584.jpg,jpg
C:\Users\kongeshwaran\AI GOVERNMENT SCHEME LEAKAGE DETECTOR\dataset\casia\CASIA2\Au\Au_cha_30356.jpg,ORIGINAL,none_authentic,KAGGLE_CASIA_2_0,Au_cha_30356.jpg,jpg
C:\Users\kongeshwaran\AI GOVERNMENT SCHEME LEAKAGE DETECTOR\dataset\casia\CASIA2\Tp\Tp_S_NNN_S_N_art00036_art00036_01418.tif,TAMPERED,splicing_or_copymove,KAGGLE_CASIA_2_0,Tp_S_NNN_S_N_art00036_art00036_01418.tif,tif
C:\Users\kongeshwaran\AI GOVERNMENT SCHEME LEAKAGE DETECTOR\dataset\casia\CASIA2\Au\Au_art_30181.jpg,ORIGINAL,none_authentic,KAGGLE_CASIA_2_0,Au_art_30181.jpg,jpg
C:\Users\kongeshwaran\AI GOVERNMENT SCHEME LEAKAGE DETECTOR\dataset\casia\CASIA2\Tp\Tp_D_CRD_S_B_sec00049_ani00047_00070.tif,TAMPERED,splicing_or_copymove,KAGGLE_CASIA_2_0,Tp_D_CRD_S_B_sec00049_ani00047_00070.tif,tif
C:\Users\kongeshwaran\AI GOVERNMENT SCHEME LEAKAGE DETECTOR\dataset\casia\CASIA2\Au\Au_pla_30194.jpg,ORIGINAL,none_authentic,KAGGLE_CASIA_2_0,Au_pla_30194.jpg,jpg
C:\Users\kongeshwaran\AI GOVERNMENT SCHEME LEAKAGE DETECTOR\dataset\casia\CASIA2\Tp\Tp_S_NNN_S_N_pla00095_pla00095_00616.tif,TAMPERED,splicing_or_copymove,KAGGLE_CASIA_2_0,Tp_S_NNN_S_N_pla00095_pla00095_00616.tif,tif
C:\Users\kongeshwaran\AI GOVERNMENT SCHEME LEAKAGE DETECTOR\dataset\casia\CASIA2\Au\Au_art_10009.jpg,ORIGINAL,none_authentic,KAGGLE_CASIA_2_0,Au_art_10009.jpg,jpg
C:\Users\kongeshwaran\AI GOVERNMENT SCHEME LEAKAGE DETECTOR\dataset\casia\CASIA2\Au\Au_arc_20099.jpg,ORIGINAL,none_authentic,KAGGLE_CASIA_2_0,Au_arc_20099.jpg,jpg
C:\Users\kongeshwaran\AI GOVERNMENT SCHEME LEAKAGE DETECTOR\dataset\casia\CASIA2\Tp\Tp_S_NNN_S_B_cha20009_cha20009_02423.tif,TAMPERED,splicing_or_copymove,KAGGLE_CASIA_2_0,Tp_S_NNN_S_B_cha20009_cha20009_02423.tif,tif
C:\Users\kongeshwaran\AI GOVERNMENT SCHEME LEAKAGE DETECTOR\dataset\casia\CASIA2\Tp\Tp_D_NRN_S_B_arc00094_ani00100_00314.tif,TAMPERED,splicing_or_copymove,KAGGLE_CASIA_2_0,Tp_D_NRN_S_B_arc00094_ani00100_00314.tif,tif
C:\Users\kongeshwaran\AI GOVERNMENT SCHEME LEAKAGE DETECTOR\dataset\casia\CASIA2\Au\Au_sec_20099.jpg,ORIGINAL,none_authentic,KAGGLE_CASIA_2_0,Au_sec_20099.jpg,jpg
C:\Users\kongeshwaran\AI GOVERNMENT SCHEME LEAKAGE DETECTOR\dataset\casia\CASIA2\Tp\Tp_D_NRN_M_B_txt00030_ani00030_20110.jpg,TAMPERED,splicing_or_copymove,KAGGLE_CASIA_2_0,Tp_D_NRN_M_B_txt00030_ani00030_20110.jpg,jpg
C:\Users\kongeshwaran\AI GOVERNMENT SCHEME LEAKAGE DETECTOR\dataset\casia\CASIA2\Au\Au_ani_00095.jpg,ORIGINAL,none_authentic,KAGGLE_CASIA_2_0,Au_ani_00095.jpg,jpg
C:\Users\kongeshwaran\AI GOVERNMENT SCHEME LEAKAGE DETECTOR\dataset\casia\CASIA2\Au\Au_pla_30600.jpg,ORIGINAL,none_authentic,KAGGLE_CASIA_2_0,Au_pla_30600.jpg,jpg
C:\Users\kongeshwaran\AI GOVERNMENT SCHEME LEAKAGE DETECTOR\dataset\casia\CASIA2\Au\Au_art_30544.jpg,ORIGINAL,none_authentic,KAGGLE_CASIA_2_0,Au_art_30544.jpg,jpg
C:\Users\kongeshwaran\AI GOVERNMENT SCHEME LEAKAGE DETECTOR\dataset\casia\CASIA2\Tp\Tp_D_NNN_L_N_ani00010_nat00099_10217.tif,TAMPERED,splicing_or_copymove,KAGGLE_CASIA_2_0,Tp_D_NNN_L_N_ani00010_nat00099_10217.tif,tif
C:\Users\kongeshwaran\AI GOVERNMENT SCHEME LEAKAGE DETECTOR\dataset\casia\CASIA2\Tp\Tp_S_NNN_S_B_ani00082_ani00082_00202.tif,TAMPERED,splicing_or_copymove,KAGGLE_CASIA_2_0,Tp_S_NNN_S_B_ani00082_ani00082_00202.tif,tif
C:\Users\kongeshwaran\AI GOVERNMENT SCHEME LEAKAGE DETECTOR\dataset\casia\CASIA2\Tp\Tp_S_CNN_S_N_art00026_art00026_10736.jpg,TAMPERED,splicing_or_copymove,KAGGLE_CASIA_2_0,Tp_S_CNN_S_N_art00026_art00026_10736.jpg,jpg
C:\Users\kongeshwaran\AI GOVERNMENT SCHEME LEAKAGE DETECTOR\dataset\casia\CASIA2\Au\Au_cha_30116.jpg,ORIGINAL,none_authentic,KAGGLE_CASIA_2_0,Au_cha_30116.jpg,jpg
C:\Users\kongeshwaran\AI GOVERNMENT SCHEME LEAKAGE DETECTOR\dataset\casia\CASIA2\Tp\Tp_D_NRN_M_N_nat10150_nat10156_12030.jpg,TAMPERED,splicing_or_copymove,KAGGLE_CASIA_2_0,Tp_D_NRN_M_N_nat10150_nat10156_12030.jpg,jpg
C:\Users\kongeshwaran\AI GOVERNMENT SCHEME LEAKAGE DETECTOR\dataset\casia\CASIA2\Au\Au_nat_30290.jpg,ORIGINAL,none_authentic,KAGGLE_CASIA_2_0,Au_nat_30290.jpg,jpg
C:\Users\kongeshwaran\AI GOVERNMENT SCHEME LEAKAGE DETECTOR\dataset\casia\CASIA2\Tp\Tp_D_NRN_S_N_nat10158_ani00005_12026.jpg,TAMPERED,splicing_or_copymove,KAGGLE_CASIA_2_0,Tp_D_NRN_S_N_nat10158_ani00005_12026.jpg,jpg
C:\Users\kongeshwaran\AI GOVERNMENT SCHEME LEAKAGE DETECTOR\dataset\casia\CASIA2\Au\Au_pla_20038.jpg,ORIGINAL,none_authentic,KAGGLE_CASIA_2_0,Au_pla_20038.jpg,jpg
C:\Users\kongeshwaran\AI GOVERNMENT SCHEME LEAKAGE DETECTOR\dataset\casia\CASIA2\Tp\Tp_S_NNN_S_B_nat00085_nat00085_00987.tif,TAMPERED,splicing_or_copymove,KAGGLE_CASIA_2_0,Tp_S_NNN_S_B_nat00085_nat00085_00987.tif,tif
C:\Users\kongeshwaran\AI GOVERNMENT SCHEME LEAKAGE DETECTOR\dataset\casia\CASIA2\Tp\Tp_S_CNN_S_N_art00085_art00085_10283.tif,TAMPERED,splicing_or_copymove,KAGGLE_CASIA_2_0,Tp_S_CNN_S_N_art00085_art00085_10283.tif,tif
C:\Users\kongeshwaran\AI GOVERNMENT SCHEME LEAKAGE DETECTOR\dataset\casia\CASIA2\Au\Au_cha_30246.jpg,ORIGINAL,none_authentic,KAGGLE_CASIA_2_0,Au_cha_30246.jpg,jpg
C:\Users\kongeshwaran\AI GOVERNMENT SCHEME LEAKAGE DETECTOR\dataset\casia\CASIA2\Au\Au_cha_00071.jpg,ORIGINAL,none_authentic,KAGGLE_CASIA_2_0,Au_cha_00071.jpg,jpg
C:\Users\kongeshwaran\AI GOVERNMENT SCHEME LEAKAGE DETECTOR\dataset\casia\CASIA2\Au\Au_arc_30580.jpg,ORIGINAL,none_authentic,KAGGLE_CASIA_2_0,Au_arc_30580.jpg,jpg
C:\Users\kongeshwaran\AI GOVERNMENT SCHEME LEAKAGE DETECTOR\dataset\casia\CASIA2\Tp\Tp_S_CNN_S_N_ani20023_ani20023_02066.tif,TAMPERED,splicing_or_copymove,KAGGLE_CASIA_2_0,Tp_S_CNN_S_N_ani20023_ani20023_02066.tif,tif
C:\Users\kongeshwaran\AI GOVERNMENT SCHEME LEAKAGE DETECTOR\dataset\casia\CASIA2\Au\Au_pla_30152.jpg,ORIGINAL,none_authentic,KAGGLE_CASIA_2_0,Au_pla_30152.jpg,jpg
C:\Users\kongeshwaran\AI GOVERNMENT SCHEME LEAKAGE DETECTOR\dataset\casia\CASIA2\Tp\Tp_S_CRN_M_N_arc00036_arc00036_10088.tif,TAMPERED,splicing_or_copymove,KAGGLE_CASIA_2_0,Tp_S_CRN_M_N_arc00036_arc00036_10088.tif,tif
C:\Users\kongeshwaran\AI GOVERNMENT SCHEME LEAKAGE DETECTOR\dataset\casia\CASIA2\Au\Au_pla_30331.jpg,ORIGINAL,none_authentic,KAGGLE_CASIA_2_0,Au_pla_30331.jpg,jpg
C:\Users\kongeshwaran\AI GOVERNMENT SCHEME LEAKAGE DETECTOR\dataset\casia\CASIA2\Tp\Tp_S_NNN_S_N_cha20045_cha20045_02433.tif,TAMPERED,splicing_or_copymove,KAGGLE_CASIA_2_0,Tp_S_NNN_S_N_cha20045_cha20045_02433.tif,tif
C:\Users\kongeshwaran\AI GOVERNMENT SCHEME LEAKAGE DETECTOR\dataset\casia\CASIA2\Tp\Tp_S_NRN_S_N_arc20038_arc20038_01491.tif,TAMPERED,splicing_or_copymove,KAGGLE_CASIA_2_0,Tp_S_NRN_S_N_arc20038_arc20038_01491.tif,tif
C:\Users\kongeshwaran\AI GOVERNMENT SCHEME LEAKAGE DETECTOR\dataset\casia\CASIA2\Tp\Tp_S_NNN_S_N_ani00081_ani00081_00819.tif,TAMPERED,splicing_or_copymove,KAGGLE_CASIA_2_0,Tp_S_NNN_S_N_ani00081_ani00081_00819.tif,tif
C:\Users\kongeshwaran\AI GOVERNMENT SCHEME LEAKAGE DETECTOR\dataset\casia\CASIA2\Tp\Tp_S_NRD_S_N_ani00013_ani00013_00133.tif,TAMPERED,splicing_or_copymove,KAGGLE_CASIA_2_0,Tp_S_NRD_S_N_ani00013_ani00013_00133.tif,tif
C:\Users\kongeshwaran\AI GOVERNMENT SCHEME LEAKAGE DETECTOR\dataset\casia\CASIA2\Tp\Tp_S_NNN_S_N_arc20006_arc20006_01459.tif,TAMPERED,splicing_or_copymove,KAGGLE_CASIA_2_0,Tp_S_NNN_S_N_arc20006_arc20006_01459.tif,tif
C:\Users\kongeshwaran\AI GOVERNMENT SCHEME LEAKAGE DETECTOR\dataset\casia\CASIA2\Tp\Tp_S_CNN_S_N_art00021_art00021_01208.tif,TAMPERED,splicing_or_copymove,KAGGLE_CASIA_2_0,Tp_S_CNN_S_N_art00021_art00021_01208.tif,tif
C:\Users\kongeshwaran\AI GOVERNMENT SCHEME LEAKAGE DETECTOR\dataset\casia\CASIA2\Au\Au_cha_00031.jpg,ORIGINAL,none_authentic,KAGGLE_CASIA_2_0,Au_cha_00031.jpg,jpg
C:\Users\kongeshwaran\AI GOVERNMENT SCHEME LEAKAGE DETECTOR\dataset\casia\CASIA2\Tp\Tp_S_NNN_S_N_art00022_art00022_01209.tif,TAMPERED,splicing_or_copymove,KAGGLE_CASIA_2_0,Tp_S_NNN_S_N_art00022_art00022_01209.tif,tif
C:\Users\kongeshwaran\AI GOVERNMENT SCHEME LEAKAGE DETECTOR\dataset\casia\CASIA2\Tp\Tp_D_NRD_S_N_art00076_art00076_11709.jpg,TAMPERED,splicing_or_copymove,KAGGLE_CASIA_2_0,Tp_D_NRD_S_N_art00076_art00076_11709.jpg,jpg
C:\Users\kongeshwaran\AI GOVERNMENT SCHEME LEAKAGE DETECTOR\dataset\casia\CASIA2\Tp\Tp_S_NNN_S_B_cha20008_cha20008_02422.tif,TAMPERED,splicing_or_copymove,KAGGLE_CASIA_2_0,Tp_S_NNN_S_B_cha20008_cha20008_02422.tif,tif
C:\Users\kongeshwaran\AI GOVERNMENT SCHEME LEAKAGE DETECTOR\dataset\casia\CASIA2\Tp\Tp_D_NRN_S_N_sec00098_ani00100_11629.jpg,TAMPERED,splicing_or_copymove,KAGGLE_CASIA_2_0,Tp_D_NRN_S_N_sec00098_ani00100_11629.jpg,jpg
C:\Users\kongeshwaran\AI GOVERNMENT SCHEME LEAKAGE DETECTOR\dataset\casia\CASIA2\Au\Au_ani_00054.jpg,ORIGINAL,none_authentic,KAGGLE_CASIA_2_0,Au_ani_00054.jpg,jpg
C:\Users\kongeshwaran\AI GOVERNMENT SCHEME LEAKAGE DETECTOR\dataset\casia\CASIA2\Au\Au_pla_30103.jpg,ORIGINAL,none_authentic,KAGGLE_CASIA_2_0,Au_pla_30103.jpg,jpg
C:\Users\kongeshwaran\AI GOVERNMENT SCHEME LEAKAGE DETECTOR\dataset\casia\CASIA2\Tp\Tp_D_NNN_M_N_nat00061_nat10123_11440.jpg,TAMPERED,splicing_or_copymove,KAGGLE_CASIA_2_0,Tp_D_NNN_M_N_nat00061_nat10123_11440.jpg,jpg
C:\Users\kongeshwaran\AI GOVERNMENT SCHEME LEAKAGE DETECTOR\dataset\casia\CASIA2\Au\Au_pla_30269.jpg,ORIGINAL,none_authentic,KAGGLE_CASIA_2_0,Au_pla_30269.jpg,jpg
C:\Users\kongeshwaran\AI GOVERNMENT SCHEME LEAKAGE DETECTOR\dataset\casia\CASIA2\Au\Au_pla_30505.jpg,ORIGINAL,none_authentic,KAGGLE_CASIA_2_0,Au_pla_30505.jpg,jpg
C:\Users\kongeshwaran\AI GOVERNMENT SCHEME LEAKAGE DETECTOR\dataset\casia\CASIA2\Tp\Tp_S_NNN_S_N_ani20002_ani20002_01451.tif,TAMPERED,splicing_or_copymove,KAGGLE_CASIA_2_0,Tp_S_NNN_S_N_ani20002_ani20002_01451.tif,tif
C:\Users\kongeshwaran\AI GOVERNMENT SCHEME LEAKAGE DETECTOR\dataset\casia\CASIA2\Au\Au_txt_00073.jpg,ORIGINAL,none_authentic,KAGGLE_CASIA_2_0,Au_txt_00073.jpg,jpg
C:\Users\kongeshwaran\AI GOVERNMENT SCHEME LEAKAGE DETECTOR\dataset\casia\CASIA2\Tp\Tp_S_CRN_M_B_arc00100_arc00100_11192.jpg,TAMPERED,splicing_or_copymove,KAGGLE_CASIA_2_0,Tp_S_CRN_M_B_arc00100_arc00100_11192.jpg,jpg
C:\Users\kongeshwaran\AI GOVERNMENT SCHEME LEAKAGE DETECTOR\dataset\casia\CASIA2\Tp\Tp_S_NNN_S_B_ind20005_ind20005_02265.tif,TAMPERED,splicing_or_copymove,KAGGLE_CASIA_2_0,Tp_S_NNN_S_B_ind20005_ind20005_02265.tif,tif
C:\Users\kongeshwaran\AI GOVERNMENT SCHEME LEAKAGE DETECTOR\dataset\casia\CASIA2\Au\Au_sec_30432.jpg,ORIGINAL,none_authentic,KAGGLE_CASIA_2_0,Au_sec_30432.jpg,jpg
C:\Users\kongeshwaran\AI GOVERNMENT SCHEME LEAKAGE DETECTOR\dataset\casia\CASIA2\Au\Au_sec_30332.jpg,ORIGINAL,none_authentic,KAGGLE_CASIA_2_0,Au_sec_30332.jpg,jpg
C:\Users\kongeshwaran\AI GOVERNMENT SCHEME LEAKAGE DETECTOR\dataset\casia\CASIA2\Au\Au_art_30569.jpg,ORIGINAL,none_authentic,KAGGLE_CASIA_2_0,Au_art_30569.jpg,jpg
C:\Users\kongeshwaran\AI GOVERNMENT SCHEME LEAKAGE DETECTOR\dataset\casia\CASIA2\Au\Au_art_20068.jpg,ORIGINAL,none_authentic,KAGGLE_CASIA_2_0,Au_art_20068.jpg,jpg
C:\Users\kongeshwaran\AI GOVERNMENT SCHEME LEAKAGE DETECTOR\dataset\casia\CASIA2\Tp\Tp_S_NNN_S_N_pla20032_pla20032_01932.tif,TAMPERED,splicing_or_copymove,KAGGLE_CASIA_2_0,Tp_S_NNN_S_N_pla20032_pla20032_01932.tif,tif
C:\Users\kongeshwaran\AI GOVERNMENT SCHEME LEAKAGE DETECTOR\dataset\casia\CASIA2\Tp\Tp_S_NRN_S_N_ani10207_ani10207_12418.jpg,TAMPERED,splicing_or_copymove,KAGGLE_CASIA_2_0,Tp_S_NRN_S_N_ani10207_ani10207_12418.jpg,jpg
C:\Users\kongeshwaran\AI GOVERNMENT SCHEME LEAKAGE DETECTOR\dataset\casia\CASIA2\Tp\Tp_S_CNN_M_N_txt00042_txt00042_10830.jpg,TAMPERED,splicing_or_copymove,KAGGLE_CASIA_2_0,Tp_S_CNN_M_N_txt00042_txt00042_10830.jpg,jpg
C:\Users\kongeshwaran\AI GOVERNMENT SCHEME LEAKAGE DETECTOR\dataset\casia\CASIA2\Tp\Tp_S_NRN_S_N_art00019_art00019_10275.tif,TAMPERED,splicing_or_copymove,KAGGLE_CASIA_2_0,Tp_S_NRN_S_N_art00019_art00019_10275.tif,tif
C:\Users\kongeshwaran\AI GOVERNMENT SCHEME LEAKAGE DETECTOR\dataset\casia\CASIA2\Tp\Tp_D_NNN_S_B_ind00070_cha00089_00471.tif,TAMPERED,splicing_or_copymove,KAGGLE_CASIA_2_0,Tp_D_NNN_S_B_ind00070_cha00089_00471.tif,tif
C:\Users\kongeshwaran\AI GOVERNMENT SCHEME LEAKAGE DETECTOR\dataset\casia\CASIA2\Tp\Tp_S_CNN_S_N_cha10140_cha10140_12197.jpg,TAMPERED,splicing_or_copymove,KAGGLE_CASIA_2_0,Tp_S_CNN_S_N_cha10140_cha10140_12197.jpg,jpg
C:\Users\kongeshwaran\AI GOVERNMENT SCHEME LEAKAGE DETECTOR\dataset\casia\CASIA2\Tp\Tp_S_NNN_S_N_ind20062_ind20062_02304.tif,TAMPERED,splicing_or_copymove,KAGGLE_CASIA_2_0,Tp_S_NNN_S_N_ind20062_ind20062_02304.tif,tif
C:\Users\kongeshwaran\AI GOVERNMENT SCHEME LEAKAGE DETECTOR\dataset\casia\CASIA2\Au\Au_sec_30396.jpg,ORIGINAL,none_authentic,KAGGLE_CASIA_2_0,Au_sec_30396.jpg,jpg
C:\Users\kongeshwaran\AI GOVERNMENT SCHEME LEAKAGE DETECTOR\dataset\casia\CASIA2\Au\Au_ani_30641.jpg,ORIGINAL,none_authentic,KAGGLE_CASIA_2_0,Au_ani_30641.jpg,jpg
C:\Users\kongeshwaran\AI GOVERNMENT SCHEME LEAKAGE DETECTOR\dataset\casia\CASIA2\Tp\Tp_D_CNN_M_N_art00052_arc00030_11853.jpg,TAMPERED,splicing_or_copymove,KAGGLE_CASIA_2_0,Tp_D_CNN_M_N_art00052_arc00030_11853.jpg,jpg
C:\Users\kongeshwaran\AI GOVERNMENT SCHEME LEAKAGE DETECTOR\dataset\casia\CASIA2\Au\Au_art_00025.jpg,ORIGINAL,none_authentic,KAGGLE_CASIA_2_0,Au_art_00025.jpg,jpg
C:\Users\kongeshwaran\AI GOVERNMENT SCHEME LEAKAGE DETECTOR\dataset\casia\CASIA2\Tp\Tp_S_CNN_S_N_pla20068_pla20068_01968.tif,TAMPERED,splicing_or_copymove,KAGGLE_CASIA_2_0,Tp_S_CNN_S_N_pla20068_pla20068_01968.tif,tif
C:\Users\kongeshwaran\AI GOVERNMENT SCHEME LEAKAGE DETECTOR\dataset\casia\CASIA2\Au\Au_ani_30177.jpg,ORIGINAL,none_authentic,KAGGLE_CASIA_2_0,Au_ani_30177.jpg,jpg
C:\Users\kongeshwaran\AI GOVERNMENT SCHEME LEAKAGE DETECTOR\dataset\casia\CASIA2\Au\Au_arc_30013.jpg,ORIGINAL,none_authentic,KAGGLE_CASIA_2_0,Au_arc_30013.jpg,jpg
C:\Users\kongeshwaran\AI GOVERNMENT SCHEME LEAKAGE DETECTOR\dataset\casia\CASIA2\Tp\Tp_S_NNN_S_N_ind20033_ind20033_02287.tif,TAMPERED,splicing_or_copymove,KAGGLE_CASIA_2_0,Tp_S_NNN_S_N_ind20033_ind20033_02287.tif,tif
C:\Users\kongeshwaran\AI GOVERNMENT SCHEME LEAKAGE DETECTOR\dataset\casia\CASIA2\Au\Au_arc_30841.jpg,ORIGINAL,none_authentic,KAGGLE_CASIA_2_0,Au_arc_30841.jpg,jpg
C:\Users\kongeshwaran\AI GOVERNMENT SCHEME LEAKAGE DETECTOR\dataset\casia\CASIA2\Tp\Tp_D_CRN_M_N_ani10120_ani00100_11639.jpg,TAMPERED,splicing_or_copymove,KAGGLE_CASIA_2_0,Tp_D_CRN_M_N_ani10120_ani00100_11639.jpg,jpg
C:\Users\kongeshwaran\AI GOVERNMENT SCHEME LEAKAGE DETECTOR\dataset\casia\CASIA2\Au\Au_ani_30404.jpg,ORIGINAL,none_authentic,KAGGLE_CASIA_2_0,Au_ani_30404.jpg,jpg
C:\Users\kongeshwaran\AI GOVERNMENT SCHEME LEAKAGE DETECTOR\dataset\casia\CASIA2\Au\Au_ani_30725.jpg,ORIGINAL,none_authentic,KAGGLE_CASIA_2_0,Au_ani_30725.jpg,jpg
C:\Users\kongeshwaran\AI GOVERNMENT SCHEME LEAKAGE DETECTOR\dataset\casia\CASIA2\Au\Au_pla_30648.jpg,ORIGINAL,none_authentic,KAGGLE_CASIA_2_0,Au_pla_30648.jpg,jpg
C:\Users\kongeshwaran\AI GOVERNMENT SCHEME LEAKAGE DETECTOR\dataset\casia\CASIA2\Au\Au_ani_30272.jpg,ORIGINAL,none_authentic,KAGGLE_CASIA_2_0,Au_ani_30272.jpg,jpg
C:\Users\kongeshwaran\AI GOVERNMENT SCHEME LEAKAGE DETECTOR\dataset\casia\CASIA2\Tp\Tp_S_CND_S_N_art00094_art00094_10403.tif,TAMPERED,splicing_or_copymove,KAGGLE_CASIA_2_0,Tp_S_CND_S_N_art00094_art00094_10403.tif,tif
C:\Users\kongeshwaran\AI GOVERNMENT SCHEME LEAKAGE DETECTOR\dataset\casia\CASIA2\Au\Au_pla_10125.JPG,ORIGINAL,none_authentic,KAGGLE_CASIA_2_0,Au_pla_10125.JPG,jpg
C:\Users\kongeshwaran\AI GOVERNMENT SCHEME LEAKAGE DETECTOR\dataset\casia\CASIA2\Tp\Tp_D_NRN_M_N_art00025_cha00028_11683.jpg,TAMPERED,splicing_or_copymove,KAGGLE_CASIA_2_0,Tp_D_NRN_M_N_art00025_cha00028_11683.jpg,jpg
C:\Users\kongeshwaran\AI GOVERNMENT SCHEME LEAKAGE DETECTOR\dataset\casia\CASIA2\Au\Au_pla_20053.jpg,ORIGINAL,none_authentic,KAGGLE_CASIA_2_0,Au_pla_20053.jpg,jpg
C:\Users\kongeshwaran\AI GOVERNMENT SCHEME LEAKAGE DETECTOR\dataset\casia\CASIA2\Au\Au_sec_30122.jpg,ORIGINAL,none_authentic,KAGGLE_CASIA_2_0,Au_sec_30122.jpg,jpg
C:\Users\kongeshwaran\AI GOVERNMENT SCHEME LEAKAGE DETECTOR\dataset\casia\CASIA2\Au\Au_nat_30158.jpg,ORIGINAL,none_authentic,KAGGLE_CASIA_2_0,Au_nat_30158.jpg,jpg
C:\Users\kongeshwaran\AI GOVERNMENT SCHEME LEAKAGE DETECTOR\dataset\casia\CASIA2\Tp\Tp_S_NNN_S_N_ani00100_ani00100_00805.tif,TAMPERED,splicing_or_copymove,KAGGLE_CASIA_2_0,Tp_S_NNN_S_N_ani00100_ani00100_00805.tif,tif
C:\Users\kongeshwaran\AI GOVERNMENT SCHEME LEAKAGE DETECTOR\dataset\casia\CASIA2\Tp\Tp_S_NRN_S_N_ind00040_ind00040_00451.tif,TAMPERED,splicing_or_copymove,KAGGLE_CASIA_2_0,Tp_S_NRN_S_N_ind00040_ind00040_00451.tif,tif
C:\Users\kongeshwaran\AI GOVERNMENT SCHEME LEAKAGE DETECTOR\dataset\casia\CASIA2\Tp\Tp_D_NRN_S_N_art00091_cha00063_00535.tif,TAMPERED,splicing_or_copymove,KAGGLE_CASIA_2_0,Tp_D_NRN_S_N_art00091_cha00063_00535.tif,tif
C:\Users\kongeshwaran\AI GOVERNMENT SCHEME LEAKAGE DETECTOR\dataset\casia\CASIA2\Tp\Tp_S_CNN_S_N_ani20032_ani20032_02075.tif,TAMPERED,splicing_or_copymove,KAGGLE_CASIA_2_0,Tp_S_CNN_S_N_ani20032_ani20032_02075.tif,tif
C:\Users\kongeshwaran\AI GOVERNMENT SCHEME LEAKAGE DETECTOR\dataset\casia\CASIA2\Au\Au_art_10010.jpg,ORIGINAL,none_authentic,KAGGLE_CASIA_2_0,Au_art_10010.jpg,jpg
C:\Users\kongeshwaran\AI GOVERNMENT SCHEME LEAKAGE DETECTOR\dataset\casia\CASIA2\Tp\Tp_S_NNN_S_N_arc20031_arc20031_02171.tif,TAMPERED,splicing_or_copymove,KAGGLE_CASIA_2_0,Tp_S_NNN_S_N_arc20031_arc20031_02171.tif,tif
C:\Users\kongeshwaran\AI GOVERNMENT SCHEME LEAKAGE DETECTOR\dataset\casia\CASIA2\Au\Au_art_00043.jpg,ORIGINAL,none_authentic,KAGGLE_CASIA_2_0,Au_art_00043.jpg,jpg
C:\Users\kongeshwaran\AI GOVERNMENT SCHEME LEAKAGE DETECTOR\dataset\casia\CASIA2\Au\Au_nat_30202.jpg,ORIGINAL,none_authentic,KAGGLE_CASIA_2_0,Au_nat_30202.jpg,jpg
C:\Users\kongeshwaran\AI GOVERNMENT SCHEME LEAKAGE DETECTOR\dataset\casia\CASIA2\Au\Au_arc_30303.jpg,ORIGINAL,none_authentic,KAGGLE_CASIA_2_0,Au_arc_30303.jpg,jpg
C:\Users\kongeshwaran\AI GOVERNMENT SCHEME LEAKAGE DETECTOR\dataset\casia\CASIA2\Au\Au_ani_30694.jpg,ORIGINAL,none_authentic,KAGGLE_CASIA_2_0,Au_ani_30694.jpg,jpg
C:\Users\kongeshwaran\AI GOVERNMENT SCHEME LEAKAGE DETECTOR\dataset\casia\CASIA2\Tp\Tp_S_NRN_S_N_ind00022_ind00022_10707.jpg,TAMPERED,splicing_or_copymove,KAGGLE_CASIA_2_0,Tp_S_NRN_S_N_ind00022_ind00022_10707.jpg,jpg
C:\Users\kongeshwaran\AI GOVERNMENT SCHEME LEAKAGE DETECTOR\dataset\casia\CASIA2\Au\Au_ani_30542.jpg,ORIGINAL,none_authentic,KAGGLE_CASIA_2_0,Au_ani_30542.jpg,jpg
C:\Users\kongeshwaran\AI GOVERNMENT SCHEME LEAKAGE DETECTOR\dataset\casia\CASIA2\Tp\Tp_S_NRN_S_N_txt00061_txt00061_01283.tif,TAMPERED,splicing_or_copymove,KAGGLE_CASIA_2_0,Tp_S_NRN_S_N_txt00061_txt00061_01283.tif,tif
C:\Users\kongeshwaran\AI GOVERNMENT SCHEME LEAKAGE DETECTOR\dataset\casia\CASIA2\Au\Au_arc_20083.jpg,ORIGINAL,none_authentic,KAGGLE_CASIA_2_0,Au_arc_20083.jpg,jpg
C:\Users\kongeshwaran\AI GOVERNMENT SCHEME LEAKAGE DETECTOR\dataset\casia\CASIA2\Tp\Tp_S_NNN_S_N_art20011_art20011_02339.tif,TAMPERED,splicing_or_copymove,KAGGLE_CASIA_2_0,Tp_S_NNN_S_N_art20011_art20011_02339.tif,tif
C:\Users\kongeshwaran\AI GOVERNMENT SCHEME LEAKAGE DETECTOR\dataset\casia\CASIA2\Au\Au_art_30188.jpg,ORIGINAL,none_authentic,KAGGLE_CASIA_2_0,Au_art_30188.jpg,jpg
C:\Users\kongeshwaran\AI GOVERNMENT SCHEME LEAKAGE DETECTOR\dataset\casia\CASIA2\Au\Au_art_30048.jpg,ORIGINAL,none_authentic,KAGGLE_CASIA_2_0,Au_art_30048.jpg,jpg
C:\Users\kongeshwaran\AI GOVERNMENT SCHEME LEAKAGE DETECTOR\dataset\casia\CASIA2\Tp\Tp_S_NNN_S_N_sec00007_sec00007_10788.jpg,TAMPERED,splicing_or_copymove,KAGGLE_CASIA_2_0,Tp_S_NNN_S_N_sec00007_sec00007_10788.jpg,jpg
C:\Users\kongeshwaran\AI GOVERNMENT SCHEME LEAKAGE DETECTOR\dataset\casia\CASIA2\Tp\Tp_S_CNN_M_N_art00031_art00031_10472.tif,TAMPERED,splicing_or_copymove,KAGGLE_CASIA_2_0,Tp_S_CNN_M_N_art00031_art00031_10472.tif,tif
C:\Users\kongeshwaran\AI GOVERNMENT SCHEME LEAKAGE DETECTOR\dataset\casia\CASIA2\Au\Au_cha_10158.jpg,ORIGINAL,none_authentic,KAGGLE_CASIA_2_0,Au_cha_10158.jpg,jpg
C:\Users\kongeshwaran\AI GOVERNMENT SCHEME LEAKAGE DETECTOR\dataset\casia\CASIA2\Tp\Tp_D_NRN_S_N_arc00071_art10102_11178.jpg,TAMPERED,splicing_or_copymove,KAGGLE_CASIA_2_0,Tp_D_NRN_S_N_arc00071_art10102_11178.jpg,jpg
C:\Users\kongeshwaran\AI GOVERNMENT SCHEME LEAKAGE DETECTOR\dataset\casia\CASIA2\Tp\Tp_S_CRN_M_N_arc00072_arc00072_10265.tif,TAMPERED,splicing_or_copymove,KAGGLE_CASIA_2_0,Tp_S_CRN_M_N_arc00072_arc00072_10265.tif,tif
C:\Users\kongeshwaran\AI GOVERNMENT SCHEME LEAKAGE DETECTOR\dataset\casia\CASIA2\Tp\Tp_S_NNN_S_N_art20080_art20080_02315.tif,TAMPERED,splicing_or_copymove,KAGGLE_CASIA_2_0,Tp_S_NNN_S_N_art20080_art20080_02315.tif,tif
C:\Users\kongeshwaran\AI GOVERNMENT SCHEME LEAKAGE DETECTOR\dataset\casia\CASIA2\Au\Au_sec_00097.jpg,ORIGINAL,none_authentic,KAGGLE_CASIA_2_0,Au_sec_00097.jpg,jpg
C:\Users\kongeshwaran\AI GOVERNMENT SCHEME LEAKAGE DETECTOR\dataset\casia\CASIA2\Tp\Tp_D_NRN_S_B_sec00012_sec00017_00032.tif,TAMPERED,splicing_or_copymove,KAGGLE_CASIA_2_0,Tp_D_NRN_S_B_sec00012_sec00017_00032.tif,tif
C:\Users\kongeshwaran\AI GOVERNMENT SCHEME LEAKAGE DETECTOR\dataset\casia\CASIA2\Au\Au_art_30577.jpg,ORIGINAL,none_authentic,KAGGLE_CASIA_2_0,Au_art_30577.jpg,jpg
C:\Users\kongeshwaran\AI GOVERNMENT SCHEME LEAKAGE DETECTOR\dataset\casia\CASIA2\Au\Au_ind_30143.jpg,ORIGINAL,none_authentic,KAGGLE_CASIA_2_0,Au_ind_30143.jpg,jpg
C:\Users\kongeshwaran\AI GOVERNMENT SCHEME LEAKAGE DETECTOR\dataset\casia\CASIA2\Au\Au_sec_30444.jpg,ORIGINAL,none_authentic,KAGGLE_CASIA_2_0,Au_sec_30444.jpg,jpg
C:\Users\kongeshwaran\AI GOVERNMENT SCHEME LEAKAGE DETECTOR\dataset\casia\CASIA2\Au\Au_pla_30650.jpg,ORIGINAL,none_authentic,KAGGLE_CASIA_2_0,Au_pla_30650.jpg,jpg
C:\Users\kongeshwaran\AI GOVERNMENT SCHEME LEAKAGE DETECTOR\dataset\casia\CASIA2\Au\Au_arc_30403.jpg,ORIGINAL,none_authentic,KAGGLE_CASIA_2_0,Au_arc_30403.jpg,jpg
C:\Users\kongeshwaran\AI GOVERNMENT SCHEME LEAKAGE DETECTOR\dataset\casia\CASIA2\Au\Au_nat_20018.jpg,ORIGINAL,none_authentic,KAGGLE_CASIA_2_0,Au_nat_20018.jpg,jpg
C:\Users\kongeshwaran\AI GOVERNMENT SCHEME LEAKAGE DETECTOR\dataset\casia\CASIA2\Au\Au_sec_30223.jpg,ORIGINAL,none_authentic,KAGGLE_CASIA_2_0,Au_sec_30223.jpg,jpg
C:\Users\kongeshwaran\AI GOVERNMENT SCHEME LEAKAGE DETECTOR\dataset\casia\CASIA2\Tp\Tp_S_NNN_S_N_sec00084_sec00084_10353.tif,TAMPERED,splicing_or_copymove,KAGGLE_CASIA_2_0,Tp_S_NNN_S_N_sec00084_sec00084_10353.tif,tif
C:\Users\kongeshwaran\AI GOVERNMENT SCHEME LEAKAGE DETECTOR\dataset\casia\CASIA2\Tp\Tp_S_CNN_S_N_pla00032_pla00032_10993.jpg,TAMPERED,splicing_or_copymove,KAGGLE_CASIA_2_0,Tp_S_CNN_S_N_pla00032_pla00032_10993.jpg,jpg
C:\Users\kongeshwaran\AI GOVERNMENT SCHEME LEAKAGE DETECTOR\dataset\casia\CASIA2\Au\Au_sec_30184.jpg,ORIGINAL,none_authentic,KAGGLE_CASIA_2_0,Au_sec_30184.jpg,jpg
C:\Users\kongeshwaran\AI GOVERNMENT SCHEME LEAKAGE DETECTOR\dataset\casia\CASIA2\Tp\Tp_D_NND_S_B_ind00003_cha00040_00423.tif,TAMPERED,splicing_or_copymove,KAGGLE_CASIA_2_0,Tp_D_NND_S_B_ind00003_cha00040_00423.tif,tif
C:\Users\kongeshwaran\AI GOVERNMENT SCHEME LEAKAGE DETECTOR\dataset\casia\CASIA2\Tp\Tp_S_NRD_S_B_ind00051_ind00051_00902.tif,TAMPERED,splicing_or_copymove,KAGGLE_CASIA_2_0,Tp_S_NRD_S_B_ind00051_ind00051_00902.tif,tif
C:\Users\kongeshwaran\AI GOVERNMENT SCHEME LEAKAGE DETECTOR\dataset\casia\CASIA2\Au\Au_pla_30073.jpg,ORIGINAL,none_authentic,KAGGLE_CASIA_2_0,Au_pla_30073.jpg,jpg
C:\Users\kongeshwaran\AI GOVERNMENT SCHEME LEAKAGE DETECTOR\dataset\casia\CASIA2\Tp\Tp_S_NND_S_N_pla00079_pla00079_01182.tif,TAMPERED,splicing_or_copymove,KAGGLE_CASIA_2_0,Tp_S_NND_S_N_pla00079_pla00079_01182.tif,tif
C:\Users\kongeshwaran\AI GOVERNMENT SCHEME LEAKAGE DETECTOR\dataset\casia\CASIA2\Tp\Tp_D_NRD_S_N_art00005_art00076_11791.jpg,TAMPERED,splicing_or_copymove,KAGGLE_CASIA_2_0,Tp_D_NRD_S_N_art00005_art00076_11791.jpg,jpg
C:\Users\kongeshwaran\AI GOVERNMENT SCHEME LEAKAGE DETECTOR\dataset\casia\CASIA2\Au\Au_ani_30284.jpg,ORIGINAL,none_authentic,KAGGLE_CASIA_2_0,Au_ani_30284.jpg,jpg
C:\Users\kongeshwaran\AI GOVERNMENT SCHEME LEAKAGE DETECTOR\dataset\casia\CASIA2\Tp\Tp_D_NRN_S_N_pla00048_pla00033_10989.jpg,TAMPERED,splicing_or_copymove,KAGGLE_CASIA_2_0,Tp_D_NRN_S_N_pla00048_pla00033_10989.jpg,jpg
C:\Users\kongeshwaran\AI GOVERNMENT SCHEME LEAKAGE DETECTOR\dataset\casia\CASIA2\Au\Au_cha_30374.jpg,ORIGINAL,none_authentic,KAGGLE_CASIA_2_0,Au_cha_30374.jpg,jpg
C:\Users\kongeshwaran\AI GOVERNMENT SCHEME LEAKAGE DETECTOR\dataset\casia\CASIA2\Tp\Tp_S_NRN_S_B_cha10111_cha10111_11690.jpg,TAMPERED,splicing_or_copymove,KAGGLE_CASIA_2_0,Tp_S_NRN_S_B_cha10111_cha10111_11690.jpg,jpg
C:\Users\kongeshwaran\AI GOVERNMENT SCHEME LEAKAGE DETECTOR\dataset\casia\CASIA2\Au\Au_nat_00060.jpg,ORIGINAL,none_authentic,KAGGLE_CASIA_2_0,Au_nat_00060.jpg,jpg
C:\Users\kongeshwaran\AI GOVERNMENT SCHEME LEAKAGE DETECTOR\dataset\casia\CASIA2\Au\Au_txt_00025.jpg,ORIGINAL,none_authentic,KAGGLE_CASIA_2_0,Au_txt_00025.jpg,jpg
C:\Users\kongeshwaran\AI GOVERNMENT SCHEME LEAKAGE DETECTOR\dataset\casia\CASIA2\Tp\Tp_S_NNN_S_N_arc00015_arc00015_01113.tif,TAMPERED,splicing_or_copymove,KAGGLE_CASIA_2_0,Tp_S_NNN_S_N_arc00015_arc00015_01113.tif,tif
C:\Users\kongeshwaran\AI GOVERNMENT SCHEME LEAKAGE DETECTOR\dataset\casia\CASIA2\Tp\Tp_D_CRN_S_N_pla00100_sec00097_11289.jpg,TAMPERED,splicing_or_copymove,KAGGLE_CASIA_2_0,Tp_D_CRN_S_N_pla00100_sec00097_11289.jpg,jpg
C:\Users\kongeshwaran\AI GOVERNMENT SCHEME LEAKAGE DETECTOR\dataset\casia\CASIA2\Au\Au_cha_10203.jpg,ORIGINAL,none_authentic,KAGGLE_CASIA_2_0,Au_cha_10203.jpg,jpg
C:\Users\kongeshwaran\AI GOVERNMENT SCHEME LEAKAGE DETECTOR\dataset\casia\CASIA2\Tp\Tp_S_CRN_S_B_arc00001_arc00001_11183.jpg,TAMPERED,splicing_or_copymove,KAGGLE_CASIA_2_0,Tp_S_CRN_S_B_arc00001_arc00001_11183.jpg,jpg
C:\Users\kongeshwaran\AI GOVERNMENT SCHEME LEAKAGE DETECTOR\dataset\casia\CASIA2\Au\Au_arc_20028.jpg,ORIGINAL,none_authentic,KAGGLE_CASIA_2_0,Au_arc_20028.jpg,jpg
C:\Users\kongeshwaran\AI GOVERNMENT SCHEME LEAKAGE DETECTOR\dataset\casia\CASIA2\Tp\Tp_S_NRN_S_B_nat20014_nat20014_01518.tif,TAMPERED,splicing_or_copymove,KAGGLE_CASIA_2_0,Tp_S_NRN_S_B_nat20014_nat20014_01518.tif,tif
C:\Users\kongeshwaran\AI GOVERNMENT SCHEME LEAKAGE DETECTOR\dataset\casia\CASIA2\Tp\Tp_S_CNN_M_N_art00057_art00057_10292.tif,TAMPERED,splicing_or_copymove,KAGGLE_CASIA_2_0,Tp_S_CNN_M_N_art00057_art00057_10292.tif,tif
C:\Users\kongeshwaran\AI GOVERNMENT SCHEME LEAKAGE DETECTOR\dataset\casia\CASIA2\Tp\Tp_S_NNN_S_N_art00076_art00076_00530.tif,TAMPERED,splicing_or_copymove,KAGGLE_CASIA_2_0,Tp_S_NNN_S_N_art00076_art00076_00530.tif,tif
C:\Users\kongeshwaran\AI GOVERNMENT SCHEME LEAKAGE DETECTOR\dataset\casia\CASIA2\Au\Au_pla_30099.jpg,ORIGINAL,none_authentic,KAGGLE_CASIA_2_0,Au_pla_30099.jpg,jpg
C:\Users\kongeshwaran\AI GOVERNMENT SCHEME LEAKAGE DETECTOR\dataset\casia\CASIA2\Tp\Tp_S_CNN_M_N_sec00019_sec00019_10796.jpg,TAMPERED,splicing_or_copymove,KAGGLE_CASIA_2_0,Tp_S_CNN_M_N_sec00019_sec00019_10796.jpg,jpg
C:\Users\kongeshwaran\AI GOVERNMENT SCHEME LEAKAGE DETECTOR\dataset\casia\CASIA2\Tp\Tp_S_NND_S_N_art00092_art00092_00006.tif,TAMPERED,splicing_or_copymove,KAGGLE_CASIA_2_0,Tp_S_NND_S_N_art00092_art00092_00006.tif,tif
C:\Users\kongeshwaran\AI GOVERNMENT SCHEME LEAKAGE DETECTOR\dataset\casia\CASIA2\Au\Au_ani_30227.jpg,ORIGINAL,none_authentic,KAGGLE_CASIA_2_0,Au_ani_30227.jpg,jpg
C:\Users\kongeshwaran\AI GOVERNMENT SCHEME LEAKAGE DETECTOR\dataset\casia\CASIA2\Tp\Tp_S_NNN_S_N_sec00001_sec00001_00768.tif,TAMPERED,splicing_or_copymove,KAGGLE_CASIA_2_0,Tp_S_NNN_S_N_sec00001_sec00001_00768.tif,tif
C:\Users\kongeshwaran\AI GOVERNMENT SCHEME LEAKAGE DETECTOR\dataset\casia\CASIA2\Tp\Tp_D_NRN_S_B_ind00063_ani00069_00466.tif,TAMPERED,splicing_or_copymove,KAGGLE_CASIA_2_0,Tp_D_NRN_S_B_ind00063_ani00069_00466.tif,tif
C:\Users\kongeshwaran\AI GOVERNMENT SCHEME LEAKAGE DETECTOR\dataset\casia\CASIA2\Au\Au_ind_30112.jpg,ORIGINAL,none_authentic,KAGGLE_CASIA_2_0,Au_ind_30112.jpg,jpg
C:\Users\kongeshwaran\AI GOVERNMENT SCHEME LEAKAGE DETECTOR\dataset\casia\CASIA2\Tp\Tp_S_CRN_M_N_art00063_art00063_10525.tif,TAMPERED,splicing_or_copymove,KAGGLE_CASIA_2_0,Tp_S_CRN_M_N_art00063_art00063_10525.tif,tif
C:\Users\kongeshwaran\AI GOVERNMENT SCHEME LEAKAGE DETECTOR\dataset\casia\CASIA2\Tp\Tp_S_CRN_S_N_art20075_art20075_02318.tif,TAMPERED,splicing_or_copymove,KAGGLE_CASIA_2_0,Tp_S_CRN_S_N_art20075_art20075_02318.tif,tif
C:\Users\kongeshwaran\AI GOVERNMENT SCHEME LEAKAGE DETECTOR\dataset\casia\CASIA2\Tp\Tp_D_NRN_M_N_nat10114_cha00052_11365.jpg,TAMPERED,splicing_or_copymove,KAGGLE_CASIA_2_0,Tp_D_NRN_M_N_nat10114_cha00052_11365.jpg,jpg
C:\Users\kongeshwaran\AI GOVERNMENT SCHEME LEAKAGE DETECTOR\dataset\casia\CASIA2\Tp\Tp_S_NRN_M_N_sec00061_sec00061_11263.jpg,TAMPERED,splicing_or_copymove,KAGGLE_CASIA_2_0,Tp_S_NRN_M_N_sec00061_sec00061_11263.jpg,jpg
C:\Users\kongeshwaran\AI GOVERNMENT SCHEME LEAKAGE DETECTOR\dataset\casia\CASIA2\Au\Au_arc_30503.jpg,ORIGINAL,none_authentic,KAGGLE_CASIA_2_0,Au_arc_30503.jpg,jpg
C:\Users\kongeshwaran\AI GOVERNMENT SCHEME LEAKAGE DETECTOR\dataset\casia\CASIA2\Tp\Tp_D_NRN_S_B_arc00090_ani00096_00310.tif,TAMPERED,splicing_or_copymove,KAGGLE_CASIA_2_0,Tp_D_NRN_S_B_arc00090_ani00096_00310.tif,tif
C:\Users\kongeshwaran\AI GOVERNMENT SCHEME LEAKAGE DETECTOR\dataset\casia\CASIA2\Tp\Tp_S_CNN_M_N_pla00080_pla00080_10458.tif,TAMPERED,splicing_or_copymove,KAGGLE_CASIA_2_0,Tp_S_CNN_M_N_pla00080_pla00080_10458.tif,tif
C:\Users\kongeshwaran\AI GOVERNMENT SCHEME LEAKAGE DETECTOR\dataset\casia\CASIA2\Au\Au_arc_30466.jpg,ORIGINAL,none_authentic,KAGGLE_CASIA_2_0,Au_arc_30466.jpg,jpg
C:\Users\kongeshwaran\AI GOVERNMENT SCHEME LEAKAGE DETECTOR\dataset\casia\CASIA2\Tp\Tp_S_NNN_S_N_sec20011_sec20011_02120.tif,TAMPERED,splicing_or_copymove,KAGGLE_CASIA_2_0,Tp_S_NNN_S_N_sec20011_sec20011_02120.tif,tif
C:\Users\kongeshwaran\AI GOVERNMENT SCHEME LEAKAGE DETECTOR\dataset\casia\CASIA2\Tp\Tp_S_NRN_S_N_pla00056_pla00056_01165.tif,TAMPERED,splicing_or_copymove,KAGGLE_CASIA_2_0,Tp_S_NRN_S_N_pla00056_pla00056_01165.tif,tif
C:\Users\kongeshwaran\AI GOVERNMENT SCHEME LEAKAGE DETECTOR\dataset\casia\CASIA2\Au\Au_txt_30015.jpg,ORIGINAL,none_authentic,KAGGLE_CASIA_2_0,Au_txt_30015.jpg,jpg
C:\Users\kongeshwaran\AI GOVERNMENT SCHEME LEAKAGE DETECTOR\dataset\casia\CASIA2\Au\Au_ind_30160.jpg,ORIGINAL,none_authentic,KAGGLE_CASIA_2_0,Au_ind_30160.jpg,jpg
C:\Users\kongeshwaran\AI GOVERNMENT SCHEME LEAKAGE DETECTOR\dataset\casia\CASIA2\Tp\Tp_S_CNN_S_N_pla20059_pla20059_01959.tif,TAMPERED,splicing_or_copymove,KAGGLE_CASIA_2_0,Tp_S_CNN_S_N_pla20059_pla20059_01959.tif,tif
C:\Users\kongeshwaran\AI GOVERNMENT SCHEME LEAKAGE DETECTOR\dataset\casia\CASIA2\Tp\Tp_D_CRN_S_O_cha00030_ani00068_10042.tif,TAMPERED,splicing_or_copymove,KAGGLE_CASIA_2_0,Tp_D_CRN_S_O_cha00030_ani00068_10042.tif,tif
C:\Users\kongeshwaran\AI GOVERNMENT SCHEME LEAKAGE DETECTOR\dataset\casia\CASIA2\Tp\Tp_S_NRN_M_N_art00025_art00025_10550.tif,TAMPERED,splicing_or_copymove,KAGGLE_CASIA_2_0,Tp_S_NRN_M_N_art00025_art00025_10550.tif,tif
C:\Users\kongeshwaran\AI GOVERNMENT SCHEME LEAKAGE DETECTOR\dataset\casia\CASIA2\Tp\Tp_S_NRD_S_B_sec00089_sec00089_01435.tif,TAMPERED,splicing_or_copymove,KAGGLE_CASIA_2_0,Tp_S_NRD_S_B_sec00089_sec00089_01435.tif,tif
C:\Users\kongeshwaran\AI GOVERNMENT SCHEME LEAKAGE DETECTOR\dataset\casia\CASIA2\Tp\Tp_D_NRN_S_O_arc00052_cha00023_00272.tif,TAMPERED,splicing_or_copymove,KAGGLE_CASIA_2_0,Tp_D_NRN_S_O_arc00052_cha00023_00272.tif,tif
C:\Users\kongeshwaran\AI GOVERNMENT SCHEME LEAKAGE DETECTOR\dataset\casia\CASIA2\Au\Au_cha_00019.jpg,ORIGINAL,none_authentic,KAGGLE_CASIA_2_0,Au_cha_00019.jpg,jpg
C:\Users\kongeshwaran\AI GOVERNMENT SCHEME LEAKAGE DETECTOR\dataset\casia\CASIA2\Au\Au_arc_30304.jpg,ORIGINAL,none_authentic,KAGGLE_CASIA_2_0,Au_arc_30304.jpg,jpg
C:\Users\kongeshwaran\AI GOVERNMENT SCHEME LEAKAGE DETECTOR\dataset\casia\CASIA2\Au\Au_txt_00010.jpg,ORIGINAL,none_authentic,KAGGLE_CASIA_2_0,Au_txt_00010.jpg,jpg
C:\Users\kongeshwaran\AI GOVERNMENT SCHEME LEAKAGE DETECTOR\dataset\casia\CASIA2\Tp\Tp_D_CRN_S_N_sec00054_sec00055_11235.jpg,TAMPERED,splicing_or_copymove,KAGGLE_CASIA_2_0,Tp_D_CRN_S_N_sec00054_sec00055_11235.jpg,jpg
C:\Users\kongeshwaran\AI GOVERNMENT SCHEME LEAKAGE DETECTOR\dataset\casia\CASIA2\Au\Au_art_30123.jpg,ORIGINAL,none_authentic,KAGGLE_CASIA_2_0,Au_art_30123.jpg,jpg
C:\Users\kongeshwaran\AI GOVERNMENT SCHEME LEAKAGE DETECTOR\dataset\casia\CASIA2\Au\Au_nat_30109.jpg,ORIGINAL,none_authentic,KAGGLE_CASIA_2_0,Au_nat_30109.jpg,jpg
C:\Users\kongeshwaran\AI GOVERNMENT SCHEME LEAKAGE DETECTOR\dataset\casia\CASIA2\Au\Au_ind_00028.jpg,ORIGINAL,none_authentic,KAGGLE_CASIA_2_0,Au_ind_00028.jpg,jpg
C:\Users\kongeshwaran\AI GOVERNMENT SCHEME LEAKAGE DETECTOR\dataset\casia\CASIA2\Au\Au_pla_30686.jpg,ORIGINAL,none_authentic,KAGGLE_CASIA_2_0,Au_pla_30686.jpg,jpg
C:\Users\kongeshwaran\AI GOVERNMENT SCHEME LEAKAGE DETECTOR\dataset\casia\CASIA2\Tp\Tp_D_NRN_S_N_cha00084_ani00081_00404.tif,TAMPERED,splicing_or_copymove,KAGGLE_CASIA_2_0,Tp_D_NRN_S_N_cha00084_ani00081_00404.tif,tif
C:\Users\kongeshwaran\AI GOVERNMENT SCHEME LEAKAGE DETECTOR\dataset\casia\CASIA2\Tp\Tp_D_NRD_M_B_arc20061_arc20061_02481.tif,TAMPERED,splicing_or_copymove,KAGGLE_CASIA_2_0,Tp_D_NRD_M_B_arc20061_arc20061_02481.tif,tif
C:\Users\kongeshwaran\AI GOVERNMENT SCHEME LEAKAGE DETECTOR\dataset\casia\CASIA2\Au\Au_arc_30515.jpg,ORIGINAL,none_authentic,KAGGLE_CASIA_2_0,Au_arc_30515.jpg,jpg
C:\Users\kongeshwaran\AI GOVERNMENT SCHEME LEAKAGE DETECTOR\dataset\casia\CASIA2\Au\Au_sec_30582.jpg,ORIGINAL,none_authentic,KAGGLE_CASIA_2_0,Au_sec_30582.jpg,jpg
C:\Users\kongeshwaran\AI GOVERNMENT SCHEME LEAKAGE DETECTOR\dataset\casia\CASIA2\Au\Au_arc_30550.jpg,ORIGINAL,none_authentic,KAGGLE_CASIA_2_0,Au_arc_30550.jpg,jpg
C:\Users\kongeshwaran\AI GOVERNMENT SCHEME LEAKAGE DETECTOR\dataset\casia\CASIA2\Au\Au_ani_30078.jpg,ORIGINAL,none_authentic,KAGGLE_CASIA_2_0,Au_ani_30078.jpg,jpg
C:\Users\kongeshwaran\AI GOVERNMENT SCHEME LEAKAGE DETECTOR\dataset\casia\CASIA2\Tp\Tp_S_NNN_S_N_nat20063_nat20063_01567.tif,TAMPERED,splicing_or_copymove,KAGGLE_CASIA_2_0,Tp_S_NNN_S_N_nat20063_nat20063_01567.tif,tif
C:\Users\kongeshwaran\AI GOVERNMENT SCHEME LEAKAGE DETECTOR\dataset\casia\CASIA2\Au\Au_ani_10169.jpg,ORIGINAL,none_authentic,KAGGLE_CASIA_2_0,Au_ani_10169.jpg,jpg
C:\Users\kongeshwaran\AI GOVERNMENT SCHEME LEAKAGE DETECTOR\dataset\casia\CASIA2\Au\Au_cha_30639.jpg,ORIGINAL,none_authentic,KAGGLE_CASIA_2_0,Au_cha_30639.jpg,jpg
C:\Users\kongeshwaran\AI GOVERNMENT SCHEME LEAKAGE DETECTOR\dataset\casia\CASIA2\Tp\Tp_S_NNN_S_N_arc00022_arc00022_01120.tif,TAMPERED,splicing_or_copymove,KAGGLE_CASIA_2_0,Tp_S_NNN_S_N_arc00022_arc00022_01120.tif,tif
C:\Users\kongeshwaran\AI GOVERNMENT SCHEME LEAKAGE DETECTOR\dataset\casia\CASIA2\Tp\Tp_S_NND_S_N_ind00035_ind00035_01326.tif,TAMPERED,splicing_or_copymove,KAGGLE_CASIA_2_0,Tp_S_NND_S_N_ind00035_ind00035_01326.tif,tif
C:\Users\kongeshwaran\AI GOVERNMENT SCHEME LEAKAGE DETECTOR\dataset\casia\CASIA2\Au\Au_nat_10127.JPG,ORIGINAL,none_authentic,KAGGLE_CASIA_2_0,Au_nat_10127.JPG,jpg
C:\Users\kongeshwaran\AI GOVERNMENT SCHEME LEAKAGE DETECTOR\dataset\casia\CASIA2\Au\Au_cha_30551.jpg,ORIGINAL,none_authentic,KAGGLE_CASIA_2_0,Au_cha_30551.jpg,jpg
C:\Users\kongeshwaran\AI GOVERNMENT SCHEME LEAKAGE DETECTOR\dataset\casia\CASIA2\Au\Au_pla_30005.jpg,ORIGINAL,none_authentic,KAGGLE_CASIA_2_0,Au_pla_30005.jpg,jpg
C:\Users\kongeshwaran\AI GOVERNMENT SCHEME LEAKAGE DETECTOR\dataset\casia\CASIA2\Tp\Tp_D_NRN_S_B_nat20017_nat20016_01521.tif,TAMPERED,splicing_or_copymove,KAGGLE_CASIA_2_0,Tp_D_NRN_S_B_nat20017_nat20016_01521.tif,tif
C:\Users\kongeshwaran\AI GOVERNMENT SCHEME LEAKAGE DETECTOR\dataset\casia\CASIA2\Tp\Tp_D_CRN_M_N_txt00002_txt00032_10300.tif,TAMPERED,splicing_or_copymove,KAGGLE_CASIA_2_0,Tp_D_CRN_M_N_txt00002_txt00032_10300.tif,tif
C:\Users\kongeshwaran\AI GOVERNMENT SCHEME LEAKAGE DETECTOR\dataset\casia\CASIA2\Au\Au_ind_20007.jpg,ORIGINAL,none_authentic,KAGGLE_CASIA_2_0,Au_ind_20007.jpg,jpg
C:\Users\kongeshwaran\AI GOVERNMENT SCHEME LEAKAGE DETECTOR\dataset\casia\CASIA2\Tp\Tp_D_CNN_M_N_txt00049_txt00050_10374.tif,TAMPERED,splicing_or_copymove,KAGGLE_CASIA_2_0,Tp_D_CNN_M_N_txt00049_txt00050_10374.tif,tif
C:\Users\kongeshwaran\AI GOVERNMENT SCHEME LEAKAGE DETECTOR\dataset\casia\CASIA2\Tp\Tp_S_CRD_S_N_art00048_art00048_01021.tif,TAMPERED,splicing_or_copymove,KAGGLE_CASIA_2_0,Tp_S_CRD_S_N_art00048_art00048_01021.tif,tif
C:\Users\kongeshwaran\AI GOVERNMENT SCHEME LEAKAGE DETECTOR\dataset\casia\CASIA2\Tp\Tp_D_NRN_M_N_nat10126_cha10110_11535.jpg,TAMPERED,splicing_or_copymove,KAGGLE_CASIA_2_0,Tp_D_NRN_M_N_nat10126_cha10110_11535.jpg,jpg
C:\Users\kongeshwaran\AI GOVERNMENT SCHEME LEAKAGE DETECTOR\dataset\casia\CASIA2\Tp\Tp_D_NNN_S_B_nat00027_nat00030_11094.jpg,TAMPERED,splicing_or_copymove,KAGGLE_CASIA_2_0,Tp_D_NNN_S_B_nat00027_nat00030_11094.jpg,jpg
C:\Users\kongeshwaran\AI GOVERNMENT SCHEME LEAKAGE DETECTOR\dataset\casia\CASIA2\Tp\Tp_D_NRD_L_B_arc20050_arc20001_02477.tif,TAMPERED,splicing_or_copymove,KAGGLE_CASIA_2_0,Tp_D_NRD_L_B_arc20050_arc20001_02477.tif,tif
C:\Users\kongeshwaran\AI GOVERNMENT SCHEME LEAKAGE DETECTOR\dataset\casia\CASIA2\Tp\Tp_S_NND_S_N_ani20029_ani20029_02072.tif,TAMPERED,splicing_or_copymove,KAGGLE_CASIA_2_0,Tp_S_NND_S_N_ani20029_ani20029_02072.tif,tif
C:\Users\kongeshwaran\AI GOVERNMENT SCHEME LEAKAGE DETECTOR\dataset\casia\CASIA2\Tp\Tp_S_NRD_S_O_art00052_art00052_00927.tif,TAMPERED,splicing_or_copymove,KAGGLE_CASIA_2_0,Tp_S_NRD_S_O_art00052_art00052_00927.tif,tif
C:\Users\kongeshwaran\AI GOVERNMENT SCHEME LEAKAGE DETECTOR\dataset\casia\CASIA2\Tp\Tp_S_NNN_S_N_art00095_art00095_10438.tif,TAMPERED,splicing_or_copymove,KAGGLE_CASIA_2_0,Tp_S_NNN_S_N_art00095_art00095_10438.tif,tif
C:\Users\kongeshwaran\AI GOVERNMENT SCHEME LEAKAGE DETECTOR\dataset\casia\CASIA2\Tp\Tp_S_NNN_S_N_ind00064_ind00064_00910.tif,TAMPERED,splicing_or_copymove,KAGGLE_CASIA_2_0,Tp_S_NNN_S_N_ind00064_ind00064_00910.tif,tif
C:\Users\kongeshwaran\AI GOVERNMENT SCHEME LEAKAGE DETECTOR\dataset\casia\CASIA2\Au\Au_sec_30569.jpg,ORIGINAL,none_authentic,KAGGLE_CASIA_2_0,Au_sec_30569.jpg,jpg
C:\Users\kongeshwaran\AI GOVERNMENT SCHEME LEAKAGE DETECTOR\dataset\casia\CASIA2\Tp\Tp_D_NNN_S_N_arc00066_cha00096_00416.tif,TAMPERED,splicing_or_copymove,KAGGLE_CASIA_2_0,Tp_D_NNN_S_N_arc00066_cha00096_00416.tif,tif
C:\Users\kongeshwaran\AI GOVERNMENT SCHEME LEAKAGE DETECTOR\dataset\casia\CASIA2\Au\Au_ani_30161.jpg,ORIGINAL,none_authentic,KAGGLE_CASIA_2_0,Au_ani_30161.jpg,jpg
C:\Users\kongeshwaran\AI GOVERNMENT SCHEME LEAKAGE DETECTOR\dataset\casia\CASIA2\Au\Au_arc_30027.jpg,ORIGINAL,none_authentic,KAGGLE_CASIA_2_0,Au_arc_30027.jpg,jpg
C:\Users\kongeshwaran\AI GOVERNMENT SCHEME LEAKAGE DETECTOR\dataset\casia\CASIA2\Tp\Tp_S_CRN_M_N_arc10111_arc10111_10732.jpg,TAMPERED,splicing_or_copymove,KAGGLE_CASIA_2_0,Tp_S_CRN_M_N_arc10111_arc10111_10732.jpg,jpg
C:\Users\kongeshwaran\AI GOVERNMENT SCHEME LEAKAGE DETECTOR\dataset\casia\CASIA2\Au\Au_ani_30462.jpg,ORIGINAL,none_authentic,KAGGLE_CASIA_2_0,Au_ani_30462.jpg,jpg
C:\Users\kongeshwaran\AI GOVERNMENT SCHEME LEAKAGE DETECTOR\dataset\casia\CASIA2\Tp\Tp_S_NNN_S_N_art00021_art00021_00922.tif,TAMPERED,splicing_or_copymove,KAGGLE_CASIA_2_0,Tp_S_NNN_S_N_art00021_art00021_00922.tif,tif
C:\Users\kongeshwaran\AI GOVERNMENT SCHEME LEAKAGE DETECTOR\dataset\casia\CASIA2\Tp\Tp_D_NRN_M_B_sec00002_nat10123_11396.jpg,TAMPERED,splicing_or_copymove,KAGGLE_CASIA_2_0,Tp_D_NRN_M_B_sec00002_nat10123_11396.jpg,jpg
C:\Users\kongeshwaran\AI GOVERNMENT SCHEME LEAKAGE DETECTOR\dataset\casia\CASIA2\Au\Au_cha_30492.jpg,ORIGINAL,none_authentic,KAGGLE_CASIA_2_0,Au_cha_30492.jpg,jpg
C:\Users\kongeshwaran\AI GOVERNMENT SCHEME LEAKAGE DETECTOR\dataset\casia\CASIA2\Au\Au_pla_30732.jpg,ORIGINAL,none_authentic,KAGGLE_CASIA_2_0,Au_pla_30732.jpg,jpg
C:\Users\kongeshwaran\AI GOVERNMENT SCHEME LEAKAGE DETECTOR\dataset\casia\CASIA2\Tp\Tp_D_NRN_M_B_arc00094_nat00097_11203.jpg,TAMPERED,splicing_or_copymove,KAGGLE_CASIA_2_0,Tp_D_NRN_M_B_arc00094_nat00097_11203.jpg,jpg
C:\Users\kongeshwaran\AI GOVERNMENT SCHEME LEAKAGE DETECTOR\dataset\casia\CASIA2\Au\Au_pla_30327.jpg,ORIGINAL,none_authentic,KAGGLE_CASIA_2_0,Au_pla_30327.jpg,jpg
C:\Users\kongeshwaran\AI GOVERNMENT SCHEME LEAKAGE DETECTOR\dataset\casia\CASIA2\Au\Au_arc_30681.jpg,ORIGINAL,none_authentic,KAGGLE_CASIA_2_0,Au_arc_30681.jpg,jpg
C:\Users\kongeshwaran\AI GOVERNMENT SCHEME LEAKAGE DETECTOR\dataset\casia\CASIA2\Au\Au_nat_00008.jpg,ORIGINAL,none_authentic,KAGGLE_CASIA_2_0,Au_nat_00008.jpg,jpg
C:\Users\kongeshwaran\AI GOVERNMENT SCHEME LEAKAGE DETECTOR\dataset\casia\CASIA2\Au\Au_pla_30627.jpg,ORIGINAL,none_authentic,KAGGLE_CASIA_2_0,Au_pla_30627.jpg,jpg
C:\Users\kongeshwaran\AI GOVERNMENT SCHEME LEAKAGE DETECTOR\dataset\casia\CASIA2\Tp\Tp_S_CRN_S_N_art20075_art20075_01881.tif,TAMPERED,splicing_or_copymove,KAGGLE_CASIA_2_0,Tp_S_CRN_S_N_art20075_art20075_01881.tif,tif
C:\Users\kongeshwaran\AI GOVERNMENT SCHEME LEAKAGE DETECTOR\dataset\casia\CASIA2\Tp\Tp_S_NNN_S_N_ind00017_ind00017_01315.tif,TAMPERED,splicing_or_copymove,KAGGLE_CASIA_2_0,Tp_S_NNN_S_N_ind00017_ind00017_01315.tif,tif
C:\Users\kongeshwaran\AI GOVERNMENT SCHEME LEAKAGE DETECTOR\dataset\casia\CASIA2\Tp\Tp_S_NRN_S_N_sec00065_sec00065_11280.jpg,TAMPERED,splicing_or_copymove,KAGGLE_CASIA_2_0,Tp_S_NRN_S_N_sec00065_sec00065_11280.jpg,jpg
C:\Users\kongeshwaran\AI GOVERNMENT SCHEME LEAKAGE DETECTOR\dataset\casia\CASIA2\Au\Au_cha_30219.jpg,ORIGINAL,none_authentic,KAGGLE_CASIA_2_0,Au_cha_30219.jpg,jpg
C:\Users\kongeshwaran\AI GOVERNMENT SCHEME LEAKAGE DETECTOR\dataset\casia\CASIA2\Tp\Tp_S_NNN_S_N_sec00035_sec00035_11249.jpg,TAMPERED,splicing_or_copymove,KAGGLE_CASIA_2_0,Tp_S_NNN_S_N_sec00035_sec00035_11249.jpg,jpg
C:\Users\kongeshwaran\AI GOVERNMENT SCHEME LEAKAGE DETECTOR\dataset\casia\CASIA2\Tp\Tp_S_NNN_S_B_arc00098_arc00098_01032.tif,TAMPERED,splicing_or_copymove,KAGGLE_CASIA_2_0,Tp_S_NNN_S_B_arc00098_arc00098_01032.tif,tif
C:\Users\kongeshwaran\AI GOVERNMENT SCHEME LEAKAGE DETECTOR\dataset\casia\CASIA2\Tp\Tp_D_NRN_M_N_ani10144_nat10156_12472.jpg,TAMPERED,splicing_or_copymove,KAGGLE_CASIA_2_0,Tp_D_NRN_M_N_ani10144_nat10156_12472.jpg,jpg
C:\Users\kongeshwaran\AI GOVERNMENT SCHEME LEAKAGE DETECTOR\dataset\casia\CASIA2\Au\Au_art_30566.jpg,ORIGINAL,none_authentic,KAGGLE_CASIA_2_0,Au_art_30566.jpg,jpg
C:\Users\kongeshwaran\AI GOVERNMENT SCHEME LEAKAGE DETECTOR\dataset\casia\CASIA2\Tp\Tp_S_NRN_S_B_art00084_art00084_00929.tif,TAMPERED,splicing_or_copymove,KAGGLE_CASIA_2_0,Tp_S_NRN_S_B_art00084_art00084_00929.tif,tif
C:\Users\kongeshwaran\AI GOVERNMENT SCHEME LEAKAGE DETECTOR\dataset\casia\CASIA2\Au\Au_ani_30733.jpg,ORIGINAL,none_authentic,KAGGLE_CASIA_2_0,Au_ani_30733.jpg,jpg
